,baseMean,log2FoldChange,lfcSE,stat,pvalue,padj
CD163,14.834387056003385,5.220060122463677,0.953666968984207,5.473671933949641,4.408047891302006e-08,7.590658468822054e-05
FKBP5,46.571974167320924,2.8510120517635276,0.5480676546125708,5.201934519888623,1.972247195688424e-07,0.00016981048354877332
DPYD,52.02463781307665,2.499247599621601,0.4943363469174262,5.055763378934939,4.286725689977626e-07,0.0002460580546047157
DPP10,21.418381367761018,-2.996891290451958,0.677096471329645,-4.426092022849899,9.595560250685077e-06,0.004130888687919925
RP11-480C22.1,12.54253817429455,-4.096709235171279,0.9641966444141647,-4.248831666138388,2.1488831409522495e-05,0.006167294614532956
SLC11A1,16.60412779506284,3.007686432505385,0.701744963928283,4.2860107120238125,1.8191021980275282e-05,0.006167294614532956
CX3CR1,23.835925552360347,-2.4161697669817137,0.6045153298873309,-3.9968709601327026,6.418526571418906e-05,0.012280780839981508
SPP1,153.67629509956114,1.8240919256985315,0.4551772804573539,4.007431838130666,6.13825685671454e-05,0.012280780839981508
LINGO1,115.77636518446927,2.5352673387348537,0.626907488552862,4.0440852678075405,5.252780114442618e-05,0.012280780839981508
MT-ATP6,19.1905456830028,2.6867232960257628,0.6856760625525011,3.9183565575034853,8.915475945089718e-05,0.015352449577444494
CCL3,9.944472688994885,-4.706946430388097,1.2138278375579692,-3.8777710353535255,0.00010541785742150013,0.016502686407256655
MT-CYB,19.73208469732204,2.516705680569264,0.6557237352948109,3.8380579276084354,0.00012401123090619988,0.017795611635039683
CD83,11.465927044610176,-4.197821586514189,1.107149884562868,-3.791556721492682,0.00014970594675709864,0.01983028002428645
HSP90B1,14.757191027046114,2.4904445279905425,0.6693993905051904,3.72041648575602,0.00019889450625951662,0.024319443302289613
LSAMP,22.98143034448283,-2.102823164366385,0.5676463976863049,-3.7044596300397132,0.00021184184061227886,0.024319443302289613
MCF2L2,24.331199121763674,-2.3889818205631803,0.6486999419699372,-3.6827224206440476,0.0002307563816279146,0.02483515557270431
CD163L1,7.698388227609914,3.3001492774951227,0.9055843018527905,3.6442209419301386,0.0002682029549253757,0.02716738166949982
SRGN,50.80755061269948,-2.601624354138212,0.7194903516861559,-3.61592667370896,0.0002992750887994095,0.027832170947132685
OLR1,33.77974179866053,-2.338689920943929,0.6479723400258385,-3.6092434452536537,0.0003070913170705697,0.027832170947132685
ACSL1,14.307461991676353,2.4072235528969923,0.6705211010116224,3.5900787451210525,0.00033057807949886977,0.028462772644852686
LPAR6,56.792659098995415,-1.6285664162222588,0.45698969187423993,-3.563683044015855,0.0003656874819931145,0.02998637352343539
FMN1,28.652239949407107,1.7169256136781945,0.4921902032699286,3.488337643194805,0.0004860338959939305,0.03804319858643401
SNX6,17.146078731241587,2.4734598727179686,0.7218001205484089,3.4267933771453025,0.0006107536104367209,0.045726857268349276
MT-ND4,38.56976886480226,2.1524866893811048,0.6321604304866498,3.4049690325034687,0.0006617155720574846,0.04747809229512452
LINC00486,588.5636742386745,1.5351290224860594,0.45476260241651745,3.37567120587465,0.0007363586125790378,0.049491855840772335
BOK,8.103646159705866,3.5526745407765867,1.0536983054476607,3.3716240430577926,0.000747263793182393,0.049491855840772335
NAV2,16.86782711261812,-2.205633887341887,0.6563641237524108,-3.360381543604722,0.0007783490023286976,0.04964136970407471
NTM,15.310529288131887,-2.1132358447688033,0.6325166916976747,-3.3409961705467075,0.0008347837443234273,0.05133920027589078
CALR,9.768693546763293,2.5639208870489436,0.7804523692632178,3.2851727895571647,0.0010191984725056087,0.060519302401884766
PPP2R2B,19.39617238507389,-2.0910354301286054,0.6408874574934889,-3.2627186032110003,0.0011034903023290558,0.06334034335368781
NKAIN3,6.980996608484507,-3.4016556259348976,1.0611900424864043,-3.205510313651929,0.0013482321500322663,0.07208759502518478
DUSP1,15.758321690635013,-2.5662975434933415,0.7988339910172946,-3.2125542632771893,0.0013156029343539947,0.07208759502518478
P2RY12,33.56967762442935,-1.839246456487294,0.5750349752148898,-3.1984949364166417,0.0013814695910749695,0.07208759502518478
MT-ND2,18.81356406591834,2.2257882751170714,0.7008166165842077,3.17599243860056,0.0014932484336729487,0.07562864125837698
HSPA5,11.481136065755848,2.7670445290830568,0.8790366959144389,3.1478145815113816,0.0016449599989363478,0.08093203194766832
MT-CO3,34.03643116252903,1.9084031817814073,0.611598158375955,3.120354689832624,0.0018063339410501918,0.08640297351356752
F13A1,8.70956215208574,2.6183966513690913,0.8490867864167445,3.083779765810586,0.0020438883758250224,0.09512366981542401
P2RY13,7.667030730812257,-2.7254315299399567,0.8947046992160864,-3.0461799656667705,0.002317690658566645,0.09740928131175096
MT-ND3,16.45539815578688,2.433232067554799,0.7988351185614582,3.045975334605422,0.002319268602660737,0.09740928131175096
DLC1,7.303224960257314,-2.775700133523722,0.9104945469769106,-3.048563160251537,0.002299385717699778,0.09740928131175096
LINC01268,8.046404576570474,-2.735176268158011,0.8939126853413129,-3.059780125073031,0.002214995396087872,0.09740928131175096
ZNF331,8.179313042385361,-3.0223409079840624,0.995715947379332,-3.035344483473115,0.002402610939953283,0.0985070485380846
ZBTB16,11.116746882574892,2.4729687228638775,0.8197045362946012,3.016902570824733,0.002553718765014918,0.10226752821757415
MT-ND1,13.199427214103089,2.249299011663577,0.7527724632677084,2.988019782099361,0.0028079137926168046,0.1028771819337476
TLR2,12.586707598392985,1.8770854580090168,0.628189307892363,2.988088836320413,0.002807279429418191,0.1028771819337476
RPS28,23.476279562172266,1.8467340897198845,0.6142591834434978,3.0064411562676376,0.002643252072236413,0.1028771819337476
MT-CO2,32.6871560170402,1.8713547912349966,0.6254549655863191,2.9919896622464828,0.0027716564858988866,0.1028771819337476
NRXN1,11.486764080910788,-2.355967703892756,0.7997103772621683,-2.946026175074131,0.0032188516007302685,0.11547630117619838
RP11-556E13.1,44.99419744894046,1.4751914889291489,0.5022534324378325,2.9371456592519034,0.0033124847858818163,0.11641017961813241
BTG2,8.785530300091564,-2.5784508611764547,0.8836874230573422,-2.9178313438655104,0.0035247493998684532,0.11954629997725486
NRG3,11.670956263434734,-2.0493602066701904,0.7026937049336794,-2.9164345607217443,0.003540569859953541,0.11954629997725486
SPARCL1,7.729564206916247,-2.447995391064855,0.8519415688181418,-2.873431090421897,0.004060396462136068,0.12948153162589462
PCDH9,57.823748365964484,-1.2692313775603583,0.44008629414643063,-2.884051138248002,0.003925949943555098,0.12948153162589462
STAB1,11.356814307907229,2.6314876541659418,0.9157632150101767,2.873545924354145,0.004058920621769528,0.12948153162589462
PLEKHA6,11.440687341267903,2.139194049168236,0.7534967594904664,2.8390222283302364,0.004525200449807591,0.13708363047805155
GPM6A,18.07157799546951,-1.6950630580328596,0.5972426252267982,-2.838148160287744,0.004537611461817037,0.13708363047805155
FCGBP,17.36886617122869,2.3005272070113016,0.8078489186619038,2.847719609282667,0.004403370148239253,0.13708363047805155
GLDN,21.740745706362166,1.6972416858928856,0.5993720415767607,2.8316997927163445,0.004630129732947361,0.13746695517474752
ADGRV1,7.017311921308469,-2.9847359070587323,1.0618932836188748,-2.8107682317067813,0.0049423373502213,0.1395650774922929
SAT1,62.176642871459215,-1.2061295991071097,0.4291262566609235,-2.8106637158306995,0.004943942930911653,0.1395650774922929
HAMP,13.101696761255821,2.159647506687436,0.7672149403400912,2.814918470865684,0.004878960985937621,0.1395650774922929
MIR99AHG,28.167938631295375,-1.6888200497120731,0.6023652195287829,-2.803648011140484,0.005052803423569929,0.14033754024818415
NEAT1,133.08360711539297,1.2545387785446345,0.45226012815625927,2.7739318600979606,0.005538327713734044,0.15138095750873054
VSIG4,20.60256564156401,1.8196372990339236,0.6717066375487368,2.7089762067475425,0.006749117962472539,0.17879970971350326
HSP90AB1,18.579213236561326,1.8083189460918083,0.6663598405638762,2.713727382733032,0.006653089197073241,0.17879970971350326
SNHG25,8.40094432196796,1.8999829000022865,0.7134673035462469,2.6630272901905028,0.007744113331011227,0.2020509569091111
AIF1,12.05337699968647,-1.7479104001906842,0.6598592513093839,-2.6489139869180267,0.008075088052364857,0.2075418153160042
GPC5,11.083928689592653,-2.0205167311474144,0.776632798452165,-2.601637138135705,0.009277996193170773,0.23109458788108753
MGAT1,7.714726450944682,1.9310436971054712,0.746245391851599,2.5876792248111937,0.009662491479348606,0.23109458788108753
CTA-29F11.1,8.295597358896611,-2.276465181974444,0.87920826888834,-2.589221760678819,0.009619312480287485,0.23109458788108753
SEPW1,10.484484094152487,2.064401328759134,0.7937348092554027,2.6008703469811723,0.009298758989508698,0.23109458788108753
RP11-707A18.1,19.94134537733097,-1.508249119179524,0.582229297730457,-2.5904727313769906,0.00958442145196311,0.23109458788108753
GAS6,9.130540257501167,1.9873582198276518,0.7821343067091356,2.5409423966959697,0.011055413198867279,0.2607865962801295
GPR183,11.887784659703748,-1.9854005632163338,0.7843757589387933,-2.531185519938103,0.011367770464656165,0.2645310910829448
CANX,9.295081551985884,1.8092361186707075,0.7180215909456071,2.519751691990226,0.011743764660365698,0.26963683660199644
ADGRB3,23.548178210109153,-1.3647947783832564,0.5469768394118868,-2.4951600873095336,0.01259003151411196,0.2824901100220924
ITM2B,36.42107712344379,-1.1652697032853983,0.467231427485469,-2.49398827805015,0.012631671586353725,0.2824901100220924
GFAP,15.416423827077013,2.0169567912052786,0.8108563023420656,2.487440481598934,0.012866598094648409,0.28405489639723797
CD86,21.910707453151772,-1.7421189286218348,0.7035246591435662,-2.4762727304293763,0.01327621194898171,0.2893878098246393
PTPRG,11.506552983697496,2.3248808282599764,0.9419257358251707,2.4682209433669127,0.013578647919142964,0.2922803964595523
HIST1H2AC,13.229901922596786,-1.654501548411512,0.6781126455169595,-2.4398624024334508,0.014692857114450966,0.312359258655365
CBWD5,12.890123191161488,1.4820217030182345,0.6105752005982878,2.427254990975784,0.01521355885942056,0.3170955819689355
ITPR2,96.93945756678109,-1.2478618255322274,0.5144590828822583,-2.4255803173715553,0.015283933393392362,0.3170955819689355
CRYAB,36.36900749496385,1.7236915204636878,0.7148601793614171,2.4112288951434633,0.01589886691279693,0.325926771712337
MEF2C,139.23923092779313,-1.1158782620798404,0.4643082472258822,-2.4033134641629026,0.01624725370021843,0.32915024555030753
SFMBT2,87.58417078520999,-1.0634071895296078,0.44831024004245595,-2.3720341284841067,0.017690456588016486,0.3537702970268362
NPAS3,25.724885209431548,-1.3040184912432906,0.5506299613312423,-2.3682301778323187,0.017873412219125872,0.3537702970268362
NOP58,7.697927360789683,2.3470714946687505,0.9957057461823285,2.357193883501971,0.018413630044121554,0.3603212606361058
APOC1,17.613884590008876,1.543105947063237,0.6568291300287179,2.3493262958598824,0.018807417217676297,0.3638918252678493
ZBTB20,46.178529082518956,-1.1221953549943993,0.47861949997874764,-2.344650301636746,0.019044932698689208,0.36439304563492014
GOLPH3,7.598139151131462,1.716340895090224,0.7369545629415504,2.3289643370134763,0.019860955071296225,0.3727593767883758
USP39,25.374236738698148,-1.492151747087889,0.6424477454229138,-2.3226040681419584,0.020200431980887442,0.3727593767883758
RTTN,18.996458164853113,-1.510593895881908,0.6511553856138195,-2.3198670075621486,0.02034807283281494,0.3727593767883758
CTNNA2,12.310501296665484,-1.648505419764231,0.7095757953019427,-2.32322668089707,0.02016697817547123,0.3727593767883758
ARHGAP21,20.503678287356575,-1.2236626761698848,0.5287765923588925,-2.3141392676084225,0.02066008405558529,0.3744912078286091
CPE,6.79843273161038,-2.077471183999685,0.9004556018516326,-2.30713338861763,0.02104738511893458,0.377537470570889
SLC1A2,16.060449820203925,-1.7561747056865589,0.7641220303134558,-2.298290895979201,0.021545238265808557,0.3824835081827045
IL1RAPL1,31.478178018323685,-1.203143849522576,0.5260960582736892,-2.28692808205126,0.022200021195395468,0.39008608671909184
TMSB4X,147.206526277846,-0.9515500604733197,0.41995101044442523,-2.2658596760281977,0.02345997620864771,0.3960595983459937
LRP1B,15.656723218217628,-1.4194295904344407,0.623985264539927,-2.2747806255985963,0.022919093038762477,0.3960595983459937
HPGDS,7.278848063852379,-2.002444699101984,0.8831123954933406,-2.2674856669669334,0.023360573504233484,0.3960595983459937
RPS5,8.824356192613097,1.6249780852397913,0.7158966604847218,2.269850070455065,0.023216681404937878,0.3960595983459937
MAMDC2,8.032339150440741,-1.748347906895636,0.7809097887279767,-2.2388602782704496,0.02516500872555551,0.4207198546155979
MIR646HG,13.369225583375632,-1.6091303561517056,0.7212000477486012,-2.2311844836602432,0.025668911344552462,0.4250179359165321
ST6GAL1,92.4763560837818,-1.089428162057538,0.49233900167873823,-2.212760228913193,0.02691418056230218,0.4372284804555127
RASSF4,10.714399548919522,1.5939855100531104,0.7197791657758021,2.2145479972806092,0.026791104777842304,0.4372284804555127
RPL7,13.170677027154747,-1.3998607412669541,0.6358045326306708,-2.2017155736134266,0.027685405945806013,0.44555391624932666
TNIK,8.203840246113154,-1.6523995724802971,0.7564134673378479,-2.184518975178772,0.028924134505439614,0.4611792557256205
PRDM11,8.808364193536361,-1.9083540549035616,0.878551641791438,-2.172159226761301,0.0298436549169968,0.4671888524278953
AC004448.5,8.881637583617541,1.6270634836506463,0.7485422457538599,2.173642827616261,0.02973196940717779,0.4671888524278953
RPL23A,16.656255376148646,-1.3705373479967238,0.6340418887985,-2.161588015255383,0.03064994606144696,0.4754883524127177
MNDA,11.956826997101368,-1.5063510734844514,0.7053819521339422,-2.1355112204492817,0.03271927465310755,0.4942332539706245
RPL36,15.683602048494459,1.3460553395823152,0.6298221218899651,2.1371992072032704,0.03258179250199108,0.4942332539706245
DLG2,25.860893942284843,-1.1836652180530416,0.554080113984927,-2.1362708896736216,0.032657340204768626,0.4942332539706245
RPS6,23.143945459834185,-1.1875128161809476,0.560476889847931,-2.118754292443966,0.03411123738393649,0.5036181096042436
LRRK2,7.997328200222024,1.4926621723421774,0.7049192420197261,2.1174938679009805,0.034217955182169864,0.5036181096042436
RORA,13.946702902648012,-1.3960414591040986,0.6573235678543937,-2.1238268751887217,0.033684622833591055,0.5036181096042436
PRKCA,23.52294485754544,-1.1983131266822917,0.5672753839827859,-2.112401067483398,0.03465206352620009,0.5056851982382758
RSRP1,16.072031629052432,-1.2802103569952514,0.6094094834492912,-2.1007391446375108,0.03566387108974742,0.516077193416345
PTPN2,9.984342648218977,1.4108800109931199,0.6806590601315332,2.0728145611115143,0.03818954077483078,0.5480199101188217
TBC1D14,10.656937398102377,1.3839884617676799,0.6688242851119872,2.0692855994843944,0.038519294169632234,0.5481836740504686
STARD13,16.284946062405936,1.148925479966002,0.5613593294628301,2.0466845737923687,0.040689064849953084,0.5696469078993431
NDRG1,7.874116638508608,1.9723949392799562,0.9632846647344709,2.047572240572984,0.04060193166410527,0.5696469078993431
TAL1,10.09615669211047,-1.420965968358558,0.6969868462122549,-2.038727095182264,0.04147727199206701,0.5759988900833821
ZNRF2,10.632895178452394,-1.354409552615901,0.6667767539384013,-2.0312789019951722,0.042226710344703496,0.5817151617086354
PRKD3,12.482229065539167,1.2733033643556566,0.6290922177876742,2.024032929279394,0.042966763713758245,0.5872124374213626
FOS,17.44805153043776,-1.4350111253913191,0.710817324994244,-2.0188184431252285,0.04350609341348277,0.5899015185670656
CADM1,10.786724089236728,-1.4398833063623717,0.7168096862617128,-2.0087386288982976,0.044564859772645536,0.5948890583604312
ATF7IP,11.228957751434416,-1.303198959660765,0.648722004400096,-2.008871212663574,0.04455079357370504,0.5948890583604312
DPP7,6.903324089967859,1.492545454859857,0.7448345321432281,2.003861784663936,0.04508486819164384,0.5972011002000822
BCOR,8.426989931578257,1.8560186021069254,0.9345984625068647,1.9858994815041147,0.04704448632571984,0.6026713471415815
CADM2,38.68636166042353,-1.1180427806425726,0.5646214915604258,-1.9801633436812234,0.0476851773284181,0.6026713471415815
MYO1E,11.81290575301962,1.3239062636824326,0.668302060809027,1.9809998222656238,0.04759129351898714,0.6026713471415815
MAGI2,23.34932867946351,-1.1350045375246274,0.5746949848367948,-1.9749685789357507,0.04827171387094941,0.6026713471415815
RPLP0,12.544214683774555,1.1955491704699674,0.6003198826056121,1.9915201963340583,0.04642372712007536,0.6026713471415815
RPL35,22.03337524690528,1.2337488199570208,0.6192571704007634,1.992304455931577,0.046337663098971915,0.6026713471415815
MIR219A2,8.581288547372099,-1.4304693271185653,0.7266385510755021,-1.9686119391839574,0.04899767049931557,0.6026713471415815
CLU,15.275802458480749,-1.3712266625213339,0.6890220309958267,-1.990105687244185,0.04657929444983835,0.6026713471415815
RP11-455P21.3,7.472921270559804,1.4799870425871715,0.7508584737990768,1.9710599190536715,0.04871702256159116,0.6026713471415815
DOCK4,203.28716207212048,-1.040162343126582,0.5279950341232796,-1.9700229659427408,0.04883573854891538,0.6026713471415815
JUNB,10.458048697865921,-1.548939752484957,0.7880756792762027,-1.9654708211622005,0.04935976962590074,0.6028193141546175
MKNK1,19.819581452777008,-1.0890532459260238,0.556947430105835,-1.955396841886988,0.05053624859881636,0.6043293061608457
FAM102B,8.905445334095871,-1.4617570021010526,0.7466330899887864,-1.957798310443228,0.050253683767093896,0.6043293061608457
PLCL2,16.71648255169466,-1.1521768760891695,0.587577242872742,-1.9608943165600252,0.04989135246098335,0.6043293061608457
KHDRBS3,24.00278219736023,-1.017509072715525,0.5213247429316408,-1.9517759064985467,0.05096481598714921,0.6052511250335927
AP000476.1,22.451226116873595,-1.074202020517314,0.5520338887600136,-1.9458986891732353,0.0516669104464942,0.6093864369100207
UST,8.084009395800562,-1.480573760352673,0.7652964797920986,-1.934640756161439,0.05303439503492111,0.617062353041447
HS3ST4,72.86140248388864,-0.9469027141239124,0.48902567307583983,-1.9363047100741138,0.05283039227187046,0.617062353041447
UQCRB,9.89478411643626,-1.3166868835586112,0.6831716784144591,-1.9273147953299932,0.05394041084915413,0.6192359165482895
ATP8B4,45.15459845382893,-0.8916120618234737,0.4619480145936767,-1.930113418947636,0.05359278613452619,0.6192359165482895
ARMC9,28.07715952501515,1.073198122676563,0.5586278615866364,1.9211324684530133,0.054715009213567666,0.6198634596431811
NRIP1,9.657412983200954,-1.359726796295551,0.7076617365865489,-1.921436084497488,0.054676753003044365,0.6198634596431811
CNBP,6.934399364348505,-1.5818351808408853,0.8246630725139447,-1.918159347209205,0.05509080919379355,0.6200416564164215
PHC2,17.72871588730385,1.0635946473051943,0.5564024788132634,1.911556270514301,0.05593313279348622,0.625434121236255
FTH1,105.50829126606787,-0.8520450520745072,0.4469449495372037,-1.9063758365695167,0.05660146142247676,0.6288239778677741
A2M,40.59507519752559,-1.149794671510783,0.6058837806725729,-1.897714888875935,0.05773365016353469,0.6372906768051714
BCL6,6.706682838434655,1.7139219849294502,0.9056944023275061,1.8923844295878542,0.05843977905980403,0.640976430197341
USP53,19.638236352562938,-1.202618453209689,0.6380536258818461,-1.8848234763144944,0.05945367430622564,0.6479697921222819
BST2,7.19770011058754,1.5152346374858667,0.8053276079535064,1.8815133400633957,0.059902122342687346,0.6487512872585385
PADI2,20.921382045128244,-1.3028250915952522,0.6979973042530452,-1.8665188012286917,0.06196881611677023,0.6669393834567395
TUBA1B,17.890908370667944,1.1042470805925233,0.5933357631701227,1.8610829637045,0.06273246164576358,0.6709645897764279
SLC9A9,74.22736762178832,-0.8296527945981329,0.44697675652429747,-1.8561430376146042,0.06343317272603231,0.6725143127676828
MAP3K4,9.208112585587905,1.3723560341052508,0.7408213992741514,1.8524789314264816,0.06395708020644444,0.6725143127676828
ADGRG1,17.33853836758489,1.0679112378189284,0.5766761500515142,1.851838744715786,0.06404898216835074,0.6725143127676828
SRSF5,17.57557398936797,-1.044111456634024,0.5682425609029114,-1.8374397281593597,0.06614500646164506,0.6876217281349427
UBC,25.686117485617473,-1.1752077684800482,0.6399234112018249,-1.8364819100350125,0.0662864151396054,0.6876217281349427
CLTC,9.092499349970627,1.24791346732959,0.6820274732231734,1.8297114358635915,0.0672930999576347,0.693884539682916
RPSA,12.571172317992156,1.232298775944687,0.6775507020076688,1.81875507219346,0.06894880554116976,0.6974211435929198
RPL37A,15.74946012491543,1.1954222556586966,0.6579820347983365,1.8168007520525677,0.0692476276381944,0.6974211435929198
NFIA,20.40342751570836,-0.9523617354347842,0.52260797081923,-1.822325315746487,0.06840563916641133,0.6974211435929198
AIG1,11.544009923234213,-1.2538874847687644,0.6912802999356875,-1.8138626037591674,0.06969888135772338,0.6974211435929198
RPS27,6.781459808764557,1.5647509565677507,0.8633504445181115,1.8124169235137575,0.06992179984866216,0.6974211435929198
PLD1,8.984859806324373,-1.2806359147069637,0.7069544238677147,-1.8114829916484068,0.07006611953633864,0.6974211435929198
DNAJB2,12.121394801402895,1.5647815246184533,0.8655297994635556,1.8078886776495566,0.07062382829761725,0.6989323697040052
SORL1,67.4001590579407,-0.7854718400410434,0.4378863626455472,-1.7937800923863294,0.07284827565276172,0.7006207701742136
PTPN12,7.394580608973203,1.2925041660172438,0.7196798619700828,1.795943216306049,0.07250354837115607,0.7006207701742136
DOCK8,85.95046387246089,-0.8478610530371943,0.4703809576843382,-1.802498675140192,0.07146698295876952,0.7006207701742136
PDE4D,12.981507386539421,-1.1389120729017463,0.6357808472736444,-1.7913595192205451,0.07323562057570178,0.7006207701742136
C1QC,33.02488532419385,0.8842254947496723,0.4923907525134181,1.7957800593047821,0.07252950331417606,0.7006207701742136
GUK1,8.108291537012763,1.411108429688725,0.7860366188559713,1.7952197083928583,0.07261870161371273,0.7006207701742136
SYNDIG1,49.8667948922299,-0.9989962349941874,0.5599383704750668,-1.784118195269619,0.07440446126098861,0.7039806719308922
MAP3K8,7.516265024657694,1.3148342104798394,0.7360265315133597,1.7863951286869793,0.07403530380261007,0.7039806719308922
ARAP1,7.097013406551613,1.4006532450168547,0.7878581778894199,1.7777987007370302,0.07543692196950567,0.7045431994351214
IGF2R,6.8682378943689555,1.3106516493715321,0.7378747120018525,1.7762522933137752,0.0756913425641681,0.7045431994351214
ZFP36L1,51.73176377967914,-0.8963369809955415,0.5033992731988266,-1.7805686831842469,0.07498293963013924,0.7045431994351214
RP11-452H21.1,8.704608399113349,-1.3812881515346511,0.7796453033532622,-1.7716879016569678,0.0764463790542841,0.7077455093090173
MED12L,8.094866589606356,-1.4289977711972743,0.8104757935991072,-1.763159100472916,0.07787365968734007,0.7171039678160407
DNAJB14,7.375665588568112,1.3521443803391902,0.7684233818790552,1.7596346131903737,0.07846977882641297,0.7187497826546975
GAS7,8.550233995608261,1.2448106840599722,0.7096915823856212,1.7540164135462242,0.07942769473182644,0.7236745520010853
ZSWIM6,46.460176862067556,-0.7860427009304686,0.45083013935204697,-1.7435451455401894,0.08123843557873052,0.7362767687714418
SGK1,15.284964992499992,-1.0381624246616903,0.5969934843308268,-1.7389845147562577,0.08203748678108734,0.739625927942578
RNF149,19.44110286727397,1.0266367563099663,0.5918235266496545,1.7347008188772306,0.08279381119546936,0.7425569941593658
CAPZB,18.059623147447727,-1.005680478396203,0.583016946579102,-1.7249592559823739,0.08453481546327571,0.750355423854437
LAT2,12.323278074620395,1.072843961324122,0.6219238771320044,1.725040637242505,0.08452014932574747,0.750355423854437
PRKCE,8.390585407662746,1.3200302877594707,0.7686442654929242,1.7173487750057537,0.08591546516085613,0.7529548595649201
SRGAP2B,71.2354832274625,-0.6884368548200098,0.40033607889038797,-1.7196472941638214,0.08549657376824957,0.7529548595649201
TNPO1,8.120643967920765,1.2250435627234482,0.7138434618393414,1.7161235315749914,0.08613943515347808,0.7529548595649201
FAM49A,9.019245189702538,-1.339405668327618,0.7827585826004478,-1.7111350780439873,0.08705617999974684,0.7533203113545933
FAM129A,6.889404718288912,1.4519518537339113,0.8484092342368587,1.711381483300258,0.0870107131372272,0.7533203113545933
HMGB1,14.609055543696371,-1.0837452198098485,0.635201066225146,-1.7061451521961344,0.08798105763793025,0.7575169062625794
CREB3L2,7.074760592954824,1.3691443644661703,0.8140875900988835,1.681814562852956,0.09260480391972983,0.7778803529257307
LAMP2,12.114193439273706,1.1698512702526638,0.693529441431367,1.6868083751977736,0.09164020451769746,0.7778803529257307
GCC2,8.857805549901762,-1.2580490740524726,0.7457484080355218,-1.686961796360347,0.09161069818703435,0.7778803529257307
RPS3,16.118441465314955,-0.9621884397052582,0.5717675909853865,-1.6828313721787183,0.0924077399620748,0.7778803529257307
MAP4K4,33.103006074025444,-0.8213694203385817,0.4881966219953597,-1.6824561730506788,0.09248041663885416,0.7778803529257307
CSF2RA,27.271761849518345,-1.0798753276936457,0.6454432840896958,-1.6730754727995247,0.09431243930281757,0.78079817538198
IMMP2L,34.669161457456426,-0.7870728622090207,0.4697526034485585,-1.675505056131554,0.09383517988335915,0.78079817538198
EPS15,13.500663846947338,1.0459127584979726,0.6248166285712835,1.6739515414139583,0.0941401234079233,0.78079817538198
FAF1,18.96473625335353,-0.967149814133413,0.5799758739513143,-1.6675690448023701,0.09540130751699927,0.7858596776131113
RNF144B,9.232592757233414,1.1361337801712414,0.6822060670205021,1.6653821112046745,0.09583654605037943,0.7858596776131113
RERE,24.619862250024582,-0.8455215176640234,0.509173803380419,-1.6605754499752003,0.09679874296780286,0.7862614876913043
DDIT4,8.63717042154767,1.2881184857239851,0.7754538749491111,1.661115544504201,0.0966902430989967,0.7862614876913043
THRB,8.070565326691046,1.4677018473185708,0.8873802782477949,1.6539716774150859,0.09813326750200037,0.7896518067217039
TSPAN14,8.878163419478811,1.2370116955588268,0.7475023958869832,1.6548598404035801,0.09795293214272624,0.7896518067217039
FRMD4A,163.64509480257718,-1.0923439140962121,0.662386524866726,-1.649103466161234,0.09912643966671945,0.7921817332428672
RBFOX2,8.204905037123638,1.136380483861182,0.6914200131121095,1.643545836554958,0.10027004987432415,0.7921817332428672
GRID2,70.49525585828526,-0.9731316668100695,0.5921237664438854,-1.6434599013891995,0.10028781524212836,0.7921817332428672
SPTLC2,19.633352381354452,0.8660103345308101,0.5258005731077965,1.647031933442313,0.09955148228356439,0.7921817332428672
SLC2A5,15.731802484831425,1.0577033501382422,0.6511295350573163,1.6244131055199895,0.10428767191712293,0.8056070017585313
PRNP,10.904235972794552,1.2832056889664976,0.7896624120230374,1.62500540665099,0.10416140680503412,0.8056070017585313
N4BP2L2,51.04959021048979,-0.7054938107946639,0.43413916884514037,-1.6250406814740024,0.10415389084938304,0.8056070017585313
RPL32,20.275247792798126,-0.8812728777921193,0.5425786257893777,-1.6242307306337176,0.10432657455990273,0.8056070017585313
SUMF1,19.517770633909716,-0.9009260349132668,0.5531838596777938,-1.6286195252298543,0.10339358826795704,0.8056070017585313
H3F3B,17.062842472903657,-0.9177099978180049,0.5659452712309199,-1.6215525501644419,0.10489918945816197,0.8064125189596202
MT2A,13.062539022870027,-1.12042419282028,0.6953862415263702,-1.6112257130094394,0.10713053538202835,0.807993260085418
MBD4,9.603176774907693,1.0598395103660003,0.6583847588768794,1.6097570547865532,0.10745090392541273,0.807993260085418
DLEU1,12.383378912499717,-1.0675522905809975,0.6621431934530772,-1.6122680126238431,0.10690363082769341,0.807993260085418
AUH,9.689397912529609,1.144606212098439,0.7080056915749332,1.6166624445522517,0.10595116474225336,0.807993260085418
ACER3,14.656069748437352,1.0014111802199528,0.6214212209590607,1.611485328219787,0.10707398251391158,0.807993260085418
NHSL1,16.68451866911036,1.0217342225814896,0.64315579742417,1.5886263121214503,0.11214478414570124,0.8114004970541914
STRBP,12.46204232814558,-1.0516863342239575,0.6582868857150215,-1.5976109459960324,0.11012958885691275,0.8114004970541914
TTC7A,17.202438409959903,-1.0515146865412877,0.6612873102456505,-1.5901026229441453,0.11181167485111994,0.8114004970541914
SESN1,13.178395685310107,0.9945205812532651,0.6253692609904224,1.5902933567252775,0.11176869538515433,0.8114004970541914
ADAM10,16.76094858261558,-0.9237343954925612,0.5805078929365337,-1.5912520858584642,0.11155285517450475,0.8114004970541914
RP11-96H19.1,8.985949880043712,-1.1938046114843917,0.7479653919888303,-1.5960693158677846,0.11047331844233668,0.8114004970541914
SCARB2,8.227461451250559,1.2987705405917176,0.816758574120726,1.5901523188659477,0.11180047524248825,0.8114004970541914
ABCC4,26.730919369322624,-0.9986192199777266,0.6226702461144223,-1.6037689711517382,0.10876498649189524,0.8114004970541914
XRCC4,6.846388666756028,1.1772025557576768,0.7351992771182113,1.6012020038594197,0.10933218517201537,0.8114004970541914
RPS24,13.135287412467855,-1.0126237538690543,0.6383651190048533,-1.5862767618751357,0.11267654135416137,0.8118368377065518
LST1,13.363121745079097,-0.9839244248317035,0.6281146691709141,-1.5664726094208943,0.11723801607255539,0.8173435776394348
ZNF638,20.35499777448348,-0.8296873328481709,0.5294069326682291,-1.567201488402349,0.11706760267718486,0.8173435776394348
ADAP2,13.295228549217867,-1.0313210778602504,0.6549053251689285,-1.5747636157855764,0.115311017636888,0.8173435776394348
PCMTD1,7.931001556718051,-1.1579440925471411,0.7390295456308715,-1.5668441125160482,0.11715113357166432,0.8173435776394348
ADGRL3,7.5210467473822185,-1.2308791763421327,0.7854223888088587,-1.5671557035811476,0.11707830153396724,0.8173435776394348
RIN2,14.900580309067138,-0.9093075350780662,0.5773449092115698,-1.574981472201477,0.11526072125778448,0.8173435776394348
TCF4,23.909466276940233,-0.8211050686094837,0.5229857727690924,-1.5700332807562174,0.11640736887599575,0.8173435776394348
CEBPD,25.004773270647437,1.004598820185573,0.638055864720626,1.5744684372197384,0.11537919286797962,0.8173435776394348
ZNF710,18.946248959109152,-0.9029144657108573,0.5792418593943218,-1.5587866295695212,0.1190468898026975,0.8266078396784076
S100A11,9.283656732277722,1.1043900348795026,0.7132412269288354,1.548410261749626,0.12152355213411374,0.8320956518831164
TAF1D,10.623998898380117,1.0000604269490787,0.6470111905735295,1.545661715777429,0.12218628780491438,0.8320956518831164
ARL5A,14.968953937225452,-0.9618099593187035,0.620863702097372,-1.549148317206439,0.12134607016845092,0.8320956518831164
ZFP36L2,20.818227797135062,-0.935766573405597,0.6055234995584414,-1.545384405539958,0.12225331006180515,0.8320956518831164
HCLS1,17.539279001821036,0.8740812145938038,0.5652019664401725,1.5464935836990346,0.12198540848725561,0.8320956518831164
IFI44L,7.311738005152159,1.124929252905072,0.7314942300207212,1.5378511637381005,0.12408501038303908,0.837938775998405
MAP3K5,30.365598929866636,-0.7481524010486335,0.4864703194849322,-1.5379199327941868,0.12406819294132,0.837938775998405
THADA,8.94707148182117,-1.0673728016367288,0.6969061565061261,-1.5315875626467452,0.12562424359021207,0.8417313130830553
WWOX,48.65392213483941,-0.8512502342559196,0.555693484715796,-1.5318701004588582,0.12555449310096686,0.8417313130830553
RPS4X,13.735767987415024,-0.9655667281975691,0.6332622697111879,-1.5247501302074025,0.12732143287969727,0.8497965403830958
CTD-2341M24.1,8.3805253503581,-1.1598938868473572,0.7644767135623284,-1.5172390031901084,0.12920635220597743,0.8527335102434476
SMYD3,26.571088956235382,-0.9047321332764008,0.5963650557508167,-1.5170777102916493,0.12924706514142847,0.8527335102434476
TBC1D4,14.1232431221947,-0.901162528130736,0.5938900252000997,-1.5173895669103161,0.1291683564786958,0.8527335102434476
RPS20,14.03483211548837,-0.9120473163363053,0.6043465730643804,-1.5091461704030311,0.13126143285709643,0.8529516504902643
SRGAP2,108.42124246681568,-0.5990417996402727,0.395841904969829,-1.5133359862087656,0.1301943361950704,0.8529516504902643
FOXO3,13.080780454237392,-0.9650710135087198,0.6389174238392203,-1.5104784710826324,0.1309213787712025,0.8529516504902643
RPS19,43.024829753412554,0.8510597911920632,0.5626879989203268,1.5124896795827487,0.13040933614642938,0.8529516504902643
BIN1,23.584236619125758,0.7497569423511864,0.5013695533462565,1.4954177758643996,0.13480544420848167,0.8534831172950001
CDK19,10.487174362467542,-0.9863826533646138,0.6581310552271307,-1.4987632714341352,0.13393505600571898,0.8534831172950001
ST6GALNAC3,51.743938209802344,-1.0560529852531073,0.7021489962502397,-1.5040297584883813,0.1325737045873207,0.8534831172950001
ALOX5,15.646260384096985,0.8516958451763693,0.5690601868451015,1.4966709407281051,0.13447890112720162,0.8534831172950001
ARHGAP12,18.405326336086308,-0.8267657528508471,0.5528763070665269,-1.4953900941017597,0.13481266428817656,0.8534831172950001
LINC-PINT,22.402685457931227,-0.8485325049772379,0.5673297278459104,-1.4956602189682955,0.13474222189730978,0.8534831172950001
NR3C1,15.565532779477026,-0.8445714175804035,0.5641407573137767,-1.4970934232831021,0.13436895080151,0.8534831172950001
ABCA2,14.062060515170138,1.1376454731315628,0.7635998212811251,1.4898451275471554,0.13626496230852747,0.8563805295448332
DYNLL1,10.044793964489093,1.0756191095216723,0.7216973320779638,1.490401947897841,0.1361185806600119,0.8563805295448332
MS4A6A,25.026349420886863,0.8023534132624375,0.5401816838320239,1.4853399092886292,0.1374538049464147,0.8589734098490915
C10orf11,170.63354412413898,-0.898302202723186,0.6051192959493642,-1.4845043097061559,0.1376751806726767,0.8589734098490915
SLC4A7,21.811068967833545,-0.7765601593321192,0.5238976826101724,-1.4822744690587812,0.13826727873034161,0.8595532634427736
HLA-DRA,42.00178936196997,-0.7540328300179766,0.5104563507848678,-1.4771739618061177,0.13962901159794724,0.8648962516966372
SSBP2,22.95353510373616,-0.7699501013064152,0.5240386359602319,-1.4692620896083028,0.14176171518712616,0.8722245446766786
MAP4K3,8.834564360427205,-1.0374450472355567,0.7076166795177211,-1.4661116353880062,0.14261787639024484,0.8722245446766786
NRXN3,13.779577005892241,-0.9635980981103572,0.6570655537276078,-1.466517446613592,0.14250737174278488,0.8722245446766786
RGS10,11.806411600938459,-0.9771370739820016,0.6668496708348645,-1.4653033760347691,0.14283816585297524,0.8722245446766786
MFSD1,9.450890673028779,0.9670809832838477,0.6631181483544286,1.4583841291083994,0.14473469276994552,0.8775814822177683
FCGR1A,13.724997216988,0.8890050094309851,0.6094020326548711,1.4588153005627806,0.1446159501956135,0.8775814822177683
WASH1,10.022915342904282,0.978811834614758,0.6725475431799163,1.455379392194005,0.14556425832094036,0.8789660622762321
ARHGAP15,56.01664956335867,-0.6341433098183097,0.43617776129321517,-1.4538643784546699,0.14598391045935097,0.8789660622762321
P3H2,10.063472240079731,-1.0186416959624554,0.7023527889651167,-1.4503276871205641,0.14696716172506513,0.8818029703503908
MARK3,12.057384861623468,-0.8996495096503285,0.6239730384481645,-1.4418083061533842,0.14935645901880118,0.883898712956273
TNRC6B,24.746505608614246,-0.748279389762381,0.5201209315292957,-1.4386642497971345,0.15024567299530722,0.883898712956273
CCM2,6.735218753954734,-1.1552399587488476,0.8032912989285487,-1.4381332902394652,0.15039623861567247,0.883898712956273
EEF1A1,25.092685250665586,-0.7679728474281243,0.5321124597827037,-1.4432528938370242,0.14894924426570622,0.883898712956273
SH2B3,6.726866990905404,-1.109342357699711,0.7699061019799678,-1.440880069461477,0.14961856761530964,0.883898712956273
PABPN1,8.77248677060148,1.1186131979668248,0.7772742136224486,1.4391487307337554,0.1501083877562898,0.883898712956273
ERBB4,15.29752607438642,-1.025385526686206,0.7168730603002048,-1.4303585717906675,0.15261413208867014,0.8852157291939707
SPIN1,9.454768705146195,-0.9906940030731493,0.6931673248045189,-1.4292277890515628,0.1529387730362658,0.8852157291939707
RPLP1,27.48253704094586,0.8066711710245343,0.564741472731191,1.4283901749296504,0.1531795855413933,0.8852157291939707
RASA1,16.203203591304845,0.7845592048794076,0.5482026883905801,1.4311480434047592,0.1523877905617364,0.8852157291939707
SLC8A1,89.92815284104307,-0.6417700581788344,0.44963883438715985,-1.4273012228882362,0.15349308828500588,0.8852157291939707
RPS27A,21.090908365779278,-0.8329532220702325,0.5838864551449912,-1.4265671257323358,0.15370470559175217,0.8852157291939707
ADCY7,10.71191887115343,0.9204736645953187,0.648794960690715,1.418743548216483,0.15597379608546916,0.8940421517688493
CLEC7A,11.065289222639228,-0.9691761520114666,0.6836212248606545,-1.4177092763745276,0.15627566067504275,0.8940421517688493
ADAM28,50.01890149155832,-0.7118389567552219,0.5027452766343407,-1.4159038181734331,0.15680366690222747,0.8940924318067407
HMGN3,13.254763623632757,-0.8760241863529392,0.6201784748746917,-1.412535619734209,0.1577923103077482,0.896760258580668
DIP2A,10.315954229954565,-0.9442162006403375,0.6765928905391474,-1.395545554562261,0.1628513876145371,0.9001191136673925
VPS54,10.361511711318895,0.9028975643645708,0.6446329933095182,1.400638151840683,0.1613223061040463,0.9001191136673925
PHF14,10.504599807211939,-0.955267399929004,0.6823501324030409,-1.39996660741433,0.16152331827572886,0.9001191136673925
KLF12,8.23906839950776,-1.0039301880038973,0.7197862968369758,-1.394761462416778,0.16308778366099097,0.9001191136673925
NDRG2,18.275342556184864,1.0373060390832687,0.7436398767317505,1.3949037316855064,0.16304487167494675,0.9001191136673925
SDCCAG8,31.498861449400682,-0.6507069549859564,0.46575243027525776,-1.39710909205861,0.1623807681172622,0.9001191136673925
CST3,31.05360441134684,-0.6903853480127685,0.4944714447445384,-1.396208730252252,0.16265164849476943,0.9001191136673925
DOCK10,46.85212175478034,-0.606623838630348,0.43120940632845745,-1.4067963957360317,0.15948777165442385,0.9001191136673925
ARHGAP31,12.080718678249367,-0.9417918014375865,0.6699849779364391,-1.4056909221133813,0.159815923755241,0.9001191136673925
ZNF280D,15.176555890001724,-0.8342306786750683,0.5992095600452748,-1.3922185731015972,0.1638562201567063,0.9014709620122948
LRCH1,18.93519936909104,-0.8145854650868787,0.5887648925641541,-1.3835496568744854,0.16649639242876124,0.9130789419182384
MEF2C-AS1,13.61079278678283,-0.8140788958096943,0.5938607776529945,-1.3708244868890431,0.17042967564959333,0.9137523636672762
RAD51B,28.831215337291315,-0.6726636136537093,0.4906987995659028,-1.3708279177548057,0.1704286058845409,0.9137523636672762
GNAS,14.824365937719284,-0.8157258260073382,0.5944210155536598,-1.3723031397999095,0.16996908861524296,0.9137523636672762
HIBCH,8.742120015020305,0.9126687759142665,0.665991361479447,1.3703913124140907,0.17056478253895957,0.9137523636672762
PCM1,18.75620611301476,-0.7938547683700504,0.5808820543857928,-1.3666367593494495,0.1717391892354183,0.9137523636672762
ENOX2,8.355755059348619,0.9594830405551025,0.7018318845023225,1.3671123551696194,0.17159009120615487,0.9137523636672762
BMP2K,42.08122091536986,-0.7508858194400863,0.5489855196055422,-1.3677698092649397,0.17138414066448848,0.9137523636672762
CTNND2,10.951057857733351,-0.9632680976599639,0.6984360174174534,-1.3791787273825842,0.16783965517476718,0.9137523636672762
RPS18,7.124702786218866,1.0245132348144907,0.7499861930287437,1.3660427943041156,0.17192553183983594,0.9137523636672762
FAM105A,8.157728382779986,-1.0185723516930196,0.738819350367583,-1.378648719996643,0.16800308734959357,0.9137523636672762
CCND3,12.559665998376678,0.9094856095051316,0.6781180028094616,1.3411907746691691,0.17985852083383813,0.9258128697282566
CTSH,8.435350583875673,1.1107362371824723,0.8186377318974384,1.3568104595032628,0.1748414432194919,0.9258128697282566
SNAP23,10.243190759948654,0.8958049145314907,0.6760773016657526,1.3250036827510143,0.18516992984519332,0.9258128697282566
FOXN3,72.62551807812123,-0.6891401825876815,0.5172869707076243,-1.3322202599554558,0.18278782093583879,0.9258128697282566
ARFIP1,6.710828702817062,-1.0720096974236468,0.7989394485601448,-1.3417909196443254,0.1796637972441607,0.9258128697282566
TMEM144,12.633497548875662,-0.867376162378722,0.6470088602849969,-1.3405939479664262,0.1800523232735073,0.9258128697282566
AKAP6,6.931367506890744,-1.0164258650222904,0.7599971998034701,-1.3374073816128942,0.18108969626891347,0.9258128697282566
RPL21,21.72793394105052,0.7539890881982269,0.5695123467109181,1.3239205305252992,0.18552943896493224,0.9258128697282566
RASSF8,22.023911838823096,-0.7142553182580859,0.5343234964791864,-1.3367469762503852,0.18130524236778978,0.9258128697282566
AOAH,36.739046823125,-0.7781803399955836,0.5879267034453297,-1.323600944531592,0.1856356113230906,0.9258128697282566
MLXIPL,12.771409268055885,0.8185676893028494,0.619754826538096,1.3207927623174913,0.18657047366233825,0.9258128697282566
NUTM2A-AS1,18.023631745822986,-0.7866928196458318,0.5972716527979872,-1.317144076670104,0.1877903350284872,0.9258128697282566
PSAP,36.19759151151884,0.7405145641683939,0.5472551522283675,1.353143156630127,0.17600990074008804,0.9258128697282566
YWHAZ,6.76209633958194,1.0444811804357867,0.7936774594200968,1.3160020711674745,0.18817334750574322,0.9258128697282566
MT3,11.871624805378252,1.0978886649072783,0.8317198977189616,1.3200221227342275,0.18682763188717488,0.9258128697282566
ARRB2,16.268777739521834,0.7576179601379961,0.5696512124811866,1.3299681340764589,0.18352877068939777,0.9258128697282566
RPL34,11.500552486618796,0.831202761408303,0.6230385933930609,1.3341111934681003,0.18216741795011182,0.9258128697282566
DNM3,14.49227578738168,-0.8239708629276933,0.6253031719906584,-1.3177141902296359,0.1875993424703375,0.9258128697282566
CCNT2,7.484370397279018,-1.0200872751660086,0.7573191974794378,-1.3469713676361748,0.17798945439755776,0.9258128697282566
KIF16B,8.541373057245456,0.8971010883276882,0.6762377012428552,1.3266061426017934,0.18463900284825874,0.9258128697282566
CYTH1,9.273725017024871,0.8759682725077808,0.6602863615016024,1.3266490474158537,0.18462480312756469,0.9258128697282566
KANSL1L,9.3131782096987,1.0159475695955693,0.7627436384763192,1.3319646580403586,0.1828718022820136,0.9258128697282566
TXNIP,13.405349797082573,0.9833088090802696,0.7464796118500213,1.3172614408628092,0.18775100536806733,0.9258128697282566
CH17-437K3.1,26.334329504714475,-0.6684771167781287,0.5023870988233141,-1.330601678155806,0.1833201100343156,0.9258128697282566
MAFB,6.744196341874975,1.044021130139512,0.785051539235631,1.3298759100020716,0.1835591597763534,0.9258128697282566
ZMYM4,13.629062516962401,-0.8312863752573901,0.6143352358454032,-1.3531478039240816,0.17600841636716813,0.9258128697282566
RHBDF2,27.692150086455054,0.6643321371228523,0.5054629253195492,1.3143043808858335,0.1887437936017925,0.9259738250207599
SAMSN1,30.568736177723064,-0.8432036431242392,0.6448682462784269,-1.3075595642837399,0.19102273945297787,0.9277300703229622
TMEM163,16.62281764295128,2.08058137161814,1.5884490363197772,1.3098194049955592,0.19025693693759527,0.9277300703229622
MIR181A1HG,6.897594200260884,1.0031922956687904,0.7686923848436165,1.3050633978543715,0.19187126092793716,0.9277300703229622
ABL1,8.407857101994834,-0.9129090045887122,0.7002421618305342,-1.3037047100994834,0.19233428287183363,0.9277300703229622
USP15,31.527762321403685,0.6229830887599838,0.4774482734755598,1.3048179737356906,0.19195483734292984,0.9277300703229622
ZCCHC11,10.533123788810615,-0.8505333574638401,0.6503200352094151,-1.3078689128652674,0.19091777527582865,0.9277300703229622
GAB2,29.20675552688095,-0.6175069565593942,0.4746939467097363,-1.3008528144071418,0.1933088399639008,0.9298263196028972
RP5-1031D4.2,12.299363244858435,-2.059297625415467,1.5862705765766467,-1.2982007331054872,0.1942183662860888,0.93159896029149
RB1CC1,6.952485952139251,0.9522350850707376,0.7380301727310288,1.2902386924738571,0.19696779575853096,0.933602671330491
PKN2,20.269875781271136,-0.754821198562645,0.5858666948279714,-1.2883838682522886,0.19761237139012766,0.933602671330491
AKT3,26.88274625656402,-0.6681232860404919,0.5187189693597416,-1.2880255504539597,0.19773706919655554,0.933602671330491
SNX29,20.94831664555439,-0.7229357947374511,0.5615009891502509,-1.2875058258250052,0.1979180403295987,0.933602671330491
TBC1D5,39.43557318704869,-0.5830364841300459,0.4501258068001479,-1.2952745106412202,0.1952255489489495,0.933602671330491
CACUL1,7.700991304010803,-1.0310725033408707,0.8017459732469024,-1.2860339031891164,0.1984312297949824,0.933602671330491
DENND3,22.6455680907917,0.6940486707135439,0.5365764471561841,1.293475840007423,0.19584653481730618,0.933602671330491
SPG11,9.369406783751417,0.86365743679868,0.6739936250433317,1.2814029757969219,0.2000521594716148,0.9368245536546731
PPP6R3,14.38357716983077,-0.7488625936431383,0.5846057265304001,-1.2809703354901993,0.2002040857984435,0.9368245536546731
EXOC6B,14.24596700604346,-0.7570136436395516,0.5928121366108516,-1.276987424662814,0.20160668697421846,0.9382884188367681
FMNL3,15.690121752362474,-0.8378124390232043,0.6555668135393661,-1.2779970274881747,0.20125047436459476,0.9382884188367681
SENP6,13.315194998929156,-0.7946092158002541,0.6250635495866045,-1.2712454858802458,0.20364132932248147,0.9426622825089062
CACNB4,14.045047308855489,-0.7834208519242718,0.6160874332875129,-1.2716066090552256,0.20351292736212923,0.9426622825089062
PPIB,7.2945520251532265,0.9636396309235585,0.760363029333415,1.2673415115518563,0.2050332034543294,0.9460267462992324
HERPUD1,13.763433935455916,-0.865946718229149,0.6847616865004529,-1.26459574958795,0.20601627750418827,0.9460267462992324
CTSB,27.999686612555678,0.6566863838908509,0.5192341804685575,1.2647210229847665,0.20597135105212028,0.9460267462992324
MACROD2,16.778749841639982,-0.8016371879509665,0.6346941577683228,-1.2630290954144587,0.2065787236076545,0.946086601203141
TIAM1,14.633821161878979,-0.8116941562552212,0.6434398341637514,-1.2614919269182985,0.20713166680055095,0.9461027327070259
ELF1,19.5590582622646,-0.6555557597362687,0.527942346737589,-1.241718463743749,0.2143404551718585,0.9524412540435827
FAR1,8.39594945458065,-0.9189129332018138,0.7384631745074126,-1.2443585068609129,0.21336764691785548,0.9524412540435827
FLOT1,8.89551111680502,0.8665663683683131,0.6945867596639004,1.2475998949182836,0.21217761699089244,0.9524412540435827
RP11-106M3.2,7.997576336322567,1.0072597252268087,0.8040529156209687,1.2527281546500006,0.21030465601567838,0.9524412540435827
ARHGAP32,7.836274700658318,-0.9196616082334692,0.7405731291897761,-1.241824165615656,0.21430144457783107,0.9524412540435827
RPL11,20.723971689868666,-0.68446278141967,0.5452272159916909,-1.255371634694958,0.2093438814754981,0.9524412540435827
MARCH3,12.741883894541361,-0.8268351376419603,0.6670659867976864,-1.239510264361193,0.21515658990880004,0.9524412540435827
DSCAM,29.304898739254615,0.731070305648916,0.5851954979475282,1.249275341681572,0.21156438359796537,0.9524412540435827
TFCP2,9.193094750829363,-0.8692804328333973,0.696431838868683,-1.248191688429262,0.21196086702093309,0.9524412540435827
RNASE1,9.287707117389937,0.8797739510498183,0.7067181377880767,1.2448724661339252,0.2131786333451543,0.9524412540435827
SRGAP1,25.746182612777947,0.6712901058284253,0.5355445878652719,1.2534719256602835,0.2100340099299206,0.9524412540435827
RBM47,26.416998444674267,0.6363624042519008,0.5130577531416015,1.2403328871949972,0.2148522930546174,0.9524412540435827
NFATC3,9.230751163924902,-0.8758967116822498,0.7081634887757322,-1.2368566377186343,0.2161403107927511,0.9543426030387626
TNFRSF1A,6.779344433762355,0.946814953798723,0.767185266163635,1.2341412114616581,0.21715028920292356,0.9563498670266865
ATP2A2,8.82718997689007,0.8243567638706002,0.6711179782588496,1.2283336024007492,0.21932176181643503,0.9585585630657389
GNAQ,63.35307580434577,0.5256726987006168,0.42778512949670294,1.2288241513188651,0.21913774435921818,0.9585585630657389
COMMD1,9.697077881833224,0.7981785446906948,0.6492258207749886,1.229431299787029,0.21891014098511696,0.9585585630657389
ENTPD1-AS1,13.90247703241048,-0.841164560714719,0.6870298431660196,-1.2243493773697005,0.22082045733817757,0.9626653861679538
HEATR5B,12.656965830006037,-0.807926790963106,0.6634160874862792,-1.217828156721954,0.2232892820279545,0.9709700597276204
PLCG2,12.78002113926914,-0.7349492007849485,0.6065743151179083,-1.2116391717675785,0.2256505330214138,0.9714255446571863
LPAR1,8.804795179968174,-0.8553728219258354,0.7055479292470171,-1.2123525368981185,0.22537746113636636,0.9714255446571863
HLA-DPA1,14.578140573468064,-0.7916398773330496,0.6521133955398278,-1.213960459557375,0.22476282361082578,0.9714255446571863
SRSF10,6.935331086811374,0.8945976919828827,0.7366843694302736,1.2143568251281536,0.2246114948052218,0.9714255446571863
TMEM161B-AS1,7.6042681543661,-0.8952139734410659,0.7405587556838072,-1.2088358507279482,0.2267259152744704,0.9736210127247831
CAMKMT,13.95230711224467,0.6993411561213209,0.5801959412760463,1.2053534097174725,0.22806689923425993,0.976943284779591
RPL8,14.147858138447047,0.7612040668716354,0.6369416145293191,1.1950923750431075,0.23205094076635624,0.97699687041483
CNTN2,7.519229181085304,1.0336078812673033,0.8618294370988975,1.1993183764372783,0.23040417229878496,0.97699687041483
FGD2,15.153874276419534,0.7339803312583465,0.6139990066752568,1.1954096395575242,0.23192702128383413,0.97699687041483
MALAT1,5588.53501818527,-0.5443465642750902,0.45416392212063755,-1.1985684854344238,0.23069577837830613,0.97699687041483
ST18,15.921498852747808,-0.7509920055166616,0.6270733554595161,-1.1976142806551533,0.23106721397336438,0.97699687041483
ADNP,8.582950668391197,-0.8867982044662346,0.7391814628219874,-1.1997029810253736,0.230254714887414,0.97699687041483
LRRC16A,10.413570611870615,-0.8238646306565204,0.6883187917013653,-1.196923054534247,0.2313365472426958,0.97699687041483
BAZ1A,8.277714371150426,0.8246038261342905,0.6910831580813461,1.1932049225792707,0.23278912727096335,0.9777143345380461
WDFY2,19.512469725934547,-0.6589494353720647,0.5589157078796371,-1.1789782002583653,0.238406856507124,0.9783543979222933
SH3TC1,10.52931529788439,0.8124676614722985,0.6916352899299061,1.1747053299646382,0.24011262625092544,0.9783543979222933
PGM5,8.53309399279546,-0.907756838395065,0.7768481626088112,-1.1685125640854146,0.2426000742815443,0.9783543979222933
XPO5,15.554135152690792,0.6856064413312798,0.5849418865050001,1.172093257721285,0.24115961655626683,0.9783543979222933
ZEB2,67.47789107102095,-0.5204038794583845,0.445148470143843,-1.1690568750920876,0.2423807172730179,0.9783543979222933
ARHGAP26,70.96322579324554,0.6114576024652678,0.5229197339158297,1.1693144526912984,0.24227696229686213,0.9783543979222933
CTNNA3,21.139450596235122,-0.6553137251101747,0.5581931493545351,-1.173990984783573,0.2403986366442452,0.9783543979222933
LRRK1,18.28797839862136,-0.6750390101655122,0.5696690828970824,-1.1849669052295508,0.23603053222807768,0.9783543979222933
ADAM9,8.759607356053175,0.8080617589470113,0.687062232668016,1.1761114503545438,0.23955034288565513,0.9783543979222933
USP34,20.473538048759675,-0.6333786881161751,0.5343248863441526,-1.185381224613639,0.23586675174658356,0.9783543979222933
GNB4,14.126754325208031,-0.7068043353366255,0.6026885414508433,-1.1727522372254593,0.2408951767797487,0.9783543979222933
UBASH3B,7.493147997264583,0.8750393857313805,0.7409346412290335,1.1809940270573653,0.23760509610570602,0.9783543979222933
CCDC26,9.704080963810076,-0.8414006126183798,0.7188891596316316,-1.1704177220442782,0.2418329072542269,0.9783543979222933
AFF1,16.816974316423906,-0.6852429294256598,0.5804319437864945,-1.1805741168472264,0.23777195091702952,0.9783543979222933
ZNF90,7.587508011303405,0.8518423375871332,0.728820537717463,1.1687957370890683,0.24248593831599996,0.9783543979222933
SH3RF3,39.8512470051908,0.6388792652164909,0.5382001687987281,1.1870662668918894,0.23520148289872556,0.9783543979222933
MAML2,81.93719102144092,-0.5158837720884499,0.4379327371887433,-1.177997734081503,0.23879750957348067,0.9783543979222933
ATP9B,10.455645026931297,-0.7543315939472226,0.6494400797136224,-1.161510688222158,0.2454342791444868,0.9802601262182594
MON2,13.491158560025221,-0.6913836720369969,0.5938979124691023,-1.1641456511652015,0.24436499094642306,0.9802601262182594
TJP1,8.882180712994955,-0.7952722175361653,0.6847710542031133,-1.1613695010249012,0.24549166648617393,0.9802601262182594
NCOA1,21.293192725552768,-0.6176860661215247,0.5323415547508346,-1.1603190857618397,0.24591891668193266,0.9802601262182594
FCHSD2,56.77758158367099,-0.47549184445626125,0.40968590743563615,-1.1606253371821522,0.24579429692314692,0.9802601262182594
RBMS1,11.60173903924298,0.7414753468597683,0.6433665414494059,1.152492862294857,0.2491186011381985,0.9907210881292791
MKL1,7.9607322360641,-0.8241579948080954,0.7163226940353913,-1.1505401150495678,0.2499214818029326,0.9916239439277649
IFNGR1,24.279801821159083,-0.5826482805118439,0.5081668707696783,-1.1465688025458152,0.2515598763542194,0.993546117160472
MGEA5,8.78222738716774,0.8115731747073781,0.7076141547206682,1.1469148395254303,0.25141681896203094,0.993546117160472
KCTD12,11.25056145140367,0.8890767908875805,0.7771930906399125,1.1439586913408444,0.25264076879987774,0.9955318166439118
WDR7,7.493131926550748,-0.8463479887575381,0.7416531318772925,-1.1411641809092603,0.25380160703623145,0.9964651422405244
C1QB,35.17334636095638,0.5384126593084474,0.47550217365941705,1.1323032556610153,0.25750696184496713,0.9964651422405244
OS9,6.994189283532659,0.8894204638314726,0.7835118157579082,1.1351717305898146,0.256303371675211,0.9964651422405244
PUM3,9.142140594148454,0.7505121650590951,0.6597944926903914,1.1374938308423757,0.2553319020961634,0.9964651422405244
CDC42,7.162084608757106,-0.9338918365135344,0.8239674871722424,-1.1334086005244444,0.25704270402530527,0.9964651422405244
DNAJC13,8.393423700542527,-0.7960695402436361,0.699277499676914,-1.138417210065307,0.2549463110724277,0.9964651422405244
MAF,15.173424484758227,0.721541134554893,0.6366674151568547,1.1333093501842373,0.2570843665781196,0.9964651422405244
PEX5L,7.793217114260597,-0.8529157706602261,0.7490142150056537,-1.1387177353553806,0.2548209030483608,0.9964651422405244
FBXL7,8.12037943636408,-0.8248891815144971,0.7309366524000747,-1.128537170500239,0.25909312807014284,0.9981171510890067
UVRAG,23.410156196820243,-0.5828955459712125,0.5162242886967633,-1.1291517248108656,0.25883383445596364,0.9981171510890067
TRMT1,8.567456574578864,0.2590358328760548,0.6915243451259099,0.37458671513421643,0.7079678546300834,0.9999038733424186
PDE3B,23.781651951030614,-0.004381366051265346,0.5327453240124921,-0.00822412859162441,0.9934381687404237,0.9999038733424186
HECTD2,10.906346162488811,-0.40060892841333756,0.6488541826671619,-0.6174097957827839,0.5369644624281995,0.9999038733424186
NFIC,7.088267715492765,-0.8290517274735293,0.7701498711322472,-1.0764810312240742,0.2817121798516721,0.9999038733424186
HTRA1,11.595820520851191,-0.28733138889048165,0.6354594108339272,-0.452163244405194,0.6511513848854479,0.9999038733424186
GNG7,14.962835637870535,-0.62791455346849,0.6137761878732128,-1.0230350506823471,0.3062912737029676,0.9999038733424186
CTBP2,9.766363014026679,-0.5515623816268589,0.6717766821516361,-0.821050203559102,0.4116176725983499,0.9999038733424186
PTPRE,31.444622164912342,0.04432822074219867,0.5438394248832449,0.08150975952454229,0.9350365637279004,0.9999038733424186
WNK1,12.48181616544266,0.21933648599661895,0.619836781418366,0.3538616819329656,0.7234425447575823,0.9999038733424186
ERC1,13.881276661959673,-0.25812824173424487,0.5957686665439886,-0.4332692473265308,0.6648191767744833,0.9999038733424186
PSMA1,11.258107107814302,0.2989950535984387,0.6967206468212337,0.4291462510298702,0.6678167953485604,0.9999038733424186
C3,31.38429353943928,0.4585387320696455,0.4800618264095696,0.9551659949700698,0.3394937593016508,0.9999038733424186
GAPDH,16.268593064191943,-0.3605422636019036,0.5532380402872524,-0.651694636570368,0.5145981832514721,0.9999038733424186
MUM1,6.871926640309874,-0.04634775510438608,0.7427916954911511,-0.06239670608290776,0.9502469180156797,0.9999038733424186
BRWD1,14.519877998973058,-0.6693692277409586,0.6453396888303462,-1.0372354890401443,0.29962612237240027,0.9999038733424186
SLC2A3,7.271962107482506,-0.8945127714479387,0.8559499218688092,-1.0450526936142883,0.29599861633164337,0.9999038733424186
CIRBP,13.455962896334631,-0.4880044957298353,0.6145556683900559,-0.7940769580862459,0.42715063077110904,0.9999038733424186
LIPA,9.834324130502178,0.2557044046271482,0.6423705293799195,0.3980637232439349,0.6905832141381483,0.9999038733424186
CLEC2D,8.135308109094515,0.09978032774166644,0.7647578990736131,0.13047309202367835,0.8961921416000281,0.9999038733424186
USP47,10.470349033329528,0.17202493591991383,0.6379986940794831,0.26963211291226036,0.787443292506817,0.9999038733424186
SBF2,29.07820448979786,-0.29398963830480435,0.4995535414507094,-0.5885047625747081,0.5561935380800967,0.9999038733424186
ATP5E,10.08887258499391,-0.28991079734500447,0.6621536513741455,-0.4378300969017723,0.661509451778522,0.9999038733424186
DENND5A,9.846925434200756,-0.06049900851549939,0.6456084997710361,-0.09370850683805318,0.925340712537291,0.9999038733424186
RPL27A,14.127793818901708,0.20018847260814068,0.5768667998044724,0.3470272039853812,0.72857088144583,0.9999038733424186
RPS15,29.059930005167264,-0.2930082638815582,0.5235040604191886,-0.5597058094390631,0.5756801191292333,0.9999038733424186
ZNF518A,9.901526752894304,-0.7094402912751319,0.6527982208492736,-1.086768113969686,0.27713930286526245,0.9999038733424186
PLEKHA7,25.60400107442901,-0.3951358875283199,0.5597074957524903,-0.7059685470123737,0.4802076976287849,0.9999038733424186
VTI1A,20.939487246727193,-0.1032419226827535,0.5484603022953805,-0.18823955398535155,0.8506888670763098,0.9999038733424186
DNM2,7.993802610743156,0.22636377434205748,0.7230426735992916,0.3130711126844329,0.7542266354297399,0.9999038733424186
BLNK,25.329018867132238,-0.6176774774047268,0.5810915470046806,-1.0629606997187167,0.2877997741047519,0.9999038733424186
TM9SF3,8.24123523799208,0.7440957532582375,0.7184424969590611,1.035706763460901,0.30033896606353183,0.9999038733424186
PIK3AP1,9.397324313592437,0.1995088105711838,0.7276189502646112,0.27419408262886635,0.7839354753070984,0.9999038733424186
RP11-248J23.7,8.084683668050243,-0.5113445889141908,0.7289939133774898,-0.7014387631099531,0.48302923818805243,0.9999038733424186
MYO1F,16.62702961973912,0.32384322599874665,0.6377317958644219,0.5078047356252469,0.6115902883857847,0.9999038733424186
PRAM1,7.172424109196953,0.11616464729589752,0.802876133723701,0.14468564005898576,0.8849590774212933,0.9999038733424186
LCOR,10.507634362757791,-0.01838430795402741,0.6559337147099885,-0.0280276917343024,0.9776400650086717,0.9999038733424186
BDNF-AS,10.330934934027583,-0.36650866941304894,0.6646286888614216,-0.5514487646341548,0.5813260798579087,0.9999038733424186
R3HCC1L,6.981528792555154,0.7747282730047279,0.7305663493715376,1.0604488882784981,0.28894043100892564,0.9999038733424186
METTL15,9.952254987976177,0.25231970357990824,0.6559465151535196,0.3846650569076574,0.7004855873309038,0.9999038733424186
SHTN1,31.604241145294207,-0.10692382634415477,0.4775093955089377,-0.2239198377032844,0.8228196793790783,0.9999038733424186
BTRC,8.87843763864963,0.28773037419650543,0.691241414380148,0.41625164263995934,0.6772258739059271,0.9999038733424186
TBC1D12,8.716571788106874,-0.410344783687126,0.6740303277105182,-0.6087927602322375,0.5426618129712486,0.9999038733424186
ETS2,6.782590680658703,0.7619523372183125,0.8884485310218629,0.8576212471666098,0.39110163878841897,0.9999038733424186
C10orf76,9.852274770215075,-0.40437754226908357,0.6780450297790044,-0.5963874440623546,0.550916426437334,0.9999038733424186
HNRNPM,7.257652823349457,-0.36331938524139046,0.7399332205862488,-0.49101645274627986,0.6234148109372879,0.9999038733424186
MYOF,8.262949482303506,0.45100661005836706,0.700613306707925,0.6437311506079985,0.5197497863949962,0.9999038733424186
ETV6,46.52435023146179,0.13864560036416237,0.49933838679342313,0.2776586059295302,0.7812744392045533,0.9999038733424186
EXOC6,8.419220025414521,-0.11954301106334952,0.7344304489390657,-0.16276968259695312,0.8706997796684077,0.9999038733424186
CPEB3,10.200231564387582,-0.2890747185235642,0.7108623083583054,-0.4066536024271215,0.6842624222759481,0.9999038733424186
GBF1,6.689130503690066,-0.4492846592942575,0.7904139885860495,-0.5684168875831397,0.5697519260710692,0.9999038733424186
NT5C2,9.747483555219434,0.48076664390345564,0.6660108025991114,0.7218601290358366,0.470380476676194,0.9999038733424186
RP11-115J23.1,7.043439515682067,-0.36768643325931566,0.7762411287525195,-0.47367553668563867,0.6357313007901924,0.9999038733424186
ENTPD1,19.714337679736186,0.028792876629019127,0.6186024520009208,0.046545041222979616,0.9628758352612256,0.9999038733424186
SLCO2B1,39.67259194205152,0.2864873524707901,0.5177669248329244,0.5533133514915717,0.5800488601217402,0.9999038733424186
BCAT1,7.97491720220296,0.14094408221412288,0.7014017684800383,0.20094628862934513,0.8407405727508054,0.9999038733424186
EPS8,16.79575208343442,0.0879214077871426,0.5752932006678234,0.15282886654158245,0.8785332329295219,0.9999038733424186
PTGDS,30.847709975568065,-0.2626372917653326,0.6253878212878136,-0.41995907631284474,0.6745153497441035,0.9999038733424186
RPL7A,9.086337650060425,0.7548923528918288,0.7013191024728835,1.0763892645017703,0.2817532015872962,0.9999038733424186
TMBIM6,6.937849684913153,-0.01171781769723536,0.7554154607874086,-0.015511752546103931,0.9876239084455716,0.9999038733424186
DIP2B,22.834592989704685,-0.4051706199586153,0.5264071216226757,-0.769690612675712,0.44148343985985394,0.9999038733424186
METTL7A,6.732111343896811,0.8215092231075304,0.7982155575996003,1.0291821742712945,0.3033940771845407,0.9999038733424186
RBM39,12.396955693569177,-0.4585689063433683,0.6215513306861248,-0.737781231740198,0.46064740009315663,0.9999038733424186
SLC11A2,7.79410419182281,0.6630728134895261,0.6950772860367304,0.9539555194938236,0.3401061583068111,0.9999038733424186
SETX,17.559757284796536,-0.4001261302007383,0.6064603048110926,-0.659772992603983,0.5093995171681195,0.9999038733424186
PFDN5,8.02013755396395,-0.47336931989740977,0.7135743159980882,-0.6633777439639209,0.5070886562280912,0.9999038733424186
TRPC4AP,7.98479666822022,0.5218691995093379,0.7343291027266715,0.710674815381225,0.47728576954479296,0.9999038733424186
RAPGEF1,16.034983134069844,-0.2485029239903461,0.6210724167523554,-0.40011907997748586,0.6890688116683279,0.9999038733424186
ITCH,9.87289213514253,0.5605816271728379,0.6617021256854971,0.8471812397339628,0.39689410856801277,0.9999038733424186
ABHD12,7.520839434985885,0.3126022695133989,0.8140361449922374,0.3840152202533708,0.7009671666695094,0.9999038733424186
PRRC2B,9.534808782661486,-0.09402160539443134,0.6710037822073086,-0.14012082776216467,0.888564524760296,0.9999038733424186
PCBP2,6.811027662706818,-0.5012412738858348,0.7415974719500947,-0.6758939894546532,0.4991079541306771,0.9999038733424186
HNRNPA1,7.809578976193273,0.3550634321136058,0.69968921700191,0.5074587738182001,0.611832955845883,0.9999038733424186
TRPM2,7.700904061342084,-0.06982756217815292,0.7871048335058576,-0.08871443701740814,0.9293088586962703,0.9999038733424186
PRMT2,12.495367994861526,-0.1551197090734889,0.6074708847778045,-0.255353323032473,0.7984502187715067,0.9999038733424186
NCKAP1L,11.656296577499107,-0.38703018374805087,0.6387830467824533,-0.6058867493392628,0.5445899590301071,0.9999038733424186
CD63,10.694706387634303,0.7247928247579669,0.6499420817742604,1.1151652510010943,0.2647796138985574,0.9999038733424186
RPL41,28.898639442647667,0.19578760592721828,0.48482046332607237,0.4038352766383517,0.6863338536628882,0.9999038733424186
APMAP,10.142244737398961,0.3189263568093231,0.6558859435967436,0.4862527698953214,0.6267879612316851,0.9999038733424186
MT-CO1,11.539436896250306,-0.263250063121453,0.662667142010282,-0.3972583616004434,0.6911769490214867,0.9999038733424186
FNBP1,11.955585845832656,-0.5860476826390091,0.6097582842807276,-0.9611147527586482,0.33649447269918176,0.9999038733424186
PTGES3,12.065367317064748,0.4599662386661501,0.7509499800907803,0.6125124853329725,0.5401987400118482,0.9999038733424186
CERCAM,14.067433965831905,-0.07743533656594447,0.6964571646198306,-0.11118463632750976,0.9114699345245854,0.9999038733424186
NACA,9.944787399120537,-0.5077533096149836,0.6620635617046478,-0.7669253210487011,0.44312591781727506,0.9999038733424186
TUBA1A,11.183295931495856,0.5648463048850697,0.8155675794179886,0.6925806262286192,0.48857277198715443,0.9999038733424186
NFATC2,12.511941549835813,0.4338836464471223,0.6627119404816401,0.6547092634724344,0.5126549599075256,0.9999038733424186
PHF20,7.776474711552094,-0.1567443298234133,0.7325814069121303,-0.21396165442431717,0.8305769600334129,0.9999038733424186
SAMHD1,9.253789500542496,0.19312278238455688,0.7226448271355556,0.2672443988149249,0.7892809935216464,0.9999038733424186
C2CD5,8.439676315468008,-0.016026143230560605,0.6940616716576677,-0.023090373499928957,0.981578184474728,0.9999038733424186
ETNK1,11.708645629240822,0.21425585900404706,0.6441527118226184,0.3326165598182674,0.7394237415562962,0.9999038733424186
PTEN,19.228035522315807,0.5083969406234023,0.5457902013871653,0.9314878488680719,0.35160126723847684,0.9999038733424186
LRMP,11.873960060739867,-0.4197999717361805,0.638749218233678,-0.6572218951547932,0.5110382490349492,0.9999038733424186
TRIM22,6.677863469069025,-0.2721230793761442,0.8457108312202063,-0.3217684689972817,0.7476281030428957,0.9999038733424186
BHLHE41,28.128621036731943,-0.46458804953448707,0.6083808405283468,-0.7636467465527296,0.44507778379768914,0.9999038733424186
CEBPB,9.937615418350658,0.15657499613357223,0.7358502183094389,0.21278106907855737,0.831497730306512,0.9999038733424186
PREX1,18.13502242235612,0.15452812981883465,0.5519498917478144,0.2799676784599108,0.7795023024929113,0.9999038733424186
NCOA3,14.136780232398651,-0.012864613733401673,0.5934504605235262,-0.021677653973092972,0.9827050891304342,0.9999038733424186
STK38L,6.775716388827981,0.5571487758532953,0.7363135449794073,0.7566732673223839,0.4492456343437605,0.9999038733424186
CCDC91,16.12080173599855,-0.22329816225169902,0.5719955331733616,-0.39038445110378395,0.6962522838136855,0.9999038733424186
FAR2,8.52990648308833,-0.2383345233177921,0.7014398150202261,-0.3397790062871177,0.7340229588700069,0.9999038733424186
FGD4,39.92866199816674,0.060416753953028444,0.44054134213893026,0.13714207538318904,0.8909184952985519,0.9999038733424186
SLC2A13,10.712128698504593,-0.14117343557697815,0.709968565043228,-0.1988446285201127,0.8423842844801117,0.9999038733424186
ZMYND8,7.43196821241483,-0.55623745277007,0.7267734818026441,-0.7653518829421416,0.4440620370061028,0.9999038733424186
TMEM117,9.767276751021823,-0.08416888054500184,0.6938054438424008,-0.12131481713210793,0.9034416843248185,0.9999038733424186
STK4,15.407897147529072,-0.4240748358727905,0.6037596539528176,-0.7023901532611037,0.48243588435333984,0.9999038733424186
STIM1,6.85106983616636,0.3664978731241217,0.7705006802633746,0.4756619721592516,0.6343152170670052,0.9999038733424186
KCNQ1,11.857484234725268,-0.5071744701297004,0.7999825800810725,-0.6339818925535877,0.5260926393550427,0.9999038733424186
ARID2,12.015430285784817,-0.4175481664711949,0.6185899720971393,-0.6749998954163873,0.49967583138912,0.9999038733424186
SCAF11,17.311595119528565,-0.14997717136194463,0.5838952746039872,-0.25685628551055334,0.7972897177002886,0.9999038733424186
CD81,14.886098003526143,0.7172087952442973,0.6417962822046839,1.1175022590977903,0.2637796342011812,0.9999038733424186
SLC38A2,7.770900527763426,0.08146277251542207,0.7410738876096392,0.10992530418010436,0.9124686143168863,0.9999038733424186
RPLP2,14.094645128944,0.15519823150733383,0.6127272967704017,0.25329087234298453,0.8000434490033752,0.9999038733424186
CHD6,8.596096166365784,-0.1724622228625408,0.675824862535254,-0.2551877452622489,0.7985780956761392,0.9999038733424186
TOP1,7.96450801969756,-0.26812309678683904,0.6927653717589829,-0.3870330529166816,0.6987317384497322,0.9999038733424186
EHMT1,10.931958162302621,-0.019701297058389786,0.62666396961319,-0.03143837529154654,0.9749199372091538,0.9999038733424186
PCED1B,8.27693656762518,-0.4373045162881351,0.7468504688719453,-0.5855315548621757,0.5581903555627652,0.9999038733424186
CACNA1A,14.198779368251065,0.7063835178848228,0.6419968388412962,1.1002912711528836,0.27120523411343256,0.9999038733424186
ELP4,10.130850361953337,-0.15715828991381628,0.6944179513083737,-0.22631657147933693,0.8209552105527185,0.9999038733424186
DYRK1A,12.967576824249315,-0.4517019692373162,0.6268991256927017,-0.7205337361703947,0.47119643600360095,0.9999038733424186
AP1B1,10.89929887520998,-0.7688989278371796,0.7165864037124738,-1.0730023955990322,0.28327004128613686,0.9999038733424186
RPS25,20.07315809107118,-0.6628668305134335,0.5947983897610363,-1.1144395175308799,0.265090678092168,0.9999038733424186
CBL,6.711263584914122,-0.2313945495230171,0.7806071711417446,-0.2964289313209498,0.7669025336119226,0.9999038733424186
EWSR1,7.175933809404127,0.15027499170477188,0.727246394450119,0.20663559537946813,0.8362944590681985,0.9999038733424186
GRIK1,7.323549170377825,0.17576497848454695,0.754921532481896,0.2328254936730951,0.8158969157726416,0.9999038733424186
MYRF,8.358087673673317,0.8252265569649391,0.7984987295459102,1.0334725985528224,0.30138278732915635,0.9999038733424186
TBRG1,10.605814803639609,-0.12060288815579502,0.636226673921187,-0.1895596225359372,0.849654229996574,0.9999038733424186
PTPRJ,43.974879900343105,-0.3347666471719919,0.4877607694854731,-0.6863336867479709,0.49250271085172914,0.9999038733424186
FNBP4,8.743122715383338,0.7256614293651925,0.6648348963865045,1.091491185720381,0.27505680825717593,0.9999038733424186
TTC28,17.019827023262835,-0.33101580173094935,0.574717216392137,-0.5759629123500851,0.5646402501752728,0.9999038733424186
ADRBK2,11.8941169537676,-0.3403465100706703,0.6654382960058309,-0.5114621627783322,0.6090274765090308,0.9999038733424186
IFNGR2,10.808932247011404,-0.05982256232688272,0.6192486412663298,-0.09660507644320192,0.9230400249356792,0.9999038733424186
FLI1,20.809358814838646,0.08650691066727265,0.5816830870346339,0.1487182842263419,0.8817759329577671,0.9999038733424186
CELF1,13.54065284883817,0.00034516605422780047,0.5898923234141169,0.0005851339990832303,0.9995331306427719,0.9999038733424186
PI4KA,8.202802178511249,0.340553311026832,0.6944114540526078,0.4904200658548355,0.6238366804414108,0.9999038733424186
IL17RA,11.177240177693799,-0.37468980713930045,0.6259035951304822,-0.5986382089100939,0.5494141706847928,0.9999038733424186
ZMYND11,7.336274266653351,-0.6096067528654321,0.7472466003554904,-0.8158039830163452,0.41461225483806974,0.9999038733424186
DIP2C,8.550768079824849,-0.04558406099542869,0.7321721306387071,-0.06225866717388386,0.950356843406585,0.9999038733424186
LARP4B,10.716294298884543,-0.2302128097438185,0.6368890026028471,-0.3614645704400319,0.7177521857942488,0.9999038733424186
KLF6,9.187073802511472,-0.12907478721152665,0.6846054216552364,-0.18853894977847258,0.8504541854510423,0.9999038733424186
FAM208B,8.677625494799463,0.12244893101005994,0.6713701455480255,0.18238661909833273,0.8552793261012728,0.9999038733424186
PFKFB3,8.892773208409865,0.060491771904737736,0.7202561622300795,0.08398646908822166,0.9330671898599903,0.9999038733424186
TTTY14,7.668889357615583,-0.38219086151321097,0.9392249851154358,-0.4069215231388224,0.6840656274547705,0.9999038733424186
UTY,7.784163755847186,-0.8942327498509727,2.039425166936534,-0.4384729404875491,0.6610434815734519,0.9999038733424186
LRP4,20.063759074569088,-0.23284180693352763,0.563628809673422,-0.4131119682623053,0.6795245811578269,0.9999038733424186
LINC00278,7.020282304618788,0.19583645496716692,3.1413022951148846,0.06234244162738395,0.9502901306573439,0.9999038733424186
CELF2,76.13140788990981,0.08329297661252799,0.4586261625701414,0.18161409751627358,0.8558855846265241,0.9999038733424186
DDX6,8.445848110829685,-0.6968630816794459,0.726001286680741,-0.9598648025342843,0.33712326270367443,0.9999038733424186
KMT2A,6.76218544624999,0.20376104971508227,0.7485284324347078,0.27221551097573815,0.7854563159902567,0.9999038733424186
SIK3,42.44241926702062,-0.2985772947408957,0.4418050774219184,-0.6758122755926549,0.499159839849017,0.9999038733424186
MTMR3,8.403571192879497,-0.6932412434865457,0.7026404823769515,-0.9866229755811828,0.3238275025478009,0.9999038733424186
PPP6R2,7.253070625553069,-0.3267346674664202,0.7791980879352709,-0.4193217007657269,0.6749810390300259,0.9999038733424186
TBC1D22A,34.40100788233091,-0.471075596290336,0.5610913866362601,-0.8395701796714999,0.40114942496194916,0.9999038733424186
USP25,8.902646929974606,-0.0811488497925438,0.7214745986652584,-0.11247637816032707,0.9104456983767838,0.9999038733424186
ATXN10,13.49102360225313,-0.038877390921002446,0.5762010707846263,-0.06747191716957798,0.9462060179175558,0.9999038733424186
RSF1,10.972439726462033,-0.17117013877151338,0.6416174466919496,-0.266779121506175,0.7896392304539904,0.9999038733424186
KIAA0930,12.30382828059698,-0.44827689054731557,0.6526500254639241,-0.6868564668003595,0.4921731822784412,0.9999038733424186
NCAM2,18.30408029538602,-0.5975621150680958,0.641483462277411,-0.9315315985647009,0.35157864715540355,0.9999038733424186
CHKA,7.089702407501167,-0.26244488706366237,0.739660456801635,-0.35481805827298113,0.7227258989409574,0.9999038733424186
PACSIN2,8.338699577582412,-0.3803457096673484,0.7447398077995586,-0.5107095198672604,0.6095544736666181,0.9999038733424186
KDM2A,14.772411971127037,0.24953732384786265,0.5723739695513343,0.43596902920562053,0.6628592002662554,0.9999038733424186
TENM4,12.374587722299651,-0.0039051583465662958,0.7675803207466014,-0.005087621765456246,0.9959406826539695,0.9999038733424186
SREBF2,6.8748640753242825,-0.41159552614369793,0.7865546376104126,-0.5232891733931455,0.6007730340193889,0.9999038733424186
PACS1,14.731217452162817,-0.11929676131830493,0.5925373939684355,-0.20133203833657098,0.8404389524657142,0.9999038733424186
USP6NL,13.59780394228482,-0.3804650668946353,0.6033888187257457,-0.6305470951518667,0.5283367001972051,0.9999038733424186
PICALM,57.58929050622549,0.07850465282017122,0.44830289984621774,0.17511520190277785,0.8609891134480105,0.9999038733424186
APP,12.018922553162026,-0.3585797805131336,0.6628261633451683,-0.5409861594832706,0.588517122508335,0.9999038733424186
EP300,8.02560387689059,0.28318521115666734,0.7184368593947414,0.39416854446365857,0.6934566075271344,0.9999038733424186
RPL3,9.527986146676485,-0.5119328638657172,0.6935916110374553,-0.7380897573140803,0.46045990756666055,0.9999038733424186
FAU,14.91321804490319,-0.09070367116849433,0.5892553232502105,-0.15392931992229045,0.8776654656538602,0.9999038733424186
SF1,11.09386908911741,-0.03854572531450476,0.6275447098034647,-0.06142307426442423,0.9510222764459944,0.9999038733424186
CWF19L2,9.107595638702483,0.0567700299239365,0.6919756417912957,0.08204050330005505,0.9346145050200737,0.9999038733424186
RTN3,7.802762264411821,-0.08620522325304855,0.6938908730109822,-0.124234554172734,0.9011295638835369,0.9999038733424186
ATM,26.630419342766757,-0.2814043175944125,0.5373904076107958,-0.523649684864154,0.6005222173433966,0.9999038733424186
SIK2,8.404755690733305,0.4074197068364952,0.700867378641863,0.5813078468939316,0.561032992985112,0.9999038733424186
DDX17,31.71690068281963,-0.04108690831211268,0.5052437599060914,-0.08132096143008163,0.935186704386121,0.9999038733424186
IL18,19.227188073175878,-0.21959099281688205,0.5529363878526369,-0.39713608588806654,0.6912671106797478,0.9999038733424186
CSNK1E,10.254849703097573,-0.45281332561949084,0.6706403666733391,-0.6751954521700462,0.4995515956541552,0.9999038733424186
LARGE,7.566964491193773,0.5630460401116372,0.7397014036703945,0.761180169887208,0.4465494608824808,0.9999038733424186
CFL1,7.760687849351139,-0.15604545971603975,0.7279996136405104,-0.21434827270814424,0.8302754765218145,0.9999038733424186
UPF2,7.9553340151938805,-0.07309995482171981,0.7232949095322458,-0.10106521400654332,0.9194986918186947,0.9999038733424186
CAMK1D,18.527856683312297,-0.6570937001283103,0.7085625561215355,-0.9273615920731815,0.3537388252175513,0.9999038733424186
RPL28,21.68220168774842,0.3973314329327199,0.5575759793289999,0.7126050039151219,0.4760902144711182,0.9999038733424186
TTC17,20.09029195009631,-0.21405698276689455,0.5325493572662905,-0.40194768775180345,0.6877225258687563,0.9999038733424186
ANK3,12.252250251941023,-0.3896365430149385,0.8016868621717262,-0.4860208660017631,0.6269523718677353,0.9999038733424186
JMJD1C,36.49069288225511,-0.02678479728728712,0.45324921995823775,-0.059095076412387565,0.9528763802438659,0.9999038733424186
LRRC4C,18.178787269860678,-0.07093364378468808,0.5294348659279287,-0.13397992529329228,0.8934184485952869,0.9999038733424186
HERC4,12.866571631638775,-0.050506216134275486,0.5928377102864382,-0.08519400041180356,0.9321071602198112,0.9999038733424186
AXL,7.131072925834697,0.22340051436366784,0.7571655998771881,0.2950484205831634,0.76795689095012,0.9999038733424186
PALD1,23.252954277216826,-0.10200378593554547,0.6172034105872233,-0.16526769649327833,0.8687332836193669,0.9999038733424186
C10orf54,12.169673046834061,-0.32694123133060504,0.6638899852782911,-0.4924629661246614,0.6223920960919822,0.9999038733424186
RPS16,13.36538282625574,0.4154109778660487,0.6416508370708378,0.6474097030129607,0.5173668177574919,0.9999038733424186
ZFP36,12.596575797210875,-0.10239394424149142,0.6504054236862539,-0.15743095077707223,0.8749052223896453,0.9999038733424186
ANAPC16,12.58286719654467,0.24930460697495654,0.6266567691380118,0.39783278383457615,0.6907534496118761,0.9999038733424186
TRIM44,10.580189418587478,0.17187080752331424,0.6595504782261511,0.26058779911062707,0.7944103995847499,0.9999038733424186
RYR1,11.134288756988347,-0.050435440938930404,0.6089647169527258,-0.0828216143478896,0.9339933824058637,0.9999038733424186
TGFB1,7.038797028826861,0.3929939978181232,0.7399163414237696,0.5311330157432557,0.5953266068023733,0.9999038733424186
MICU1,7.333723166234986,0.3705905736011247,0.7257167145405622,0.5106545931434674,0.6095929410450287,0.9999038733424186
TYROBP,17.642623539828065,-0.09016794181081007,0.5982730993140498,-0.15071368228688897,0.8802015796229667,0.9999038733424186
ADK,15.713263430502161,-0.10563862222946567,0.5883033898228305,-0.17956487087602724,0.8574941853262883,0.9999038733424186
KAT6B,7.347627143685003,-0.24709114117652256,0.7319871847863338,-0.33756211353433485,0.7356931968955327,0.9999038733424186
APLP1,10.059814856533526,0.4083109098711404,0.7903601896974892,0.5166137100445578,0.6054258431862942,0.9999038733424186
KCNMA1,31.160585871043676,0.38864126659320936,0.7485204373924176,0.5192126322523659,0.6036124709267804,0.9999038733424186
LSM14A,7.663387667450071,0.4615030282689133,0.7115373997578104,0.6485998184016714,0.5165970729239793,0.9999038733424186
NUTM2B-AS1,12.409666490888851,-0.09197509159036847,0.6046172666822822,-0.1521211792297359,0.8790913599975148,0.9999038733424186
TTC3,16.85249680729481,0.21025804948430557,0.540720145648774,0.3888481891719255,0.6973884507656152,0.9999038733424186
QSER1,7.058960138543998,-0.026335521091943627,0.7330742377252851,-0.03592476687444675,0.9713423475008993,0.9999038733424186
UBA52,10.647722170559335,0.4145287247291215,0.6552537423427938,0.632623208296401,0.5269797277146486,0.9999038733424186
CCSER2,7.711061830572672,-0.6276767730498898,0.7256830545132893,-0.8649461623034155,0.3870683390703391,0.9999038733424186
FAM168A,13.236703103880446,0.267117396558938,0.6647576797592524,0.40182671775326745,0.6878115577528521,0.9999038733424186
MYO9B,17.831339021160915,0.380851425993731,0.5253062418135107,0.7250083773589299,0.46844689107950366,0.9999038733424186
P4HA1,16.901116090731175,-0.36930759223640525,0.6329397804484513,-0.5834798248495978,0.5595703347632976,0.9999038733424186
GLUD1,7.869120227563026,-0.05867200587943153,0.7171313803602344,-0.08181486333781546,0.9347939364652805,0.9999038733424186
HSD17B12,8.161918198120498,0.3375109985157431,0.6783037471915927,0.4975809140273115,0.6187794589305738,0.9999038733424186
POU2F2,11.736149934547285,0.5656286918259449,0.6661944070801139,0.8490444918399392,0.3958565356062478,0.9999038733424186
RP11-142M10.2,7.488471787281456,-0.9604859872478778,0.9308434916054006,-1.0318447686531638,0.30214484309241507,0.9999038733424186
PLXDC2,312.3837949209491,-0.19655968321011238,0.3803140849406823,-0.5168351396734883,0.6052712477808229,0.9999038733424186
MLLT10,16.58976441272672,0.5160716374221993,0.5882322626262608,0.8773263049498706,0.3803094284363425,0.9999038733424186
DNAJC1,6.680070014869717,0.20808382228697234,0.7418359766069614,0.2804984239760308,0.7790951344396914,0.9999038733424186
PIP4K2A,26.824611679954852,0.13760809600203236,0.47913200033285325,0.2872028917009007,0.7739569722949163,0.9999038733424186
LENG8,7.7930527625166155,0.2788831154512778,0.6894974322267219,0.4044730297988621,0.6858649067095673,0.9999038733424186
APBB1IP,75.02059546728297,0.09715444707740196,0.46933874484119276,0.2070028271590395,0.8360076505670765,0.9999038733424186
RPS9,17.35756561415466,-0.25983429783279266,0.5996381190495362,-0.43331851257996445,0.6647833908055222,0.9999038733424186
ABI1,9.653564652579654,-0.12251784423714128,0.7481173294808721,-0.16376822111868194,0.8699136097397313,0.9999038733424186
WAC,13.83513368395545,-0.07667545240494232,0.5716606142500741,-0.13412757586164664,0.8933016942750588,0.9999038733424186
FCGRT,6.693315872103782,-0.14281611771787517,0.7430695866739159,-0.19219750112118061,0.8475875032306772,0.9999038733424186
RPS11,15.863029415946178,-0.10011052392037789,0.5681300855135055,-0.17621056598312834,0.8601285202169808,0.9999038733424186
ZEB1,8.2984191711102,-0.4596083604682134,0.7212363053555412,-0.6372507277509339,0.5239615398462827,0.9999038733424186
SGMS1,14.760325478654039,-0.10665565482117804,0.6020130131693936,-0.17716503213057191,0.8593787614598123,0.9999038733424186
RPL13A,23.694716020133967,0.08478122418842358,0.5415752106906524,0.15654561456072735,0.8756029671990838,0.9999038733424186
AMBRA1,9.426042064745273,-0.26101632210647524,0.6774935502088308,-0.3852676118112408,0.7000391549784095,0.9999038733424186
FTL,150.70965196176104,-0.3896083545555569,0.4300407381252698,-0.9059801084288555,0.36494638104423394,0.9999038733424186
SON,20.8360093452609,0.4206006728573676,0.5565341408151769,0.7557499926981974,0.4497991042285876,0.9999038733424186
EPC1,12.77735476601741,-0.03065986110097394,0.6099143394588302,-0.05026912652714161,0.9599079261150618,0.9999038733424186
RUNX1,38.87642173626025,-0.04692403380240568,0.5523624931614263,-0.08495152075557794,0.9322999321483348,0.9999038733424186
RPL18,17.46914339103704,0.5137690285677586,0.5870719055100394,0.8751381623711044,0.3814987347218465,0.9999038733424186
NRP1,8.883257476068819,-0.21785746306785225,0.6770325522339788,-0.3217828483268584,0.7476172088423308,0.9999038733424186
CCNY,18.044299754447483,-0.13060884237019835,0.5502475419807652,-0.2373637906678082,0.8123745779560121,0.9999038733424186
PHF21A,14.417598251672258,0.022179799421242177,0.6141872018693195,0.03611244153856753,0.9711927018862627,0.9999038733424186
MORC3,7.819084442562159,-0.7566194002220561,0.7143551461546582,-1.0591642046605312,0.2895250038844043,0.9999038733424186
APOE,86.42149222465895,0.40695313540007955,0.4823638816608685,0.843664193925267,0.3988570814362299,0.9999038733424186
ARHGAP22,38.97547443337175,-0.4898838285250334,0.5461015249770278,-0.8970563276592951,0.36968886095653175,0.9999038733424186
WDFY4,14.124155870879463,-0.1591123158317592,0.5947651540848037,-0.2675212472334457,0.7890678571958454,0.9999038733424186
SNRNP70,12.796067996468764,0.2674823912435672,0.6181608245788421,0.43270679830900816,0.665227790313573,0.9999038733424186
PAFAH1B1,11.084036964397777,0.2936482884200333,0.6348429793419488,0.46255262793394464,0.6436850710120137,0.9999038733424186
GPCPD1,8.821942733446969,-0.5049245507732067,0.6890054131140781,-0.7328310361033503,0.463661489373003,0.9999038733424186
R3HDM2,8.969723846727009,0.47285795349209625,0.6755526997828174,0.6999571663974028,0.4839540547689528,0.9999038733424186
TCF12,63.411376433754214,-0.2351300539719389,0.42149210816358357,-0.557851616715641,0.5769457125702955,0.9999038733424186
NSF,14.617582129742276,-0.43113712568923923,0.5682471365290976,-0.7587141192169694,0.44802358893051863,0.9999038733424186
RFX7,10.210937985742435,-0.6364759645200359,0.6705204815136138,-0.949226730678343,0.34250530907942667,0.9999038733424186
MYO5A,12.447885267780395,0.5968752752785262,0.6803333163604319,0.8773277170543701,0.38030866166109634,0.9999038733424186
CDC27,9.01143277758166,-0.1858081833641772,0.7250874379023519,-0.25625624393895535,0.7977529816667932,0.9999038733424186
TRPM7,10.077457474318903,-0.10042427880060852,0.6594023197582618,-0.15229591372596968,0.8789535477018704,0.9999038733424186
ARL17B,10.507407488994984,-0.4197523517509469,0.768927143398784,-0.5458935288661715,0.5851391268295895,0.9999038733424186
KPNB1,6.800815165736673,-0.14424798861052926,0.7603586326376649,-0.18971046348239204,0.8495360210409734,0.9999038733424186
FRMD5,13.07366666121034,-0.5392947223803699,0.677209507344657,-0.7963484217682474,0.42582954840524045,0.9999038733424186
CDK5RAP3,7.508809576695005,-0.17193817863936653,0.7587332288154004,-0.22661216368210366,0.8207253330890978,0.9999038733424186
LUC7L3,20.523562054060758,-0.1852774149472044,0.555461892839917,-0.3335555820038963,0.738714940737008,0.9999038733424186
SERF2,16.97683679392017,0.5909576104722949,0.5933579073127524,0.9959547234293579,0.31927214452992436,0.9999038733424186
TTBK2,8.065816400890506,-0.2754107210980696,0.7276891580416059,-0.3784730307639445,0.7050792247361182,0.9999038733424186
SPAG9,8.756530215351834,0.0016240221819332872,0.729391087346958,0.002226545141702245,0.9982234754753596,0.9999038733424186
B2M,56.147629401858985,-0.3483845105254135,0.4434090883695259,-0.785695466474243,0.4320459198377258,0.9999038733424186
MSI2,10.629966596235207,-0.7090169782236617,0.6571181048715219,-1.0789795212875575,0.2805968569175602,0.9999038733424186
RNF111,11.18937990341152,-0.05221097605046973,0.6317101679765494,-0.08265020684677017,0.9341296785160557,0.9999038733424186
KANSL1,23.94524183811373,-0.44092737297640494,0.5460340404458837,-0.8075089469080534,0.4193733220018796,0.9999038733424186
CNP,8.780144851837006,-0.06522866824203978,0.7701619791402039,-0.08469473955967029,0.9325040781653323,0.9999038733424186
KAT2A,7.641470956700002,0.15620725750253692,0.7897618131796739,0.19779033994265707,0.843209104475291,0.9999038733424186
MAP2K5,9.573812875602288,0.039390254722537515,0.7054601473186454,0.0558362578981312,0.9554722503608694,0.9999038733424186
STAT3,7.923875452581623,0.7034565442585481,0.7184765889091638,0.979094594197676,0.3275332424205716,0.9999038733424186
RPL4,9.65560719660382,-0.048264209055703416,0.6837842541898657,-0.07058397259072002,0.9437288666136766,0.9999038733424186
MAP2K1,9.077856070108348,0.08924385784768861,0.6813813216720542,0.1309749108306806,0.8957951546665163,0.9999038733424186
SLTM,11.7483062733099,-0.003783847203036005,0.6140639118329431,-0.006161976188669765,0.9950834854483476,0.9999038733424186
RAB11A,15.733296206210639,-0.2489951371300137,0.5974977408842176,-0.4167298386125006,0.6768760265253698,0.9999038733424186
ZNF609,25.23403936394335,-0.09531594378259238,0.4990563372139302,-0.19099235231579345,0.8485315848365771,0.9999038733424186
HERC1,14.600407916830548,-0.2097588104069858,0.588195081492081,-0.35661435637116906,0.7213805284206487,0.9999038733424186
USP3,7.778020246685141,0.6282172259150297,0.6892477636287477,0.9114534120612816,0.3620565219530343,0.9999038733424186
GPATCH8,13.37482384323934,-0.3452022855757897,0.5899034256503212,-0.5851844057274831,0.558423729286263,0.9999038733424186
TLN2,22.914341838088376,-0.6397993242880002,0.6146229827781247,-1.040962252007039,0.2978930678323497,0.9999038733424186
VPS13C,22.837158271612406,0.4597232119978603,0.5182564451731048,0.8870573946153366,0.3750480006995677,0.9999038733424186
DENND4A,18.43230116001572,0.10346295633631478,0.5485562209837814,0.18860957615386112,0.8503988268420377,0.9999038733424186
ZNF106,6.845881624089447,0.1820599436259327,0.757757500482389,0.24026148670258388,0.8101275497862899,0.9999038733424186
TMEM87A,8.453900914330395,-0.10106336741103428,0.6958463149293126,-0.14523805794861583,0.8845229185885174,0.9999038733424186
YPEL2,7.443483889320863,0.17538411695557207,0.7451449425569083,0.23536913013695668,0.8139222436856548,0.9999038733424186
MEG3,15.478007684881634,-0.4309225474088633,0.6661214704924129,-0.6469128627400571,0.517688340529059,0.9999038733424186
SLC25A29,9.524791662475158,0.060192052303749986,0.7255952271541247,0.08295541377777628,0.9338869920129697,0.9999038733424186
EVL,16.122608679735638,-0.49874383839567726,0.5920312692723255,-0.8424282031736106,0.39954831193300544,0.9999038733424186
SMURF2,11.387016135812198,-0.09747294694212348,0.6349783375249389,-0.1535059405680831,0.877999305935774,0.9999038733424186
PAPOLA,9.068915132218587,0.026801568139011175,0.7215545443528331,0.03714420253987823,0.9703700277982388,0.9999038733424186
DICER1,8.928817822355436,0.5179365116098397,0.6599148888062433,0.784853502164141,0.4325394669176945,0.9999038733424186
PPP2R5C,8.410507380998693,-0.520821382782315,0.7347462732761436,-0.7088452187175259,0.4784205332924827,0.9999038733424186
BTBD7,9.79943477635127,-0.0054000165352613766,0.6361955415906526,-0.008487982361146298,0.993227651241703,0.9999038733424186
GNA13,6.781651803950605,-0.6904774757723908,0.8790180876332121,-0.7855099746940661,0.43215462436025454,0.9999038733424186
CALM1,10.914491219144253,-0.3227489850908874,0.6965913206156714,-0.46332616491062606,0.6431305938281998,0.9999038733424186
KCNK13,9.80838854423146,-0.2439247524316162,0.6656240029748075,-0.366460270875851,0.7140216530398065,0.9999038733424186
HELZ,13.094898951078896,-0.09196935861352076,0.7110221735391916,-0.1293480879164894,0.8970822223423167,0.9999038733424186
PITPNC1,9.066866783452745,-0.20797432528445883,0.6992921636393408,-0.2974069153043182,0.7661558647640752,0.9999038733424186
BPTF,11.893880671959684,-0.5950746629855244,0.6453941140436318,-0.9220329873434426,0.3565113693671066,0.9999038733424186
RIN3,16.559492055750606,0.2779789907898857,0.548394564056963,0.506895963252129,0.6122278182243119,0.9999038733424186
DYNC1H1,6.828182709476839,0.22473567173142517,0.8601017159356237,0.2612896446636621,0.7938691516358021,0.9999038733424186
HSP90AA1,33.17890615756023,0.6615686247762471,0.7770088846064,0.8514299358512095,0.3945305683510829,0.9999038733424186
DDX5,29.711921870825467,0.08991044980067234,0.5154697389090362,0.1744243027553139,0.8615320162252451,0.9999038733424186
SRP14,7.4956406852360375,-0.1313095278529164,0.7817633726979352,-0.167965822445423,0.8666101667711625,0.9999038733424186
SPRED1,22.439211518013668,-0.46098461923665257,0.5285408304781718,-0.8721835526303597,0.38310825068371956,0.9999038733424186
DPH6,9.262708213009288,-0.14331768183652294,0.7353940157478545,-0.19488556986798009,0.84548253117389,0.9999038733424186
VMP1,14.863958831694768,-0.033720124915317756,0.5874692658356422,-0.057398960041514284,0.9542273914048852,0.9999038733424186
RP11-1000B6.3,14.33435919227429,-0.5011269034772532,0.689511465121215,-0.7267854543784213,0.46735739496451234,0.9999038733424186
USP32,9.435883066100414,-0.08623029145725175,0.7203901593685997,-0.11969943000447147,0.9047212519042109,0.9999038733424186
BCAS3,21.18249954941975,-0.5291905875228256,0.5246899076644703,-1.008577790029141,0.31317716334725787,0.9999038733424186
HERC2,8.093054804212827,0.2964955040622761,0.6779209430662456,0.4373600005942034,0.661850287808114,0.9999038733424186
UBE3A,7.099089736114403,0.3594368154158298,0.7470518583136412,0.48114038057171177,0.6304167303235386,0.9999038733424186
CYFIP1,24.19708036531151,-0.18353740299389493,0.670575644077998,-0.27370126638919023,0.784314204469813,0.9999038733424186
PACS2,9.440465663231954,0.2608468088987801,0.7248917375615518,0.35984243630122925,0.7189649663813942,0.9999038733424186
MED13,7.8865769428912165,-0.7024086432681911,0.7212703862050931,-0.9738492758088384,0.33013138245442286,0.9999038733424186
TANC2,21.923206969872677,0.26101240990894925,0.5349686620009887,0.48790224259615955,0.6256190859673387,0.9999038733424186
CKB,10.123327238489903,-0.13617254454922317,0.7493987187211005,-0.1817090704152935,0.8558110473199915,0.9999038733424186
DCAF7,6.890084387442926,0.41288989043493274,0.7643115443607209,0.5402115060034565,0.5890511786070527,0.9999038733424186
PIAS1,23.241988797684442,-0.2628773459670904,0.523601365340117,-0.5020562652588435,0.6156279431219875,0.9999038733424186
ANP32A,9.859904834202789,0.09650847040132203,0.6399193763300143,0.15081348365290226,0.8801228495118385,0.9999038733424186
GLCE,7.51169910255132,0.197523292680975,0.7147571403754296,0.2763502195686005,0.7822790874257239,0.9999038733424186
EIF1,17.320517159924183,-0.009137987131822026,0.5608097069675866,-0.01629427418657391,0.9869996254734669,0.9999038733424186
MPRIP,9.293239151809132,0.7089891702202612,0.6838506314630932,1.0367602771724935,0.29984759236019687,0.9999038733424186
ULK2,7.513301254648403,-0.6571466730699029,0.7432918533194288,-0.8841031556247865,0.37664052989589625,0.9999038733424186
AKAP10,9.170770933803004,-0.29374809237803207,0.6723587023467478,-0.43689193187023073,0.6621897234005589,0.9999038733424186
SPECC1,10.491318339316583,-0.3786318304646276,0.6354968883617803,-0.5958043814198463,0.5513059164013936,0.9999038733424186
WSB1,30.233669734479538,-0.378272607564228,0.4616547001389745,-0.8193842875429503,0.41256719664502195,0.9999038733424186
LPCAT2,32.60278317681763,-0.3025355666848435,0.5427877044490382,-0.5573736549392456,0.5772721614867903,0.9999038733424186
UBB,13.589282577997723,-0.1539162124141505,0.6834735629529647,-0.22519702407969028,0.8218260044377365,0.9999038733424186
FTO,18.163690123201775,-0.2256434423975562,0.5784555069700138,-0.3900791671592699,0.6964780072509038,0.9999038733424186
NLK,10.806639884329508,0.33570829677490394,0.623191767643119,0.5386918027568567,0.5900995308286254,0.9999038733424186
LONP2,10.875405820350855,-0.4541399377561601,0.6336161110370618,-0.7167430402185532,0.47353266344078415,0.9999038733424186
PHKB,8.848165281673518,-0.09511990499675886,0.6641144858952959,-0.1432281737817046,0.8861099797481472,0.9999038733424186
ITFG1,17.811911115205586,-0.25636210954589345,0.5315129377337208,-0.4823252480719983,0.6295749142221804,0.9999038733424186
NUFIP2,7.423258520430963,-0.3612920372712801,0.7497441842366023,-0.48188708211074904,0.6298861632142916,0.9999038733424186
ITGAX,11.369348229021346,-0.5707486087209499,0.6315405021810854,-0.9037403092118639,0.3661331196026526,0.9999038733424186
CHD9,42.34360600985987,-0.3373068207234415,0.4993508234331709,-0.6754906668709717,0.4993640790470476,0.9999038733424186
NCOR1,12.773913178788115,-0.4290870080911745,0.6350794269669956,-0.6756430611213511,0.49926729479763776,0.9999038733424186
MAP2K4,7.923356412322253,0.42614665917373523,0.6964437993725936,0.6118895157909923,0.5406108586369931,0.9999038733424186
NFAT5,13.452629007434412,-0.15350751020330036,0.5778099490525561,-0.2656712824952374,0.7904923820310749,0.9999038733424186
RABEP1,8.577623158464693,-0.27574076449934076,0.8092670086297963,-0.34072903202394095,0.73330758071504,0.9999038733424186
SMG6,6.8229840390641625,0.16242980608507335,0.7979488614738702,0.203559167670286,0.8386980044526265,0.9999038733424186
ABR,33.76942752143977,-0.5575554192951908,0.495829585530624,-1.1244900174694283,0.260805203045575,0.9999038733424186
VPS53,7.7445166741573255,-0.30575135932461545,0.7053752095778215,-0.43345917913334747,0.664681215714442,0.9999038733424186
TCF25,9.885329099709702,0.25226160898917294,0.6744400755593216,0.3740311676763413,0.708381127915698,0.9999038733424186
ACADVL,8.301942207492257,0.521837032191491,0.9089851171089816,0.5740875426554712,0.5659085627727147,0.9999038733424186
RPL13,42.56140388246843,0.22476570464312776,0.5503435655330045,0.40840979838738284,0.6829728409909144,0.9999038733424186
SPG7,6.956808974722036,0.4414148498556647,0.779548907197711,0.5662439466978972,0.5712279591092584,0.9999038733424186
ANKRD11,16.81830362607424,0.3333694529739809,0.5472573143228587,0.6091639969882742,0.5424157416724532,0.9999038733424186
CYBA,20.54759029308718,-0.2975871145813494,0.6358453334756328,-0.46801808382345184,0.6397716576374846,0.9999038733424186
CMIP,22.918525729225337,-0.13608885563764053,0.5303109802415182,-0.2566208521189999,0.7974714762822649,0.9999038733424186
PIK3R5,15.876100619013236,-0.12597881332747457,0.6024306160049671,-0.20911754811351732,0.8343564761285801,0.9999038733424186
STX8,10.9194469409699,0.004830662168729627,0.6765406940073899,0.007140238882181507,0.994302962044196,0.9999038733424186
GLG1,9.637624016432353,0.47622972282928727,0.6552872237081239,0.726749592544182,0.4673793673563237,0.9999038733424186
ZFHX3,34.55708785604339,-0.18641760969548288,0.4529843035444025,-0.4115321617920251,0.6806823632330206,0.9999038733424186
FUS,17.669359848989547,-0.3523877403417118,0.54311067495831,-0.6488322851852646,0.5164467869854015,0.9999038733424186
VASH1,9.138215284835224,-0.019568326230916536,0.7351583831380183,-0.026617837298391775,0.9787645461932082,0.9999038733424186
TAOK1,7.495091657614913,-0.27339060372109397,0.7644079404448574,-0.3576501358188282,0.7206051537181934,0.9999038733424186
TNRC6A,10.144701620654407,0.3026075241317163,0.6824562647481774,0.443409401836727,0.6574696366713257,0.9999038733424186
TAF15,11.079577801373544,-0.28350819029399166,0.6160997558262861,-0.46016604878176404,0.6453970384617824,0.9999038733424186
ACACA,7.486853809584065,0.5759410598431198,0.7119413270246169,0.8089726470159042,0.4185308799719627,0.9999038733424186
PDE8A,11.76634699707977,-0.060023044586655284,0.6201910882843766,-0.09678153349912838,0.9228998892150571,0.9999038733424186
RPS17,8.508128066541373,0.534452879565846,0.7153835113135449,0.747085823357202,0.4550117570461014,0.9999038733424186
ZFAND6,7.130089391613371,-0.6278990256094245,0.774196813546235,-0.8110328208835057,0.41734682288217706,0.9999038733424186
RPL23,9.44967487906177,-0.6191032412154552,0.6932187554729737,-0.8930849552578096,0.3718116790983518,0.9999038733424186
AKAP13,32.365807111513725,-0.02995127725838599,0.5510579205462385,-0.05435232149226104,0.9566544646026042,0.9999038733424186
MORF4L1,8.500205560598456,0.5077798949632722,0.7086384189173531,0.7165571064281987,0.47364741915300035,0.9999038733424186
RPL19,18.896746062612515,-0.6220535382532232,0.5947387401048004,-1.0459273901404331,0.2955945573201185,0.9999038733424186
PEAK1,18.975574175859432,-0.4496122216336657,0.5482110558728931,-0.8201443893132861,0.41213379963645536,0.9999038733424186
SCAPER,15.224663227439052,0.1920814147086373,0.5618231305038327,0.34188947424856325,0.7324340711897817,0.9999038733424186
FBXL20,7.807665465737652,-0.8715820010024046,0.7959749543511977,-1.0949867156471456,0.27352245642373474,0.9999038733424186
ADPGK,8.12238171613287,0.1060756451378691,0.6935951786111603,0.15293596093080208,0.8784487767580905,0.9999038733424186
ARIH1,9.533909769486753,-0.22199389657873203,0.6635665218413225,-0.3345465590438829,0.7379671636528888,0.9999038733424186
TBC1D2B,8.59639901759331,0.7083979491377763,0.7095715340498706,0.9983460653989371,0.318111577280901,0.9999038733424186
ZNF207,11.644350866449075,0.4591398774817635,0.6293007804405475,0.7296032227392737,0.46563275173631413,0.9999038733424186
CHD2,8.152031164219167,0.02458085497724787,0.7068646440151743,0.03477448643862316,0.972259565195806,0.9999038733424186
MEF2A,122.31628123425479,-0.35599471163074975,0.5368599118222839,-0.6631054094212091,0.507263046407312,0.9999038733424186
PRKCB,13.791099501379739,-0.017034955444798112,0.6173830715321046,-0.027592197179174317,0.9779874050466266,0.9999038733424186
GPRC5B,11.218405340828113,0.43807587202387444,0.7121239112951813,0.6151680417908174,0.5384437507276498,0.9999038733424186
SYT17,10.770966646537067,-0.28841443148995627,0.6943278765581707,-0.41538650719260434,0.6778589824931579,0.9999038733424186
SMG1,7.685591969996705,-0.2240858019866239,0.7639494053454152,-0.2933254485423741,0.7692734035734954,0.9999038733424186
PDXDC1,10.331180167063858,0.143032171671134,0.7039269532389197,0.20319178149524195,0.8389851362667665,0.9999038733424186
ABHD15-AS1,7.718474691688756,-0.049844056646135365,0.8450182406662327,-0.058985775983767065,0.9529634375051278,0.9999038733424186
CLEC16A,7.296473048132861,-0.17585375070856177,0.7553106088454624,-0.23282309112189592,0.8158987814725043,0.9999038733424186
ATF7IP2,9.475464229439563,-0.05715195989065562,0.6641705542584241,-0.08605012601690588,0.9314265701657356,0.9999038733424186
CREBBP,7.4651836277048815,-0.7500878360725151,0.8133538956675723,-0.9222158276587208,0.35641600880351043,0.9999038733424186
SSH2,73.89006142818671,0.11484763779552659,0.4949133926671133,0.23205603141310616,0.816494494584142,0.9999038733424186
CRLF3,8.591675273948947,-0.2529105108583875,0.6739658759392353,-0.37525714563208823,0.7074692340507343,0.9999038733424186
NF1,22.47836491443999,0.0010367244964009637,0.6149332496816554,0.0016859138726644971,0.9986548359873855,0.9999038733424186
SRRM2,14.919690501279865,0.4964368449862036,0.5938551526002211,0.8359561128880213,0.403179593090483,0.9999038733424186
RPS2,22.509235822236054,0.40476123673984254,0.518094072005515,0.7812504689988692,0.4346551955680098,0.9999038733424186
SUZ12,7.075172886744631,0.13754302508643565,0.7162793134371845,0.19202428788067705,0.8477231804649699,0.9999038733424186
ARHGAP17,8.498001798400159,-0.7512183159127465,0.7245939803353182,-1.0367437990101813,0.29985527387879074,0.9999038733424186
GPATCH2L,9.35568613013237,0.06505478209343987,0.7351880423318848,0.0884872690354127,0.9294894024844679,0.9999038733424186
JDP2,7.292367717388078,-0.20852105128277598,0.7644087217230293,-0.27278737847568685,0.7850166622614254,0.9999038733424186
SLC39A11,12.588057936188989,-0.34541164289349735,0.6122848916170791,-0.5641354990505246,0.5726619204380532,0.9999038733424186
UBL3,8.203792699839349,0.15156633805392147,0.703380937146205,0.21548257857095843,0.8293910933293556,0.9999038733424186
CDH20,12.080918847626187,-0.6723510495949013,0.6870389936322595,-0.9786213822308608,0.3277670902465154,0.9999038733424186
PAN3,22.897781102183057,-0.3829968084773664,0.6036272794633384,-0.634492213171469,0.5257596470066348,0.9999038733424186
KIAA1468,8.909472686916882,-0.779698389618431,0.7017740362117755,-1.1110390943319826,0.26655152198097176,0.9999038733424186
MICU2,7.948378223455847,0.048274537705256575,0.7874684624191136,0.061303455324365055,0.9511175390291884,0.9999038733424186
ZMYM2,11.862806541802156,-0.0700218811499727,0.683480744629867,-0.10244894490464751,0.9184003355980422,0.9999038733424186
NEDD4L,9.76572547312737,-0.3171906418126217,0.6615936628235269,-0.4794342201812004,0.6316297539030569,0.9999038733424186
PSPC1,6.828392562357408,0.1355521244659718,0.7491459345726889,0.18094221460774587,0.8564129332351591,0.9999038733424186
PHLPP1,15.996868037746388,-0.2075055913279888,0.6096103640130013,-0.3403905241407006,0.7335624537560382,0.9999038733424186
NCOR2,9.343567498227072,0.5657331368550791,0.6760066556544048,0.8368750989698823,0.4026627785533342,0.9999038733424186
BCL2,17.45014503709978,-0.20826736320804648,0.642086103177471,-0.3243604902479596,0.7456651283077965,0.9999038733424186
ARL6IP4,8.143432097466938,0.6322201506105615,0.6855288688791009,0.9222370921363183,0.3564049193359683,0.9999038733424186
ANAPC5,7.273607965424163,-0.3851624748892417,0.726410460598606,-0.5302270490045594,0.595954519140353,0.9999038733424186
P2RX7,10.269599522457867,-0.09000584846966261,0.6549380819779188,-0.13742650022402753,0.8906936856146282,0.9999038733424186
MPHOSPH8,8.685696294689356,-0.05512831799481351,0.6971056943769055,-0.0790817209492011,0.9369676225425674,0.9999038733424186
HSPH1,9.387835340806573,0.2235576564661116,0.9031827627490959,0.24752205831037977,0.804504222442527,0.9999038733424186
PDS5B,8.797690374620347,-0.6418885985524359,0.7694742412773502,-0.8341911452251886,0.4041732800956752,0.9999038733424186
NBEA,13.062324110440008,-0.13293383547988244,0.5885672672427734,-0.22586005521956695,0.8213102663647593,0.9999038733424186
TRIM13,8.385930946748788,-0.441806047166649,0.7429791407159512,-0.5946412529709986,0.5520832985867246,0.9999038733424186
DLEU2,32.07240319968429,-0.1690695243294201,0.491567338160316,-0.3439397030774267,0.7308916325504335,0.9999038733424186
MAPRE2,9.043788814111624,-0.42827981789878755,0.7472348088393572,-0.5731529270752433,0.5665411536163669,0.9999038733424186
GALNT1,8.77234035326641,0.4651521118471771,0.6636100957135115,0.7009418856822047,0.48333928338332166,0.9999038733424186
FNDC3A,13.639987812824614,0.020850233360539715,0.5732826444499849,0.03636990158762561,0.9709874133482335,0.9999038733424186
RCBTB2,7.009823622752852,-0.41714505465695684,0.7622293590243252,-0.5472697288791317,0.5841934373970934,0.9999038733424186
KIAA1328,8.917218205180102,0.06100031508432597,0.6874402580714125,0.08873544190655931,0.9292921650561254,0.9999038733424186
RB1,30.671158774807576,0.40443151066010286,0.4873465856195419,0.8298642538881589,0.40661553733326616,0.9999038733424186
SETBP1,11.992956853447467,0.28320233291248437,0.6333984492571357,0.44711560826306185,0.654791590023077,0.9999038733424186
SMAD2,6.746978288864084,-0.25524239632827156,0.7599026810517365,-0.335888269238642,0.7369551234579664,0.9999038733424186
KIAA0226L,7.762794153663111,-0.00561203503344817,0.7220541586411567,-0.00777231869145319,0.9937986493506805,0.9999038733424186
ZC3H13,6.988113426033068,0.7540354511346421,0.7421520458526748,1.0160120899058012,0.3096236293831127,0.9999038733424186
TPT1,15.107209849830179,-0.21043358357682598,0.6432794085800471,-0.3271262545793746,0.7435723949927655,0.9999038733424186
EPSTI1,8.468899721641892,0.5115667512677762,0.8035011798969833,0.6366720598137318,0.5243384766457238,0.9999038733424186
DYM,14.588358337150071,0.35343309326699746,0.5750072498918009,0.6146584992337105,0.5387802725008425,0.9999038733424186
SPPL3,10.78819244070167,-0.4666260686152873,0.6365516943038729,-0.7330529048792892,0.46352616254672585,0.9999038733424186
DTNA,22.88300149412123,0.28386795742031434,0.5061972598031117,0.5607852510515888,0.574943942372913,0.9999038733424186
SOCS6,15.692761301957205,-0.4825972878056349,0.6084069427692081,-0.7932146296836432,0.4276527853450032,0.9999038733424186
MBP,30.989215868869305,-0.15740844697323075,0.5154266320214816,-0.3053944774950441,0.7600657273445198,0.9999038733424186
TMCC3,7.772363418461784,-0.632033104511283,0.7633442969703402,-0.8279790744750145,0.40768235069051795,0.9999038733424186
CRADD,8.958505771554714,0.02369039570196437,0.6623605581427888,0.03576661594765022,0.971468452640401,0.9999038733424186
ESF1,12.082484821201517,0.22072745739706207,0.5957635308509539,0.37049508062668396,0.7110136412870398,0.9999038733424186
BTG1,6.922561296267496,-0.8558396734106258,0.800468151654163,-1.0691739223378693,0.28499130702094766,0.9999038733424186
ATP2B1,8.76576476494932,-0.6204281768255988,0.6870056549397665,-0.9030903492053426,0.36647794557030233,0.9999038733424186
TMTC2,9.335625475870737,-0.33938127216068154,0.7007849944915843,-0.4842872989980341,0.6281819885094525,0.9999038733424186
ANKS1B,9.073414867022429,-0.7826733278980931,0.7012130193197706,-1.1161705592080209,0.26434913398367355,0.9999038733424186
PPP1R12A,12.013286868005396,-0.44758588415441014,0.6361784300415941,-0.7035540078357363,0.4817105618193511,0.9999038733424186
OSBPL8,7.7094436332911584,-0.12596737630321206,0.7169767639550291,-0.17569241101809696,0.8605355976950672,0.9999038733424186
ZFC3H1,8.20202826666491,0.6228646383457318,0.6954458962397119,0.8956334945875327,0.37044854059408006,0.9999038733424186
CNOT2,12.858725972009085,-0.12238595090983508,0.6266697459170296,-0.19529577055095115,0.8451614079365444,0.9999038733424186
RAP1B,11.315808386022029,0.6334153866983556,0.6155232109250633,1.0290682389481338,0.30344760975426943,0.9999038733424186
IRAK3,9.229338722868874,0.3206944917394852,0.6620693343829568,0.4843820353624592,0.628114765436596,0.9999038733424186
RALGAPA2,9.05146918275039,-0.3270814766082397,0.6895457238245432,-0.4743434195981854,0.6352550336013651,0.9999038733424186
NAV3,67.57512339870918,-0.06934552431014354,0.46739813254917634,-0.148365000801212,0.8820547196572144,0.9999038733424186
CHPT1,10.070615597599351,0.5789165231003022,0.646614799059144,0.895303546938075,0.3706248447592313,0.9999038733424186
PFN1,11.684242011422688,0.5548278456084249,0.6109799025734405,0.9080950834413641,0.36382798784452397,0.9999038733424186
GNPTAB,6.700091348233298,-0.08218399648770892,0.8447483645260401,-0.09728813921269869,0.9224975748551671,0.9999038733424186
TAOK3,25.159548523171633,-0.16264982154579966,0.4906467582497034,-0.3315008584302574,0.7402661926754415,0.9999038733424186
MED13L,47.978777315595515,-0.2411987092263157,0.4458115436355881,-0.5410328930905265,0.5884849109114043,0.9999038733424186
RPL6,11.694346555719875,0.13739288609711028,0.6293493803339189,0.21830940077229066,0.8271880503467457,0.9999038733424186
ATXN2,8.790191427975495,0.4272109863103952,0.7050798119937813,0.6059044366939882,0.5445782131344417,0.9999038733424186
SIRPA,6.7956606131163,0.383246541627234,0.7584991671036359,0.5052695615878903,0.6133695185794439,0.9999038733424186
ARPC3,7.154590285875691,-0.5363175477821287,0.7379904865234339,-0.7267269125766688,0.4673932635706157,0.9999038733424186
PTPRA,7.633695826571885,-0.777829889323668,0.7425632896528878,-1.0474930556926207,0.2948722333160879,0.9999038733424186
C20orf194,15.283796396834708,0.24108770217628153,0.6484568692717964,0.3717867966253763,0.7100515949333888,0.9999038733424186
GIT2,8.745464144363277,0.39939076672500057,0.7197467502956523,0.5549045779796044,0.578959930411272,0.9999038733424186
NUAK1,7.955166711017935,0.28612412359744704,0.6934159480192995,0.41262985717986905,0.6798778226698454,0.9999038733424186
APPL2,12.743499045458444,-0.5731811679181218,0.6396573168327806,-0.8960753716633604,0.3702125096778349,0.9999038733424186
ATRN,11.199142975906334,-0.7373109744569446,0.6798251481040006,-1.0845597232071646,0.27811670188227366,0.9999038733424186
KIAA1033,12.83928276606155,-0.20142025779575964,0.5979152730550908,-0.3368709027394273,0.7362142208288837,0.9999038733424186
CHST11,74.76279230617207,0.2614407945556698,0.5300872975645071,0.49320328134038094,0.6218689595791367,0.9999038733424186
TXNRD1,20.067976571493645,0.23976594856018296,0.571463449008586,0.4195648015216815,0.6748034062624204,0.9999038733424186
ZNF407,8.329990824845487,0.729548795480188,0.7141484574493336,1.0215646170907637,0.3069870114386529,0.9999038733424186
LRP1,10.708501234347516,0.3391606762187663,0.622670318903321,0.5446873986479931,0.5859685330988403,0.9999038733424186
DLEU7-AS1,13.177684771341271,-0.9736293511178443,1.7458660854707093,-0.5576769943700124,0.5770649699191237,0.9999038733424186
GAREM1,13.786616855974593,0.06663424324184641,0.6730064507934528,0.09900981359582335,0.9211304782699584,0.9999038733424186
HIF1A,18.243539317009095,-0.6431550806509254,0.6474026779226687,-0.9934390180692909,0.32049605487964516,0.9999038733424186
MNAT1,7.369899448165806,-0.5467318989361033,0.7796638549962399,-0.7012405351774835,0.48315291694540174,0.9999038733424186
PELI2,7.422162591215393,0.033243969690343295,0.7123552697692355,0.04666768268747776,0.9627780877491945,0.9999038733424186
KTN1,13.603107802691957,-0.37717728810591333,0.6011950290294611,-0.6273792528105385,0.530410664222809,0.9999038733424186
SAMD4A,7.7898789837140185,-0.517951073069672,0.756287435320727,-0.6848600794881896,0.4934322190696826,0.9999038733424186
MAP4K5,9.771348797806928,-0.6257633981200134,0.6671057155907393,-0.9380273373402052,0.3482303614418236,0.9999038733424186
PPP2R5E,7.59418872594357,0.1409658732921657,0.7298642978876926,0.1931398394196516,0.8468494526634947,0.9999038733424186
SOS2,7.22671042315745,-0.2174436038784912,0.7392681110444831,-0.29413361760089124,0.7686558033437773,0.9999038733424186
RPS29,6.656501867831513,0.6479081980803232,0.9070133489772644,0.7143314911637139,0.4750222238397447,0.9999038733424186
MIS18BP1,17.10797948628741,-0.40831246531678594,0.5783167011284566,-0.7060360949632871,0.4801656910292291,0.9999038733424186
RALGAPA1,11.429837403951135,0.035695741005333854,0.6119794338829905,0.05832833430176809,0.9534870984210757,0.9999038733424186
AATK,7.237406749060827,0.6829591309198745,0.7349732027068959,0.9292299751943958,0.35276991612567465,0.9999038733424186
ACTG1,9.240812839380665,0.0932473342045987,0.8132712171585496,0.1146571183600856,0.9087169042845369,0.9999038733424186
SMCHD1,8.477832651744649,-0.45895323887521156,0.6930047473679435,-0.6622656491435769,0.5078009874902257,0.9999038733424186
NEMF,9.349536609257099,-0.3638327301237268,0.67448375530907,-0.5394240072646479,0.5895943195192311,0.9999038733424186
RNF213,11.595168243518897,0.253133264003073,0.6918351407093296,0.36588668182356093,0.7144496346942576,0.9999038733424186
ZBTB1,7.57052176320416,0.34072239509919905,0.8363467184376315,0.4073937131429154,0.6837188436890272,0.9999038733424186
TIMP2,6.8632981176054875,-0.22636560666433583,0.7839468819437422,-0.28875120480494537,0.7727717750834696,0.9999038733424186
TMED10,7.969130057189022,0.7302769827456603,0.7627568069090503,0.9574178507891535,0.33835639201593615,0.9999038733424186
NPC2,10.737467121600893,-0.34233065717472183,0.6513916346501972,-0.5255373863659705,0.5992096706335466,0.9999038733424186
NUMB,20.035459385496868,0.00034592275998758054,0.5230556348946238,0.0006613498391184927,0.9994723192125444,0.9999038733424186
TTYH2,8.029925759551501,0.8232598267317665,0.8149929858843641,1.0101434503002893,0.31242656766747157,0.9999038733424186
PSEN1,6.939896801946198,-0.29661891697721543,0.7283596734745932,-0.40724236634657973,0.6838299878961942,0.9999038733424186
GRB2,13.532796549430572,-0.286029560998216,0.6049113544141208,-0.47284541596222196,0.6363234697658214,0.9999038733424186
RBM25,11.929564212175151,0.42526685653072455,0.6028440009103332,0.7054343344025059,0.48053998337669634,0.9999038733424186
SIPA1L1,16.95166927231089,0.16957353356531443,0.5867868518695694,0.28898659372655333,0.7725916367353219,0.9999038733424186
SUSD6,18.536755477908972,-0.2004654863831422,0.5522686224005686,-0.3629854716564752,0.7166157371843815,0.9999038733424186
DCAF5,7.512379448190239,0.4381943510913686,0.7519884647005166,0.5827141926517209,0.5600857173261713,0.9999038733424186
SRSF2,9.496205566694995,0.2197385271060344,0.665615665870084,0.33012823822106874,0.7413030671958486,0.9999038733424186
SEC14L1,7.584992278123913,0.009613308699533167,0.7060650855659751,0.013615329374100447,0.9891368745324826,0.9999038733424186
GPHN,17.850657858055452,-0.17640196855582543,0.5411445705483758,-0.3259793743787658,0.7444399603891798,0.9999038733424186
FUT8,7.591592956786259,0.2212902374141626,0.7381476959592019,0.29979127297363195,0.7643363724950445,0.9999038733424186
MAX,7.8404428541350795,-0.7307386079623289,0.7625280514046102,-0.958310460338182,0.33790623068824777,0.9999038733424186
LPIN2,8.046665999782459,0.03194580990397127,0.735927856904262,0.04340888798306102,0.9653755927952126,0.9999038733424186
INTS6,8.492683231390686,0.358381918639152,0.731638827496005,0.489834471833179,0.6242510354107598,0.9999038733424186
EPB41L3,13.870713586046056,0.007433927895288795,0.5887975124796687,0.01262561022715851,0.9899264881595077,0.9999038733424186
HECTD1,6.933770482191703,0.05031041955636957,0.747414836798825,0.0673125780749134,0.9463328637448796,0.9999038733424186
IRS2,9.801200712331868,-0.16320572624249155,0.6898304780535834,-0.23658816395441193,0.8129763033480277,0.9999038733424186
ARGLU1,13.745820180232831,-0.02766478140133238,0.5841293615200422,-0.04736071018471336,0.9622257425912449,0.9999038733424186
TPP2,6.85651393367003,0.691885661856622,0.7354547507620518,0.9407589809430357,0.3468283859081476,0.9999038733424186
PCCA,11.054100528826245,-0.5233633476051226,0.6455884292583238,-0.8106764679880988,0.41755149055129426,0.9999038733424186
ABHD3,7.640784093467663,0.04362689217816905,0.7744385735637831,0.05633357333611162,0.9550760736358369,0.9999038733424186
UBAC2,13.206293660595728,-0.4895609001943669,0.6040823841898753,-0.8104207522139696,0.4176983947540095,0.9999038733424186
ANKRD10,13.290012463193307,0.0114086130872547,0.6128561976429137,0.018615481300724372,0.9851478526841684,0.9999038733424186
MBNL2,13.44342251322672,-0.5615845198069521,0.6176092090419201,-0.9092878013883934,0.36319822800529555,0.9999038733424186
MIB1,8.412733261770658,0.36710410121734777,0.6903541727495204,0.5317619791523203,0.5948908590631795,0.9999038733424186
NPC1,11.410380129553324,0.0046031907130421185,0.6314590789924494,0.007289768832506027,0.9941836575108811,0.9999038733424186
RBM26,12.0173368581971,-0.1671208998989239,0.6121552985589903,-0.2730040894725986,0.7848500720023384,0.9999038733424186
MYCBP2,30.12336157838962,0.02235511012475152,0.48422511258201056,0.0461667714950768,0.9631773267280656,0.9999038733424186
OSBPL1A,17.67199674275508,0.20158164407952167,0.5861968487449202,0.3438804635526771,0.7309361847061495,0.9999038733424186
PIBF1,11.322079372581774,0.2822106667772861,0.6341913450677655,0.44499293308257143,0.6563248611759827,0.9999038733424186
UGGT2,14.604552668511603,0.5107576285335216,0.6416966265813413,0.7959487511327569,0.42606182367030887,0.9999038733424186
ARHGEF7,7.577834058089217,-0.049267715139020854,0.7283398451659568,-0.06764385535957448,0.9460691437985759,0.9999038733424186
TUBGCP3,7.260600366732173,0.7402450488091937,0.7238332217380548,1.0226734924265166,0.3064622485403895,0.9999038733424186
ROCK1,13.320628663626465,0.29985825215403045,0.5946039531841334,0.5042991230520328,0.6140511936240725,0.9999038733424186
L3MBTL4,16.815780736958406,-0.2790010024631544,0.5785235261169809,-0.4822638836069369,0.6296185002024764,0.9999038733424186
STRN3,7.200965523625595,0.15889185892140353,0.7274501419710214,0.21842302276673847,0.8270995289896279,0.9999038733424186
SCFD1,9.373142920053406,-0.7761758377767036,0.7082187466809813,-1.09595494529649,0.273098491898361,0.9999038733424186
ACIN1,10.369153591457255,0.5115084198624766,0.6506371396131136,0.7861654195864585,0.4317705821659785,0.9999038733424186
HNRNPC,11.597694253592005,0.3600893101542704,0.6113369272854952,0.5890194000764299,0.5558482596902912,0.9999038733424186
PTPRM,9.816898504315638,-0.20332035077169025,0.6802627096591529,-0.29888504526959053,0.765027757993352,0.9999038733424186
RASA3,7.506512767086313,-0.8123865555831797,0.7715180518281106,-1.0529715457185107,0.2923540333334369,0.9999038733424186
RAB12,6.848876483240386,0.5811406140909348,0.8491462478473464,0.684382243417047,0.4937338256039425,0.9999038733424186
ANKRD12,20.010183821583414,-0.12997630886940775,0.5550008650083955,-0.23419118250823193,0.8148365600445387,0.9999038733424186
MCF2L,9.573148987095525,-0.4615599661482431,0.7547206744774109,-0.6115639623465194,0.5408262874418457,0.9999038733424186
RAB31,17.421344178075287,0.23098881939062701,0.5552178745356512,0.4160327503573463,0.6773860383768373,0.9999038733424186
ATP11A,10.784413236898033,0.6138844482403145,0.6663896660610193,0.9212094357179046,0.3569410928988067,0.9999038733424186
VAPA,7.410432475807334,0.764585390139384,0.7229323754399026,1.0576167510469228,0.29023020249944653,0.9999038733424186
LDLRAD4,61.9079297468835,0.07659440154849106,0.5375771493651794,0.1424807613919989,0.886700274516248,0.9999038733424186
RNMT,11.207099478660668,-0.46610616527916354,0.6327294337736987,-0.7366595268047393,0.4613294253906386,0.9999038733424186
NUBPL,7.854825637419741,0.3308926659359548,0.7390518076345476,0.44772594088502293,0.6543509976822812,0.9999038733424186
SLC27A4,23.55133995936676,-0.05210947549694408,0.5339638623067551,-0.09758989170508299,0.922257951441222,0.9999038733424186
GNB1,11.340507855044086,-0.06340117182016652,0.6129297313426099,-0.10343954384671074,0.917614129003867,0.9999038733424186
MVB12B,10.524375377820759,-0.19490605701634245,0.6637769369771956,-0.2936318605824633,0.7690392272113498,0.9999038733424186
SLMAP,7.975642154600554,0.4231278594260284,0.7443128934482763,0.5684811631647925,0.5697082927412999,0.9999038733424186
CACNA1D,8.696833294514638,-0.7469751597592105,0.7642072263363724,-0.9774510551807094,0.3283458976241458,0.9999038733424186
PBRM1,12.632581585301153,0.0793345782105818,0.6575325745280951,0.12065497784276236,0.9039643208600482,0.9999038733424186
RPL29,10.853582940345383,0.18221189890808648,0.6273229414648711,0.290459485640045,0.7714647411290785,0.9999038733424186
RBM5,8.365815370692882,-0.7109034742009783,0.6946436969358186,-1.023407363137223,0.30611527946376826,0.9999038733424186
RBM6,15.699038869781754,0.15804430311555748,0.5964636978539303,0.2649688550773486,0.7910334545602788,0.9999038733424186
GPX1,24.524683529431783,0.07760423634170074,0.506262947249248,0.1532883983774817,0.8781708493040911,0.9999038733424186
TMA7,8.749923356450951,-0.47980401245509485,0.7010526013550629,-0.6844051523775574,0.49371936338869693,0.9999038733424186
MAP4,7.276187315591297,0.38078693336969693,0.7246074283879532,0.5255079073876462,0.5992301578075361,0.9999038733424186
SETD2,13.73617583888354,-0.5807391301484107,0.5838134516996147,-0.9947340686613952,0.3198656201305541,0.9999038733424186
NKTR,14.921189579002169,-0.1584823322521469,0.5871650105100625,-0.2699110631855862,0.7872286757687758,0.9999038733424186
TRAK1,8.17611202797804,-0.41716986874376827,0.703720349213479,-0.5928063174669069,0.5533107793673167,0.9999038733424186
CTNNB1,8.680617694004292,-0.5284567488812607,0.6857526158708678,-0.7706230157214201,0.4409304149491048,0.9999038733424186
RPL14,12.17359409066264,-0.18572740646654737,0.6190289244935243,-0.30003025564355557,0.7641540774592331,0.9999038733424186
GOLGA4,16.601681562202508,-0.054416254718920365,0.5507690614194857,-0.09880049285752268,0.9212966771659112,0.9999038733424186
PDCD6IP,10.181207487838527,-0.4721435716928716,0.6405654385053564,-0.7370731283825321,0.4610778794121977,0.9999038733424186
CLASP2,21.781000889806165,-0.18025709650769473,0.5129742583223154,-0.35139598836250846,0.7252912915741265,0.9999038733424186
CMTM7,9.581919249702603,0.09849175844552603,0.6795328884583329,0.14494038495910896,0.8847579404966692,0.9999038733424186
TGFBR2,12.847717337769636,-0.04381374213038488,0.6470452831591226,-0.06771356390463033,0.9460136516606801,0.9999038733424186
FHIT,51.94413273626929,-0.3167102939148323,0.4229486387101984,-0.7488150213242325,0.4539687046888501,0.9999038733424186
RPL15,16.25001084423415,-0.11246239741022143,0.5518898398219725,-0.20377689403830904,0.838527849859716,0.9999038733424186
ATXN7,8.415960211837708,0.20037372438812617,0.7392509519313977,0.2710496670509811,0.7863528327306062,0.9999038733424186
SUCLG2,9.42266869734315,-0.5668739521384863,0.6908861338107217,-0.8205027201975799,0.4119295791766381,0.9999038733424186
KBTBD12,7.262057077191993,-0.3021434066551127,0.7582732320757044,-0.39846244582315327,0.6902893352361812,0.9999038733424186
ZXDC,7.899821286397661,0.8083650453239458,0.7462929954939717,1.0831738341439057,0.2787312714912361,0.9999038733424186
ZNF148,14.722386307107053,-0.02092046718121187,0.5633391349185666,-0.03713654153325603,0.9703761361827147,0.9999038733424186
SEC22A,7.241426583061206,-0.426494964998741,0.7467976803496779,-0.5710984061962278,0.567932938916635,0.9999038733424186
DIRC2,6.84517905302756,-0.6495228610094651,0.738232571251273,-0.8798350090521627,0.3789486962488636,0.9999038733424186
PARP14,12.972935143748446,0.20104721456915658,0.6767122702501187,0.2970940877056179,0.7663946780340141,0.9999038733424186
SLC15A2,7.347485185889304,-0.6748491852221432,0.7277556805875937,-0.9273018448681384,0.3537698367454013,0.9999038733424186
GSK3B,14.413999805990207,0.3178378598792737,0.6510097252086539,0.48822290600559637,0.6253919615162031,0.9999038733424186
BBX,13.551835424392884,-0.0870748189109394,0.647872670738883,-0.13440112979550858,0.8930853882933512,0.9999038733424186
ALCAM,19.634097718709715,-0.20895562683133695,0.5351989442503796,-0.39042608188252,0.6962215045785594,0.9999038733424186
CMSS1,10.137108337080507,-0.6410708123264927,0.6480145146502619,-0.9892846500089325,0.32252389210192767,0.9999038733424186
ST3GAL6,13.154969778062428,-0.12317632286049718,0.6602055993563994,-0.1865726721805684,0.8519956949213792,0.9999038733424186
CLDND1,9.24839300467269,0.27445477669368684,0.6945441414412001,0.39515814808283434,0.6927261774461144,0.9999038733424186
RP11-159G9.5,7.965904247043844,0.030741502826139893,0.7147416739426746,0.04301064838791741,0.9656930455237434,0.9999038733424186
CGGBP1,7.44971059386424,0.3307346037755734,0.8088979731113317,0.40887060515610063,0.6826346218500791,0.9999038733424186
FOXP1,29.987433228871463,-0.11414859760539856,0.49067961290438755,-0.2326336668640872,0.8160458820636742,0.9999038733424186
MITF,10.598257045212693,0.45121136731612776,0.6215838260666711,0.7259059010131497,0.4678964587204649,0.9999038733424186
FRMD4B,24.695379688218026,-0.1055706069950034,0.5494691016436821,-0.1921320173949717,0.8476387958391158,0.9999038733424186
UBA3,6.691539671842137,-0.3664077805495823,0.7681023296334942,-0.4770299039770085,0.6333408275710924,0.9999038733424186
MAGI1,10.006446540447325,-0.5405270073264162,0.662450531760501,-0.8159507486391989,0.41452830515393013,0.9999038733424186
RAB7A,11.34937439286813,-0.3548595466093141,0.6632890913410276,-0.5349998232171503,0.5926499795286019,0.9999038733424186
UBE2E1,12.427752690265903,-0.4209641018550857,0.6631180003904787,-0.6348253276297731,0.5255423426541891,0.9999038733424186
KAT2B,7.301803412060192,-0.10446121209404963,0.7203143347339456,-0.14502170379912446,0.8846937357836391,0.9999038733424186
NBEAL1,13.331921958345285,-0.45609576317718464,0.6581063243367402,-0.6930426685032269,0.48828277485211924,0.9999038733424186
BMPR2,9.532010391152793,0.2290525719718714,0.6581958401664422,0.34800063749103827,0.7278397047356289,0.9999038733424186
CFLAR,8.897469101640612,-0.12181797416058664,0.67525534902024,-0.18040282737091695,0.8568363348210661,0.9999038733424186
CLK1,12.34035947062731,0.5253288209831839,0.6559375464829592,0.8008823763785439,0.42319974366451774,0.9999038733424186
PLCL1,13.788690489140405,-0.5753747789377686,0.639314548473911,-0.8999869943695615,0.36812717194687616,0.9999038733424186
SF3B1,11.817379701540284,0.3803648629950771,0.6280434587138698,0.6056346224415777,0.5447574062446267,0.9999038733424186
ANKRD44,64.72385424340159,-0.6381922197771805,0.5983997736578803,-1.0664980968760367,0.28619853853608046,0.9999038733424186
SLC39A10,10.581077245452299,0.5192619350396982,0.6542357700811631,0.7936923641079419,0.4273745466394431,0.9999038733424186
GLS,9.924162829193298,-0.5169790836856704,0.6448178319402976,-0.8017443967547355,0.42270082854845714,0.9999038733424186
PMS1,6.889680620016921,-0.17381551521598432,0.7884283709852176,-0.22045821993795708,0.8255143075705266,0.9999038733424186
ITGAV,8.941908217093607,0.7860751447042472,0.7751707832174294,1.0140670439636,0.3105507622333885,0.9999038733424186
NFE2L2,20.099844977346947,0.07034959551624884,0.5698802415448294,0.1234462793894124,0.9017537116442293,0.9999038733424186
HNRNPA3,7.822150486584814,-0.41078861174341696,0.7288296649894842,-0.5636277328933146,0.5730075088211908,0.9999038733424186
WIPF1,16.83913369619198,0.6387735100212182,0.5976364891119651,1.0688328468202788,0.28514499561550244,0.9999038733424186
OLA1,7.791931535984241,-0.3395368919451708,0.7295238089586573,-0.4654226329224748,0.6416288293401304,0.9999038733424186
SP3,7.002150627943437,-0.1244055248566201,0.7746704469014355,-0.16059154619131702,0.8724151136373024,0.9999038733424186
TLK1,7.62053989579094,0.20598296675885172,0.7183958305131123,0.2867262837699503,0.7743219106709608,0.9999038733424186
UBR3,11.089192904663689,-0.27119766519168736,0.6504356987474921,-0.4169476947743146,0.6767166664281596,0.9999038733424186
PPIG,6.957647491866401,-0.6986853081428357,0.7784881334264685,-0.8974899913600668,0.36945751171540564,0.9999038733424186
RAPH1,9.227861482155847,-0.40911727666097897,0.6805852285261103,-0.6011257069845197,0.5477562624362782,0.9999038733424186
UBE2E2,68.05732797228518,-0.16704760630800833,0.4139687642312635,-0.4035270791945241,0.6865605179533788,0.9999038733424186
PARD3B,7.816743350937101,-0.7884178622489876,0.7159322334462309,-1.101246494313907,0.2707893911993985,0.9999038733424186
XRCC5,9.234104013990647,0.022675821173133923,0.7125547445837352,0.031823268802147725,0.9746129902114016,0.9999038733424186
ATG7,22.07782251145007,0.2982571824207221,0.5515964676862767,0.5407162661352599,0.5887031650751928,0.9999038733424186
SETD5,15.50199955544197,-0.5539524100047222,0.5795962245154037,-0.955755725406731,0.33919566154835845,0.9999038733424186
THUMPD3-AS1,7.613300444496493,-0.23951154673010805,0.7139912701323794,-0.3354544470630583,0.7372823019033247,0.9999038733424186
SRGAP3,9.120983453732249,0.10377673688583992,0.7360046596947285,0.14100010851681732,0.8878698566153818,0.9999038733424186
ITPR1,7.730032592557108,0.33515487711809444,0.709655290546363,0.4722784168353892,0.636728073849693,0.9999038733424186
SEPT2,10.295901551414348,0.028670161865799192,0.6861049033920374,0.04178684880993655,0.9666686189857998,0.9999038733424186
HDAC4,7.85531236941724,0.3067715948275114,0.7005003731447396,0.43793209338394645,0.6614355100711573,0.9999038733424186
LRRFIP1,10.771337873504505,-0.0240917829990924,0.66778232870583,-0.03607729938853363,0.971220723005747,0.9999038733424186
AGAP1,9.149263589940183,-0.7647342204419094,0.7278457652336462,-1.0506816924275455,0.2934048070888752,0.9999038733424186
INPP5D,35.36087028905175,-0.32766060435875083,0.5663466319938082,-0.5785513426737092,0.5628919443749381,0.9999038733424186
GIGYF2,8.513505964129935,-0.00903007291498104,0.6731291890496575,-0.013415066620019775,0.9892966464991143,0.9999038733424186
PTMA,18.769017077230306,-0.24532736616177614,0.5588444237711474,-0.43899045195132924,0.6606684547454176,0.9999038733424186
PSMD1,6.8004645867932,0.04980849347298377,0.7286269155675372,0.06835939272732916,0.9454995460887666,0.9999038733424186
CAB39,18.868091352275528,0.3968099797321646,0.5230901738058403,0.7585880974308873,0.44809899499423433,0.9999038733424186
SP100,20.456286639567264,0.07509667950334187,0.5579888485728248,0.13458455253257764,0.8929403557707243,0.9999038733424186
AC009950.2,6.695562565123779,0.25230590887860166,0.8296600467112295,0.3041075798198813,0.7610459322999408,0.9999038733424186
TRIP12,15.13157203794166,-0.40945441517737763,0.6075199877561774,-0.6739768623739643,0.5003260238429735,0.9999038733424186
AGFG1,7.314054136815295,-0.37535426849595543,0.7595490066530934,-0.49418044814505285,0.6211787466398966,0.9999038733424186
ARPC2,8.533923571628296,0.027751258263224873,0.6798794303273414,0.04081791127268475,0.9674410601274093,0.9999038733424186
PIKFYVE,7.2390054173163465,0.06110886655654643,0.7341783109310002,0.08323436642939673,0.9336651870781301,0.9999038733424186
TANK,13.416250259064952,0.011676266394837598,0.5826537239447481,0.02003980394355951,0.9840116199779733,0.9999038733424186
TMCC1,14.516156932157694,0.34796471496865533,0.5748992244792718,0.6052621053434756,0.5450048560415535,0.9999038733424186
TF,6.716225755625871,-0.4111559051977139,0.8063541147939557,-0.5098949675512908,0.6101250477933023,0.9999038733424186
LINC01094,12.836733360812945,-0.4890136124748562,0.7484515672774402,-0.6533670765814376,0.5135196586843078,0.9999038733424186
CCNI,8.144235403285165,0.32339203792723625,0.7186059578040949,0.4500269367588501,0.6526910178378658,0.9999038733424186
ANKRD17,20.222464503598893,0.2881379325996701,0.5440265752674801,0.5296394435474078,0.5963619412391048,0.9999038733424186
MOB1B,9.566574474598495,-0.29942781325468665,0.6669521509052712,-0.4489494678865128,0.6534681098161415,0.9999038733424186
RUFY3,10.352979126476598,0.11859577796346954,0.6392813688967628,0.1855142097573338,0.8528257359330791,0.9999038733424186
CLOCK,7.356888559686969,0.1882181077923917,0.709870509445107,0.2651442837645395,0.7908983142230936,0.9999038733424186
TMEM165,14.212966223614407,0.25022562064787307,0.5711847974235053,0.4380817237723909,0.6613270424401386,0.9999038733424186
SCFD2,14.213441175912124,0.4878592559973918,0.5707625403184199,0.8547499556036429,0.3926895883722883,0.9999038733424186
OCIAD1,7.253764319979446,-0.397307939365524,0.7334688426632897,-0.5416834584586634,0.5880365869587871,0.9999038733424186
FRYL,20.6926272601679,-0.15791199863686922,0.519134751954752,-0.304183062378827,0.7609884280946171,0.9999038733424186
PDS5A,10.69270680426249,0.38314337530158743,0.6710746753755873,0.570940000212569,0.5680403151037176,0.9999038733424186
UBE2K,9.160410324328026,0.5905419798622011,0.6702004311327345,0.8811423455280397,0.37824078013898654,0.9999038733424186
KLHL5,15.474717316082602,0.5463204963756613,0.6453551868298891,0.8465423498946283,0.39725025901194366,0.9999038733424186
TMEM156,11.462359137427386,-0.7876112743485653,0.7231199679500384,-1.0891847954100233,0.2760724024862098,0.9999038733424186
TLR1,10.239185451108469,0.2797022531297353,0.6551588196567874,0.4269228235014231,0.6694355411188984,0.9999038733424186
TBC1D1,12.136034710588868,-0.5283778315031528,0.6104479465962946,-0.8655575540048182,0.38673284103828665,0.9999038733424186
ARAP2,18.316675544497713,0.19020994525767482,0.554180092171371,0.34322767624582146,0.7314271852775436,0.9999038733424186
RBPJ,15.616919954559918,0.2400302967608142,0.5640753551624338,0.4255287783166736,0.6704512472740576,0.9999038733424186
KCNIP4,6.827876412549732,-0.27572770229449567,0.8175953015262285,-0.3372422783983554,0.7359342685439454,0.9999038733424186
HNRNPDL,16.185900961748477,-0.1129798162601427,0.5615425633610682,-0.20119546341048666,0.8405457386407562,0.9999038733424186
LCORL,8.245901156473645,-0.3234152267163021,0.7326276709983783,-0.4414455521118557,0.6588904708857967,0.9999038733424186
SCD5,8.059987501427607,-0.3152855984240881,0.7241847314189078,-0.4353662604931528,0.6632965963035161,0.9999038733424186
WDFY3,24.705325945849143,-0.06764357237551095,0.48440672120083894,-0.13964210118270715,0.8889427745682881,0.9999038733424186
KIAA1109,12.796276799058683,0.21920932470182808,0.5935723699578576,0.36930513581248986,0.7119002978889394,0.9999038733424186
SEC24D,6.719505918013745,0.6164904833684396,0.742094139174475,0.830744309683189,0.4061180891753068,0.9999038733424186
CAMK2D,24.46186736946919,-0.09822918048172356,0.49953431703555795,-0.19664150616249132,0.8441080874865804,0.9999038733424186
ANK2,15.822822790620405,-0.49511090881733044,0.5831522187078119,-0.8490251651865969,0.3958672894550943,0.9999038733424186
ALPK1,13.757554187319792,0.5000996833911554,0.6374334777571153,0.7845519585052465,0.43271630672330297,0.9999038733424186
TBCK,9.795191234498413,0.02934012466282056,0.6771464071744221,0.043329070865561,0.9654392177776837,0.9999038733424186
PPA2,9.144033392908726,-0.26394250308593203,0.6944619286354622,-0.3800676353915451,0.7038952095209863,0.9999038733424186
TET2,10.911216080045827,-0.10833142528663835,0.7000449910453547,-0.15474923279555292,0.8770190153043298,0.9999038733424186
UBE2D3,12.298397375968028,-0.17752333091056863,0.5969439871951192,-0.2973869152191372,0.766171132208062,0.9999038733424186
MANBA,14.174777178049625,-0.4377153065358827,0.6382158208851331,-0.685842143381562,0.49281265759812354,0.9999038733424186
NFKB1,9.32892563153973,0.48761957148127544,0.6666059793856605,0.7314959459719554,0.4644762798581915,0.9999038733424186
PPP3CA,17.1821287806639,-0.31271283684291457,0.5437451750483152,-0.5751091709735687,0.5652174658999392,0.9999038733424186
RAP1GDS1,9.40761069183127,0.20902335685785162,0.6669770878716272,0.313389111348428,0.7539850557698025,0.9999038733424186
SNCA,12.998665229828665,0.24007403882040768,0.5828156054529751,0.4119210888902292,0.6803972629031498,0.9999038733424186
GPRIN3,9.84814409309005,0.18071534914227208,0.6780844592020921,0.2665086136245054,0.789847526507883,0.9999038733424186
FAM13A,15.33504913094716,-0.3314495159322818,0.5703515977372708,-0.5811319145019072,0.5611515507319135,0.9999038733424186
HERC3,8.712214875561967,0.4066836903314584,0.6850953946327025,0.5936161496888943,0.5527688769525432,0.9999038733424186
PKD2,11.854228917138691,-0.6300017907071983,0.610311968987828,-1.0322618967345913,0.3019494457905185,0.9999038733424186
ARHGAP24,139.13193943166812,-0.4070518376352971,0.501178173773854,-0.8121898736535376,0.41668268918901974,0.9999038733424186
SEC31A,8.176892939847987,0.7127203731238917,0.7236976638111816,0.984831662120504,0.32470676538961807,0.9999038733424186
ATP2C1,22.7480939889567,-0.49038017848891075,0.5188746405752148,-0.9450841111550264,0.3446159363774346,0.9999038733424186
QDPR,14.75549401744781,-0.04126709968554548,0.6264501575951793,-0.06587451401395104,0.947477731369161,0.9999038733424186
RGS12,14.693484036841314,0.4289400485863668,0.5746775736665853,0.7464012313019682,0.45542507568240365,0.9999038733424186
FNDC3B,13.198802471588417,0.3534701014571931,0.5832224534217023,0.606063945898212,0.5444722912531017,0.9999038733424186
CLDN11,9.875481918116021,-0.12901229287420854,0.6524395252229274,-0.19773831579275836,0.8432498098977879,0.9999038733424186
SKIL,9.123756586066117,-0.7248021306090197,0.7305420476471896,-0.9921429340629249,0.3211278052798847,0.9999038733424186
PHC3,9.65137575919305,0.21430797375966726,0.66826220589646,0.3206944398002839,0.7484419613171487,0.9999038733424186
SEC62,8.761731438861322,0.3102526396143665,0.6831039683197151,0.4541807016251413,0.6496987718754816,0.9999038733424186
RSRC1,11.53601146105474,0.06674629169554556,0.6442339845831125,0.10360566702909575,0.9174822902311779,0.9999038733424186
CCNL1,8.608194319076688,0.24177270555521857,0.7010047749564184,0.3448945202552288,0.7301736703473134,0.9999038733424186
MBNL1,67.21189598534117,-0.09855754944418815,0.4189657325293296,-0.23524012059217433,0.8140223678346097,0.9999038733424186
TSC22D2,8.95204665135292,-0.14962037572429454,0.7506423785028193,-0.1993231131217468,0.8420100002530228,0.9999038733424186
RNF13,18.075675954380312,0.34752319850200336,0.5396062901757906,0.6440310367560556,0.5195553081881128,0.9999038733424186
PLSCR1,7.316739652674696,0.7571818147086591,0.7193296021433212,1.0526215137713686,0.2925144930316005,0.9999038733424186
U2SURP,11.898502709451146,0.023819579341152607,0.631487177083439,0.037719814757228715,0.9699110773464141,0.9999038733424186
ATR,9.821351886436489,0.5575419871893791,0.6561129501487878,0.8497652531670719,0.395455611409152,0.9999038733424186
XRN1,8.200698764650967,0.0882252171866259,0.7522792340848735,0.1172772199327679,0.906640376305306,0.9999038733424186
TFDP2,8.81641127980507,0.5291774671114248,0.7641404131161419,0.6925133889378455,0.488614980671255,0.9999038733424186
RASA2,10.133506821195732,0.33583058665729665,0.6362791542552175,0.527803849004602,0.5976354853942931,0.9999038733424186
NCK1,7.762110917572499,-0.16382080343494043,0.7699626953858331,-0.21276459809893625,0.8315105781057291,0.9999038733424186
STAG1,25.2436586790492,-0.21429500505169313,0.5665293095119354,-0.37825934413933177,0.7052379442737833,0.9999038733424186
CEP63,7.596595003643948,0.32647834640544937,0.7133212436576597,0.4576876818239473,0.6471768391231001,0.9999038733424186
NLGN1,15.79575922290723,-0.6576490300921518,0.6869872923245546,-0.9572943159790758,0.33841872347700686,0.9999038733424186
FBXL5,10.469076009584963,0.5691914754363891,0.6588536140208279,0.8639118968517879,0.3876362908997024,0.9999038733424186
NAALADL2,21.90435933229162,-0.7063538883713544,0.6685120026570102,-1.0566061425433515,0.2906913759653855,0.9999038733424186
ZMAT3,6.882606340251524,-0.44920451367681763,0.739123131037323,-0.6077532887468712,0.5433511141215233,0.9999038733424186
RPL35A,8.857287692311749,0.533965578931687,0.6592728868887883,0.8099310460825317,0.4179798072723374,0.9999038733424186
DLG1,14.401582163477476,-0.4551876519268023,0.6563094376968406,-0.6935564625189199,0.4879604051805704,0.9999038733424186
LINC00969,8.611308923212933,-0.3674792639899931,0.707753310564366,-0.5192194208133952,0.6036077374735765,0.9999038733424186
APOD,9.90338477780557,-0.4554971035547443,0.7631832279048516,-0.5968384614599164,0.5506152365115364,0.9999038733424186
ACAP2,20.08618882678213,0.1294018461686182,0.5247963467894918,0.24657535625057297,0.8052368786050409,0.9999038733424186
ATP13A3,6.869588439136507,-0.14091288212712205,0.7631458196993977,-0.18464738781197473,0.8535056148732058,0.9999038733424186
IL1RAP,10.558556561448539,-0.010009434575771178,0.6333419956744686,-0.015804154223362014,0.9873906342604096,0.9999038733424186
LPP,38.49489155140984,-0.00830969568840853,0.4523698649215063,-0.01836925120962777,0.9853442822826117,0.9999038733424186
EIF4A2,10.391325173794295,0.246657384865303,0.6501011833578852,0.379413837691042,0.704380576419041,0.9999038733424186
ETV5,7.74558159555114,0.00015179076774310778,0.7637491735533024,0.00019874426447744528,0.9998414250208693,0.9999038733424186
TRA2B,12.322146583806976,0.42792300405200173,0.6040131222036443,0.7084664029993152,0.47865566879876664,0.9999038733424186
VPS8,10.22139181314849,0.04596875425145777,0.63745757758351,0.07211264854002877,0.9425122603542598,0.9999038733424186
EIF2B5,10.459776092470014,0.6006308439969332,0.6517940544972736,0.9215040239362073,0.3567873413398708,0.9999038733424186
KLHL24,6.926711671248083,0.09500497527512733,0.7446191470571903,0.12758868161072212,0.8984744886873567,0.9999038733424186
B3GNT5,8.668973576919583,-0.27851557433412144,0.6884148001761695,-0.40457522741063623,0.6857897709149701,0.9999038733424186
ATP11B,7.970354533432567,0.14422510197829705,0.6848900722707043,0.21058138790087727,0.8332139369478219,0.9999038733424186
FXR1,6.900932548700472,0.5882811624327097,0.7752268249995633,0.7588503692877773,0.44794207080837134,0.9999038733424186
TTC14,10.391080916455826,-0.07328020360662382,0.681879237704588,-0.10746800834310073,0.9144177039509958,0.9999038733424186
PIK3CA,6.7742553747415295,0.48646000881618306,0.7325554888626563,0.6640589227874687,0.5066525994391065,0.9999038733424186
TBL1XR1,18.559720883426284,-0.259342337776231,0.5941273866444313,-0.4365096502973363,0.6624669990930176,0.9999038733424186
SPATA5,8.770253358396308,-0.4773117396019649,0.7439144130352514,-0.6416218468660678,0.521118744455128,0.9999038733424186
MARCH7,13.218318175460356,0.37720761727158386,0.6097613822008409,0.618615130905979,0.536169931569749,0.9999038733424186
TANC1,11.152702169964035,-0.378477548092138,0.6596843870343024,-0.5737251866663593,0.5661537817288471,0.9999038733424186
SRGAP2C,51.92463176883033,-0.38594082066464,0.4300597993215448,-0.8974119907824304,0.36949911652346235,0.9999038733424186
LINC00623,7.454536430079821,-0.6285366076695348,0.8312915357330442,-0.7560964843883352,0.4495913496421966,0.9999038733424186
TRIM33,7.13161846961426,0.6233008968652988,0.7534288513065859,0.8272856763905164,0.4080751603774394,0.9999038733424186
CAPZA1,10.581514873009775,0.009627992206097198,0.6486973937383543,0.014842039291405807,0.9881582007641756,0.9999038733424186
WNT2B,7.088432080153577,0.7092619310893946,0.7376118272289499,0.9615652907220051,0.33626801375402793,0.9999038733424186
CTTNBP2NL,14.537777345724523,-0.42887905900537593,0.6215428188515556,-0.690023351565431,0.4901795025241005,0.9999038733424186
RAP1A,21.77833066982858,-0.10734640564768898,0.5474227667831122,-0.19609415640219327,0.8445364699858628,0.9999038733424186
TMIGD3,9.120219024523864,0.012702997437270873,0.6973320238906129,0.01821656972871725,0.9854660840978218,0.9999038733424186
CEPT1,6.802360519427577,0.12307342656697781,0.7670565194756193,0.16044896750387333,0.8725274187412568,0.9999038733424186
CD53,15.494977138493843,0.2170489508815653,0.5510980397321551,0.39384816354464897,0.6936931429584499,0.9999038733424186
SORT1,11.220585127073619,0.4785151430769829,0.660722675529521,0.7242299391245924,0.4689245810008692,0.9999038733424186
PRPF38B,9.443590275614257,-0.2143475185643976,0.6918831847340459,-0.3098030466613971,0.756710734627329,0.9999038733424186
RNPC3,10.86965387405048,0.10123439373443749,0.6337753230211467,0.1597323058459625,0.8730919512463318,0.9999038733424186
PTBP2,13.21758310208188,0.049579416825522374,0.6049390832304148,0.08195770152717692,0.9346803495392914,0.9999038733424186
BCAR3,9.306739287240298,-0.05807470367120116,0.7739431198838936,-0.07503743127778367,0.940184929977047,0.9999038733424186
FNBP1L,8.094382967644673,-0.5249886377123755,0.7092395934145252,-0.7402133814680286,0.45917052925074453,0.9999038733424186
MTF2,7.600863298487178,-0.3566723476370051,0.7485107803104581,-0.47650929955754134,0.6337115836932381,0.9999038733424186
EVI5,12.591943331214301,-0.18972740188288686,0.6296120307576963,-0.30134017873604246,0.7631551057203402,0.9999038733424186
ZNF644,13.226859224686185,-0.39068554606546124,0.582656963749203,-0.6705241168860838,0.5025237378289863,0.9999038733424186
RNF115,7.470821302399107,0.47043230777843215,0.7072517649314259,0.6651553677268583,0.5059511241715924,0.9999038733424186
PRKACB,8.488367684881048,-0.6702691920875871,0.7013722708785185,-0.9556539656864783,0.3392470872007597,0.9999038733424186
PDE4DIP,9.505198017130313,0.013296454344873577,0.6455580406121058,0.0205968379423578,0.983567262888595,0.9999038733424186
HIST2H2BF,11.504788652951182,-0.29611099899607374,0.6520000921105328,-0.4541579097597342,0.6497151750922519,0.9999038733424186
SOAT1,9.302396929686235,-0.16428628199367662,0.6522857331959494,-0.2518624486676061,0.801147385686978,0.9999038733424186
RASAL2,19.935778490168673,-0.19835475788149198,0.5279144166271862,-0.3757327923506403,0.707115556439966,0.9999038733424186
RFWD2,17.511181181596648,0.4040417098780505,0.53990066470173,0.7483630532317731,0.4542412016481976,0.9999038733424186
RABGAP1L,27.697868866566505,-0.08511805057688508,0.48769458885230027,-0.17453146399921066,0.8614478055217173,0.9999038733424186
RC3H1,8.06956976504628,0.27410931270433264,0.714667857945189,0.38354783926123526,0.7013136065374759,0.9999038733424186
PRRC2C,10.412220248545205,0.5044900946642047,0.6258498190541187,0.8060881050132255,0.42019204969852253,0.9999038733424186
DCAF6,11.62462635998722,0.4807546909226596,0.6581367332395059,0.7304784350149709,0.46509778996745466,0.9999038733424186
RCSD1,22.69789267153787,0.4143020128487857,0.5472133874026288,0.7571123484666329,0.4489825566196557,0.9999038733424186
POU2F1,11.20642820371198,-0.44976452635606107,0.6275212560919766,-0.7167319385435105,0.4735395148087451,0.9999038733424186
ATF6,16.76842625600123,-0.010337701028523142,0.5407232965223971,-0.01911828303867974,0.984746746339642,0.9999038733424186
FCGR2A,9.759166136966263,0.4739444419735825,0.6555984978347928,0.722918743009405,0.46972980762973093,0.9999038733424186
FCER1G,9.687001730280707,-0.13573634378841007,0.6601297616995703,-0.20562070014680633,0.8370872066529221,0.9999038733424186
COPA,9.56622850680588,-0.07946492470271053,0.6799564073052536,-0.11686767541119185,0.9069649138665691,0.9999038733424186
IFI16,27.592664888047477,-0.07990618265006925,0.506020728783158,-0.1579108880425153,0.874527018297225,0.9999038733424186
ASH1L,20.05510634540633,-0.27538773232883507,0.5434606873069227,-0.5067298127735747,0.6123444093159351,0.9999038733424186
POGZ,11.501638269324078,-0.6122874065441172,0.617324191935431,-0.9918409395628534,0.32127512327043783,0.9999038733424186
C1orf56,7.847098553022833,-0.9717460644228294,1.0617486974634072,-0.9152316991246606,0.3600700066775464,0.9999038733424186
CTSS,8.112143885395055,0.10562046230712074,0.7239894077213421,0.14588675080143332,0.8840107910125221,0.9999038733424186
RPRD2,10.42526363934063,-0.18195547374307441,0.6308491157565238,-0.28842946625180044,0.7730180148498896,0.9999038733424186
CH17-189H20.1,12.601219697241019,0.11354893284896181,0.6330254128580105,0.1793749990799045,0.8576432608434711,0.9999038733424186
CEP350,9.173543835631287,-0.1061522987081278,0.6819674534033989,-0.15565596008778493,0.8763042127006757,0.9999038733424186
TTLL7,10.494104927287205,-0.5706907952214131,0.8406441113638565,-0.6788732443453716,0.49721817984271854,0.9999038733424186
USP33,8.079108096616041,0.04805013267496575,0.7215033236113971,0.06659724370285179,0.9469023400825368,0.9999038733424186
AGO4,13.070749792900003,0.24942129093720802,0.5815198539401806,0.42891276926697214,0.6679867071446806,0.9999038733424186
SFPQ,9.329586785507539,0.30404784957833053,0.6662586473951785,0.4563510744168854,0.6481375419512524,0.9999038733424186
PUM1,8.141400024391112,-0.5917203772419684,0.7034077753298121,-0.8412195571260553,0.40022494623329696,0.9999038733424186
LAPTM5,21.062355671299123,0.5587037442679259,0.5466959355158953,1.0219643278318857,0.30679778422770165,0.9999038733424186
PHACTR4,7.067566217932409,-0.2164980220496845,0.7431633833501375,-0.2913195495097241,0.7708069371932991,0.9999038733424186
ARID1A,11.213787387379158,-0.22564533237390394,0.6343778581111519,-0.35569547311401867,0.7220686355498052,0.9999038733424186
STMN1,7.289769275672083,-0.25979263953720416,0.7697440929640244,-0.3375052071355696,0.7357360874639971,0.9999038733424186
SRRM1,9.338422390102675,0.27484807332555466,0.6989673732567621,0.3932201757071007,0.694156869422591,0.9999038733424186
C1QA,22.35219257348209,0.45049362573973195,0.6194417392286264,0.7272574597583932,0.4670682526723905,0.9999038733424186
EIF4G3,31.408578938612305,-0.1410931245695887,0.5227995706202082,-0.2698799549552172,0.7872526087932105,0.9999038733424186
HP1BP3,14.046962450379057,0.4220668864659155,0.6567960338302207,0.6426148525967168,0.5204740431796282,0.9999038733424186
IGSF21,11.171760469528843,-0.2617856639197746,0.6929158641364994,-0.37780295916013934,0.7055769752810486,0.9999038733424186
NBPF1,6.691152131042705,0.0041859792452127705,0.7541557784919547,0.005550549852688593,0.9955713247088018,0.9999038733424186
SPEN,6.731152925550146,0.2792544377545059,0.7277046025690966,0.3837469720112019,0.7011659944698804,0.9999038733424186
PRDM2,7.4680217156084865,-0.3687418515823946,0.727613290412913,-0.50678273258744,0.6123072733657069,0.9999038733424186
VPS13D,9.35870655355656,-0.3296436775893366,0.7116284187076594,-0.46322444259320106,0.6432034978179186,0.9999038733424186
KIF1B,8.974609026134255,-0.6990226353126463,0.6985145430385312,-1.0007273896859825,0.31695862186993606,0.9999038733424186
UBE4B,7.013667626213486,0.43151709313227177,0.7660865092092556,0.5632746275321804,0.5732478925492516,0.9999038733424186
CAMTA1,12.273088746178766,0.26702119707192684,0.6091980088532882,0.4383159386462029,0.6611572734730138,0.9999038733424186
AGO3,8.82831428623774,-0.12190948177413054,0.7026374040662541,-0.17350269295176218,0.86225631131448,0.9999038733424186
FUBP1,7.973444009081578,0.08148018311957558,0.6978662958226536,0.1167561517260634,0.907053291871553,0.9999038733424186
THRAP3,6.774329268622793,-0.39220427615816,0.7777465795867343,-0.5042828685489852,0.6140626142832529,0.9999038733424186
MACF1,26.895873976042434,-0.246967339295669,0.4852700836984667,-0.5089276005094261,0.610802972806191,0.9999038733424186
ZZZ3,6.7843479578968,-0.36405442149345857,0.7429639558702269,-0.490002803792877,0.6241319148029356,0.9999038733424186
ZRANB2,13.796742197481436,-0.32602877486454374,0.575959639671208,-0.5660618425462248,0.5713517412241067,0.9999038733424186
SRSF11,15.495889874261772,-0.36704423142094555,0.557102994289307,-0.6588444779213253,0.5099956424305396,0.9999038733424186
PDE4B,32.09191725696132,-0.5069692617653495,0.5233052206900223,-0.9687831149417304,0.33265341291780304,0.9999038733424186
ATG4C,8.027593194290242,-0.8036084910458158,0.7236269577861817,-1.110528681109842,0.2667712760085562,0.9999038733424186
DAB1,6.784766613367286,-0.4782853201585443,0.7645955665766063,-0.6255402739254884,0.5316165243465967,0.9999038733424186
USP24,9.664158691552837,-0.3184347840826809,0.6472030098347759,-0.4920168467139452,0.6227074341399526,0.9999038733424186
NRDC,14.804492849239239,0.15537571802849978,0.5602421426097396,0.2773367196275582,0.7815215667423375,0.9999038733424186
OSBPL9,9.312719063577637,0.5969217598226777,0.6992489566478748,0.8536612806463912,0.39329269355578633,0.9999038733424186
SPATA6,15.257330810389908,0.5891320441328088,0.6196661002808507,0.9507249853845436,0.3417440012722832,0.9999038733424186
GPBP1L1,7.6120622201303405,0.10365970437374311,0.7220551690285953,0.1435620279724608,0.8858463272586495,0.9999038733424186
RPS8,26.757160827225462,0.04171308658059043,0.5171733881719279,0.08065590290334781,0.9357156068903688,0.9999038733424186
RNF220,14.314665036058477,0.0920866439511379,0.5864871405660801,0.15701391826299116,0.8752338789721753,0.9999038733424186
ATP6V0B,11.748290591009756,0.6567831490776586,0.7244243910376943,0.906627602829408,0.3646037598487245,0.9999038733424186
FOXJ3,8.100358028407657,-0.1845632744970238,0.7135402382938194,-0.25865853751757856,0.7958987132986063,0.9999038733424186
HIVEP3,23.74051489434491,0.08904778662660764,0.5630598272274701,0.15814977791095955,0.874338777026264,0.9999038733424186
SMAP2,19.892346455723988,-0.19556255321919566,0.5523273171349622,-0.35407003628504147,0.7232863969603309,0.9999038733424186
RLF,8.155116374383526,-0.6355382165844476,0.7632119024150263,-0.8327152846718169,0.4050053221732497,0.9999038733424186
PABPC4,6.698391919692033,0.05326594333568029,0.7908424328144599,0.06735342101727747,0.9463003495806219,0.9999038733424186
CSF3R,26.430056149577315,0.2452454819502268,0.6654533230397931,0.36853896954025955,0.7124713931898561,0.9999038733424186
BAZ2B,25.066820055201784,-0.3551659461737259,0.4901372315647987,-0.7246255197546059,0.46868179861477177,0.9999038733424186
ACBD6,8.015581859687758,-0.3772396329827528,0.7414908469400543,-0.5087583137937921,0.6109216422551962,0.9999038733424186
GLUL,19.942749150718402,0.5146135944813,0.5787160039232243,0.8892333908041903,0.3738776609815567,0.9999038733424186
TMEM131,8.35192440467544,0.03108258950621601,0.7109779480260657,0.04371807816615497,0.9651291287006949,0.9999038733424186
MAT2A,10.085526916393913,0.5451680507945036,0.7269613893019621,0.7499271059195883,0.4532986082261893,0.9999038733424186
TMSB10,24.109804326419724,-0.3447643502519669,0.5918760666615288,-0.5824941565835005,0.5602338763694097,0.9999038733424186
AUP1,7.036159904555741,0.34415497528444833,0.7603075891020006,0.45265229522558076,0.6507991357643803,0.9999038733424186
TET3,6.957406368402039,0.13487625157073108,0.726950963711969,0.18553693206763733,0.8528079154941468,0.9999038733424186
ANXA4,6.985211539699679,-0.18996924355664305,0.7290089395671558,-0.26058561595888796,0.7944120833382304,0.9999038733424186
AAK1,15.655004130267038,-0.11017540672598808,0.5843817403681014,-0.18853328075683665,0.8504586289950851,0.9999038733424186
ARHGAP25,18.84314989725656,-0.6847420367711748,0.619084780262858,-1.1060553555854489,0.26870256052859487,0.9999038733424186
ACTR2,15.746395364114811,0.5264016866392699,0.5791023592615997,0.9089959283026801,0.36335227508242585,0.9999038733424186
RAB1A,10.28295038824425,-0.7365184748443986,0.7001080855142218,-1.052006811638854,0.29279642446957654,0.9999038733424186
AFTPH,9.558164862852333,0.5464393866569385,0.6615199777675873,0.8260361062729988,0.40878361030112353,0.9999038733424186
AC074289.1,7.116040384473819,-0.9156753075530994,0.8342679059735122,-1.097579447796919,0.2723881712949169,0.9999038733424186
PELI1,19.644823733496633,0.11527096889902076,0.5875797283605481,0.19617928144091573,0.8444698439746421,0.9999038733424186
WDPCP,13.107138769099643,0.6867986450950906,0.613984346209734,1.118593086834959,0.2633137740710365,0.9999038733424186
EHBP1,9.799798691469626,0.49394621466620303,0.6704162990738476,0.7367753668109939,0.46125896559084334,0.9999038733424186
XPO1,10.048025553846545,0.5612885079695856,0.6877326906665495,0.816143416747553,0.4144181145874932,0.9999038733424186
REL,9.446620783568466,0.12593314730432975,0.6559686549700562,0.19198043435486772,0.8477575314713366,0.9999038733424186
VRK2,9.416393289386017,0.03448957330751734,0.692674812335944,0.04979186869983958,0.9602882464848261,0.9999038733424186
CCDC88A,21.62739259776239,-0.5532393645342281,0.5130375750731795,-1.078360321766518,0.2808729869257356,0.9999038733424186
INPP4A,8.340286286387125,-8.629860312119285e-05,0.716308302141677,-0.00012047689921109425,0.9999038733424186,0.9999038733424186
RTN4,29.420308500365596,-0.21601025743033708,0.4894862173551807,-0.4412999789810136,0.6589958413388637,0.9999038733424186
MGAT4A,29.57269860987388,0.08887581266325315,0.5020597054601837,0.1770223973297963,0.8594907968805128,0.9999038733424186
REV1,6.659838984538305,-0.551069996605585,0.752037935371208,-0.7327688813112536,0.46369940406459254,0.9999038733424186
PKP4,6.9200177637332,0.02086982772157895,0.7612363348294735,0.02741570096789199,0.9781281753943193,0.9999038733424186
GPD2,10.10738788556464,-0.05693165643655924,0.6366165700905212,-0.08942848664536655,0.9287413850951116,0.9999038733424186
FMNL2,48.30642442680307,-0.12437258412527576,0.49911399770113923,-0.24918672827875266,0.8032163449955784,0.9999038733424186
MBD5,20.2144836427747,0.18015250672755923,0.585855959377842,0.3075030710942579,0.7584604858029376,0.9999038733424186
GTDC1,11.21451935241293,0.2861631895710217,0.6281213834223301,0.4555858105193882,0.6486878486495926,0.9999038733424186
KYNU,12.402791968552544,0.5187786065429485,0.6084091574721564,0.8526804703242656,0.39383652396711755,0.9999038733424186
UBXN4,7.7223938207634495,0.6220876140936827,0.706850483721374,0.8800837354153908,0.3788139494103421,0.9999038733424186
R3HDM1,10.362201896374305,-0.12544224502202245,0.6698407945474973,-0.18727173089952426,0.8514475863359432,0.9999038733424186
RAB3GAP1,13.127050540134816,-0.3170509342253677,0.6118935494660929,-0.5181472079612706,0.6043555649463785,0.9999038733424186
MGAT5,19.001506871678462,-0.1673871396835118,0.5357720997619282,-0.31242227760253055,0.7547196220120143,0.9999038733424186
NCKAP5,27.69387665047879,-0.3936615301582668,0.5228569122182972,-0.7529048979922633,0.45150706462873236,0.9999038733424186
MAP3K2,9.774024410578456,-0.07030044648843463,0.6692947090353691,-0.10503660874557963,0.9163467597982095,0.9999038733424186
CLASP1,11.775753297779994,-0.014220513573238239,0.6198834784940829,-0.02294062362782263,0.9816976359438538,0.9999038733424186
ACTR3,10.25554320346923,-0.05476392057731003,0.6335362843418746,-0.08644164814364103,0.9311153403812666,0.9999038733424186
MERTK,15.800411818130746,-0.4298895229742512,0.5549088961739436,-0.7747028853534483,0.43851524565611977,0.9999038733424186
RANBP2,8.480242001338864,0.10867815884444217,0.72253441175202,0.1504124330644911,0.8804392326950836,0.9999038733424186
LIMS1,17.297162196121175,0.6428890737537541,0.6566275069182237,0.9790772804676602,0.3275417964618915,0.9999038733424186
NCK2,13.337866299471118,0.25328318854614906,0.6975724085038653,0.3630923262710234,0.7165359167777586,0.9999038733424186
RPL31,20.636675046435087,-0.18948889547211875,0.5438074204638582,-0.34844852854432923,0.7275033627427987,0.9999038733424186
EIF5B,6.672546298016414,0.3982747789186477,0.7922754901497192,0.5026973368106897,0.6151770823936431,0.9999038733424186
XPR1,6.819811235959372,-0.33514216883021636,0.7929679418853797,-0.42264277170319686,0.6725559152896012,0.9999038733424186
ACYP2,13.2126368332544,0.19735351211926644,0.6161641104121081,0.32029374769535146,0.748745662335,0.9999038733424186
PPP1R21,7.892639308303186,-0.6518607264607714,0.7413781476158694,-0.8792553820975585,0.37926282203030903,0.9999038733424186
PCNXL2,20.228149236144375,-0.679424097190264,0.6435094007418369,-1.0558106787671238,0.29105471844442965,0.9999038733424186
SIPA1L2,11.226107354112552,0.13783703240007839,0.6531696767146459,0.21102791099148965,0.832865491928846,0.9999038733424186
DISC1,39.8757906657465,0.05223628224474728,0.5054895165337254,0.10333801302734269,0.9176947070650469,0.9999038733424186
GALNT2,14.941137438743539,-0.3782032490314057,0.6340037134636908,-0.596531599105634,0.5508201507252376,0.9999038733424186
ITPKB,7.819594593573442,-0.12381006525264188,0.7162552573435735,-0.17285746105630695,0.8627634693899899,0.9999038733424186
FAM177B,10.501394708762108,0.3145385739596136,0.6864681602439738,0.45819834360245515,0.6468099498014098,0.9999038733424186
RPS6KC1,9.379802630081937,0.5338599285778638,0.6833668099044836,0.7812201600081853,0.4346730185496829,0.9999038733424186
LPGAT1,7.027510877127554,-0.2667583057297091,0.7290109940350403,-0.3659180834204089,0.7144262021668526,0.9999038733424186
NUCKS1,6.9681469763217825,0.36272634190474295,0.7415743874950854,0.4891300832678055,0.624749604575235,0.9999038733424186
MDM4,11.844359523038873,0.4117704897221,0.6197416314975893,0.6644228317001514,0.5064197238708237,0.9999038733424186
PPP1R12B,9.395802790863042,-0.03851266786086466,0.6667934377652184,-0.05775801872007201,0.9539413785302725,0.9999038733424186
CAMSAP2,6.882422990891148,-0.31927415329577646,0.7603891958774621,-0.41988254834071576,0.6745712572265634,0.9999038733424186
PTPRC,44.145881378123704,-0.17609902699476404,0.5069122446012029,-0.347395488805571,0.7282942219786428,0.9999038733424186
NEK7,11.34501886796876,0.04098096544533888,0.6144391872382112,0.06669653612026379,0.946823291949118,0.9999038733424186
CDC73,7.224517288124486,-0.091227503444363,0.7284225028223644,-0.12523982042137716,0.9003336932655734,0.9999038733424186
RGS1,24.585074937075575,0.5060267246624639,1.4133331289661921,0.3580378286558713,0.7203150043500124,0.9999038733424186
PLA2G4A,15.528740938647452,-0.5621316784078548,0.6284872415686079,-0.8944201906228998,0.37109711360217024,0.9999038733424186
SMG7,9.123880547472634,0.35038218704483276,0.6755833287761288,0.5186365206488696,0.6040142364638008,0.9999038733424186
NPL,19.58294344171543,-0.3989082652364621,0.5543863990505383,-0.7195491554620503,0.4718026267258858,0.9999038733424186
LYST,16.486914593055808,-0.35898858079457024,0.5533594034784052,-0.6487439782137537,0.5165038733154501,0.9999038733424186
PSME4,9.975504503139604,0.36800385324026363,0.6580742115509874,0.5592133026652585,0.576016155485545,0.9999038733424186
CEP170,22.144772576344266,0.07696359944876362,0.5754251929464886,0.13375083397838092,0.8935996065546634,0.9999038733424186
ID2,12.6134403981835,0.3960536547114162,0.7534485738055899,0.5256545283654738,0.5991282629255299,0.9999038733424186
FOXN2,8.680651353460833,0.09423487293718279,0.7078379202976736,0.13313058008753376,0.8940901109873522,0.9999038733424186
FBXO11,18.644179156961435,0.07593730840534109,0.5203195247823588,0.14594360731918418,0.8839659064512209,0.9999038733424186
PPM1B,7.293341999477032,-0.10126508370475315,0.7564278142125546,-0.13387276591642874,0.8935031860529821,0.9999038733424186
EML4,18.183037975961206,0.031946537751414615,0.6117592090850008,0.05222077130509663,0.9583527824047053,0.9999038733424186
SOS1,9.5205528876859,-0.5778220705731372,0.6634587810185106,-0.8709238419997878,0.3837957377544149,0.9999038733424186
SRSF7,13.422007948126733,-0.7118165918164829,0.644957988822221,-1.1036635008062379,0.26973913411467465,0.9999038733424186
FEZ2,10.222981592155923,-0.10917589771467771,0.6455556074624808,-0.16911927718174602,0.8657028223320431,0.9999038733424186
BIRC6,22.110754085741572,-0.15422320206950246,0.5422914288769392,-0.2843917382004206,0.7761101896974951,0.9999038733424186
BRE,17.416481211174183,-0.046467080077557635,0.5725207188973586,-0.0811622680958176,0.935312906180793,0.9999038733424186
RAB10,14.370033917834514,0.38804868549209254,0.5666351116669603,0.6848299328831003,0.4934512444638558,0.9999038733424186
ASXL2,6.877456398782011,0.15022406972280927,0.773237817647789,0.19427925832675266,0.8459572256662273,0.9999038733424186
DTNB,12.909014572968672,0.3619885447697738,0.6871356010147947,0.5268080190215321,0.5983269136449895,0.9999038733424186
DNMT3A,7.2804024517826464,-0.5135128870316306,0.7384786792275687,-0.6953658940685369,0.4868260286955096,0.9999038733424186
ITSN2,19.04398952032473,-0.4091688367628304,0.5317660098113015,-0.7694527841447123,0.44162456377043824,0.9999038733424186
ATAD2B,10.02521055789589,0.07903934867173235,0.6434557258563429,0.12283572201730404,0.9022371863718036,0.9999038733424186
PUM2,13.424613801814061,-0.2539249429511747,0.5917225430160558,-0.4291283912505674,0.6678297918531743,0.9999038733424186
NBAS,8.095415205279757,-0.519439539485881,0.713339815953535,-0.7281796527669441,0.46650361963962894,0.9999038733424186
ROCK2,7.152958933861438,-0.3399384385953353,0.7482471495680635,-0.4543130418760294,0.6496035304678929,0.9999038733424186
KIDINS220,8.71761703717453,-0.2964678792867314,0.7649071250526677,-0.38758676651929225,0.6983218636511742,0.9999038733424186
RPS7,8.154172679857277,-0.5703218184583922,0.6928277197252167,-0.8231798500853693,0.41040572573655687,0.9999038733424186
ABHD18,7.543573199676789,0.551790505780581,0.7152562900391344,0.771458445685798,0.4404352439027457,0.9999038733424186
SCLT1,9.364878156554637,0.33805634356696546,0.7290975503300012,0.46366407816616,0.6428884373789236,0.9999038733424186
ELF2,12.877937857457882,0.010657813168295123,0.6159439067044571,0.017303220394400243,0.9861947164855276,0.9999038733424186
RPS6KA3,16.036261042218335,0.4621493295204111,0.5655088968316476,0.8172273364922732,0.41379852316062826,0.9999038733424186
SH3KBP1,29.291560765134676,0.18491955707147822,0.48856917121496896,0.37849207024590215,0.7050650834452576,0.9999038733424186
GPM6B,20.393367979196107,-0.04620166044987493,0.5903890195586919,-0.07825630037023734,0.9376241780637404,0.9999038733424186
ARHGAP6,12.96965910354506,-0.005146039868988994,0.6221466405303863,-0.00827142595289423,0.9934004321896552,0.9999038733424186
ANOS1,9.486679232718023,-0.06164758307599204,0.722290877806896,-0.08535007843816833,0.9319830799073355,0.9999038733424186
SLC25A6,8.507011632602,0.5203205649845201,0.6803140524958137,0.7648240736401986,0.4443763105869609,0.9999038733424186
UBE3C,7.846793520084975,0.633926421360413,0.7001024172193479,0.9054766927933611,0.3652129019855651,0.9999038733424186
RBM33,7.243932013817672,-0.3816923576619647,0.7381004456019346,-0.517127932839395,0.6050668556964018,0.9999038733424186
KMT2C,22.441723154538078,0.14594594713336992,0.4950214708133365,0.29482750898375365,0.7681256508616108,0.9999038733424186
PRKAG2,7.371042718679006,-0.01241189941143725,0.8490504581626204,-0.014618565118376007,0.9883364880126096,0.9999038733424186
CUL1,9.010894571180584,0.42333642407895017,0.6829615586544877,0.6198539562211544,0.5353539418299665,0.9999038733424186
CNTNAP2,15.40817830474323,-0.6064590348452289,0.5775240405832004,-1.050101800494416,0.29367131102208976,0.9999038733424186
TPK1,16.0144011748275,0.1658611208095712,0.6460377396182675,0.2567359623720677,0.797382607836754,0.9999038733424186
BRAF,12.799040448754594,-0.10276300669806347,0.6557166124249035,-0.15671862623403107,0.8754666068641472,0.9999038733424186
TBXAS1,49.4169690007397,0.25386609968467605,0.47888993471792496,0.5301136676305546,0.5960331233668295,0.9999038733424186
HIPK2,7.925452258298461,0.7259466800096085,0.714504129618949,1.0160146735565572,0.3096223990678203,0.9999038733424186
CNOT4,9.379363625800387,-0.4613969201938602,0.6751228886540198,-0.6834265701074641,0.49433733531798063,0.9999038733424186
EXOC4,31.92793515875519,-0.2704053601647189,0.46890295882378996,-0.5766765917686075,0.564157948272284,0.9999038733424186
CHCHD3,16.91729723772018,0.12431645771012771,0.5368698682759742,0.23155789709215663,0.8168814119574896,0.9999038733424186
APOO,8.590639927969164,-0.03816002535045076,0.7380815410773588,-0.05170163894730323,0.9587664312971192,0.9999038733424186
MKLN1,22.585578971117467,-0.1309883332345229,0.5014853029879655,-0.26120074198399057,0.7939377059545967,0.9999038733424186
GPR34,19.57891235343251,-0.31940955815193717,0.5809427655891216,-0.5498124377674809,0.5824480268418624,0.9999038733424186
MSN,8.371065504587675,0.7025079461336243,0.681295333326976,1.031135708361689,0.3024771846250419,0.9999038733424186
RPL10,25.072937111902448,0.0014985459244212093,0.48345525848184473,0.0030996579272443356,0.9975268347563944,0.9999038733424186
RBMX,8.106293505510548,-0.5647013449931285,0.7590258823744508,-0.7439816719116095,0.45688756331332914,0.9999038733424186
ARHGEF6,9.123317389420963,-0.3455199860415683,0.7552010661540763,-0.4575205220526996,0.6472969551250183,0.9999038733424186
STAG2,8.630476526645362,0.31460093266415196,0.6844212946696254,0.4596597667464626,0.6457604524302873,0.9999038733424186
THOC2,11.142949745558456,0.41071868057664573,0.6288933556461636,0.653081602610745,0.5137036720658015,0.9999038733424186
IL13RA1,12.617046217694904,0.32485708947240655,0.6506444694432275,0.49928510074080046,0.6175785498693329,0.9999038733424186
DOCK11,14.588467948541924,0.18967727543091545,0.5709631315290159,0.3322058202304016,0.7397338491919473,0.9999038733424186
XACT,8.872283402200004,-0.49633374437277794,0.8553055784229092,-0.5802999032088199,0.5617123926943737,0.9999038733424186
ACSL4,8.000614711373748,0.6383299631172281,0.7543555394181723,0.8461924513864726,0.3974453923077371,0.9999038733424186
PLP1,42.8595146179332,-0.013126483523921241,0.5568553689666738,-0.02357251856667799,0.9811935930652652,0.9999038733424186
DIAPH2,50.86880817608603,-0.17817044976732682,0.42827945412602103,-0.4160144691762408,0.6773994154596,0.9999038733424186
SH3BGRL,17.393317049454993,0.27216329596500444,0.560478407588332,0.4855910455785242,0.6272571464501231,0.9999038733424186
ATRX,18.22090888122771,-0.1819185306130821,0.5524569231230135,-0.3292899826192874,0.7419365150234346,0.9999038733424186
ABCB7,7.023590089333964,-0.26160302264761837,0.7569296492293734,-0.3456107485206257,0.7296352670727573,0.9999038733424186
FTX,39.24620739923217,-0.4141264961670919,0.5087644258231238,-0.8139847739886328,0.41565367360602645,0.9999038733424186
JPX,13.350999992216522,0.11268232013942324,0.6413042663585129,0.17570804694511363,0.8605233131172165,0.9999038733424186
HDAC8,14.869427900081822,-0.3141522828153713,0.5864209632494349,-0.5357112083350714,0.5921581560798721,0.9999038733424186
OGT,8.993064037646166,0.17713315733140447,0.7003433893879996,0.25292329450870327,0.8003274881686177,0.9999038733424186
TAF1,6.714323704733228,0.09291237626968113,0.7680212202302277,0.12097631396412334,0.9037097961012578,0.9999038733424186
KDM6A,10.427720341153934,-0.6054864091436947,0.653471070184059,-0.9265695709729754,0.3541500599111387,0.9999038733424186
GDI1,8.094087297882899,0.5622654523434937,0.7566756388162054,0.7430732846416727,0.45743731289743406,0.9999038733424186
UBE2H,7.510847405144812,-0.43760908542350174,0.7523436841112545,-0.5816611406001905,0.5607949511881525,0.9999038733424186
AHCYL2,6.759451803339487,-0.03607289792492674,0.8001158486518561,-0.045084593669413316,0.9640398814064718,0.9999038733424186
KCTD7,7.137916115606938,-0.7327753751187959,0.7683346379364707,-0.9537190423782311,0.3402258785013965,0.9999038733424186
VOPP1,9.854031998389734,0.1087477483423892,0.6527292638154253,0.1666046772695949,0.8676811132117103,0.9999038733424186
IKZF1,16.67014426057801,-0.058768281634671383,0.5788589433303426,-0.1015243563424286,0.9191342238814679,0.9999038733424186
TNS3,14.147816317716567,0.35240008310627785,0.7164897259679721,0.49184247915095786,0.6228307041005465,0.9999038733424186
CDK13,11.978699570826345,0.10756834531573024,0.6122665996809334,0.17568873652717076,0.8605384846135319,0.9999038733424186
VPS41,8.821707608779,-0.06864168002183377,0.6863291972118869,-0.10001276399238247,0.920334192053825,0.9999038733424186
ELMO1-AS1,13.166923007933091,0.05837947380130286,0.8047614831729167,0.07254257941263702,0.942170121236232,0.9999038733424186
ELMO1,89.99730305655669,-0.04964990598628413,0.44057457673398714,-0.11269353387193301,0.910273527815563,0.9999038733424186
SEPT7,19.977508363224256,-0.021938614571921682,0.5596623758037611,-0.039199730981405466,0.9687311481188277,0.9999038733424186
AVL9,7.826387692286392,0.15628175812474648,0.7150163148493124,0.2185708981447261,0.8269843245755647,0.9999038733424186
GS1-114I9.3,6.745511094539094,-0.6075388363749218,0.8050082013295279,-0.7546989401741852,0.4504296425765897,0.9999038733424186
CHN2,21.464421591401095,-0.4454511461103828,0.5571343226973876,-0.7995399456879873,0.42397739390997635,0.9999038733424186
CPVL,10.07857578487018,-0.7250561522247586,0.6886470652186745,-1.0528704598407352,0.2924003664867405,0.9999038733424186
JAZF1,34.15191080523974,0.15115780398648834,0.5525827162061168,0.27354783194142746,0.7844321292393566,0.9999038733424186
TAX1BP1,9.78276971322361,-0.5789969420975847,0.6774886316517005,-0.8546223730514925,0.39276023766163937,0.9999038733424186
SKAP2,28.368789984569457,0.164449941837158,0.5224087492133985,0.3147917068478918,0.7529198088420468,0.9999038733424186
HNRNPA2B1,20.938067679565474,0.5048582731239735,0.5402404727938752,0.934506573550624,0.350042646712608,0.9999038733424186
OSBPL3,16.859383290773035,-0.17145269099357657,0.5651063186189051,-0.3033989982851358,0.7615858089736028,0.9999038733424186
TRA2A,13.634703481443472,0.0479088891617022,0.5871464356992954,0.08159615088975614,0.934967862234571,0.9999038733424186
AUTS2,31.166793780521033,-0.49093158705111345,0.47173771419579485,-1.0406875945630927,0.29802056256484266,0.9999038733424186
NRF1,7.13820307756277,-0.8865357610494455,0.8276013689684875,-1.0712110857844679,0.28407452812495015,0.9999038733424186
GTF2I,13.90868847510363,0.1604345059479625,0.6024462330084543,0.2663051026923942,0.7900042435755172,0.9999038733424186
GSAP,9.015331327339709,0.23805609511135764,0.7487954046995015,0.3179187447162443,0.75054657348257,0.9999038733424186
SND1,11.252562136555378,0.17210444662379415,0.6165390212538647,0.2791460729829926,0.7801327266908101,0.9999038733424186
CPED1,24.67498165049777,-0.582105824502103,0.5389785552899515,-1.0800166700304996,0.28013475696313106,0.9999038733424186
CTTNBP2,21.01218327634345,0.14277040017016365,0.5572195861578191,0.2562192782105964,0.7977815235037717,0.9999038733424186
CAPZA2,8.088175598072572,-0.0640507715932586,0.6932697580399693,-0.0923893922249611,0.9263886671598378,0.9999038733424186
TFEC,12.933244962407317,0.3270690506245176,0.5848290567883074,0.5592558147173385,0.5759871459491955,0.9999038733424186
FOXP2,28.714215950659835,0.05388733908967009,0.5131879026754634,0.105005084509461,0.9163717741719379,0.9999038733424186
COG5,17.500633367533254,-0.14353024043181037,0.5434165582053604,-0.2641256293437592,0.7916831155641939,0.9999038733424186
SRPK2,8.405157863542229,-0.6092537414256721,0.734337426395993,-0.8296645649885899,0.4067284613091602,0.9999038733424186
KMT2E,14.478242925548807,-0.26666575364228773,0.5744262725596465,-0.46422973039520593,0.6424831628344869,0.9999038733424186
CUX1,14.281513236064953,-0.4352349860220051,0.6086860398920325,-0.7150401972406106,0.4745842051458218,0.9999038733424186
PILRA,9.83731014946847,-0.516507192248273,0.6877577483015673,-0.7510016332404813,0.452651672865244,0.9999038733424186
ARPC1B,8.016849322113062,0.17196010829760933,0.7320607990487634,0.234898670330461,0.8142873816224736,0.9999038733424186
SMURF1,9.899324510720245,-0.21719857437778906,0.641388395014148,-0.33863814198415293,0.7348823453897912,0.9999038733424186
BAIAP2L1,8.881426548067616,-0.6757767999768286,0.6846589248191687,-0.9870269348425043,0.32362943444291425,0.9999038733424186
SLC25A13,10.68644511889856,0.018082219428195108,0.6547674211188403,0.02761624791486561,0.977968222645764,0.9999038733424186
CDK6,13.308564170372103,0.44925618633878167,0.6279316669898194,0.7154539418157189,0.4743285912021502,0.9999038733424186
ANKIB1,9.815841257655192,0.13621322769036623,0.6686646008811071,0.2037093447310901,0.8385806392815375,0.9999038733424186
KRIT1,6.852328383814169,-0.19715981173324246,0.7644905095252464,-0.25789700366022855,0.7964863973959728,0.9999038733424186
AKAP9,17.661830351232854,-0.24896001558994493,0.5816286247085504,-0.42803948260747465,0.6686223752559439,0.9999038733424186
HSPB1,17.60985992508265,0.6856180457436107,0.7955692590946011,0.8617955481636878,0.3888000351550993,0.9999038733424186
STEAP1B,12.651029221292598,-0.23120077836066433,0.6543857295639373,-0.3533096275108711,0.7238563286592086,0.9999038733424186
ERICH1,8.358846268309373,0.030233572294105858,0.7332825314418088,0.0412304548352726,0.9671121748612218,0.9999038733424186
MCPH1,7.8437392557621015,-0.10856821349853993,0.7114875843711185,-0.15259326498930126,0.878719036557172,0.9999038733424186
RNF38,8.027686205249774,-0.7473768763599277,0.7326600528474376,-1.0200868376203862,0.307687278620527,0.9999038733424186
RECK,7.490245135233388,-0.3226991358107016,0.748386198284399,-0.43119332845856495,0.6663278044928282,0.9999038733424186
NFX1,7.012068595073679,-0.14210000396780012,0.72814991558102,-0.19515212585640804,0.8452738564324986,0.9999038733424186
B4GALT1,7.311372676858865,-0.7044608029081764,0.815485208777854,-0.8638547889347167,0.38766766567363353,0.9999038733424186
SLC24A2,11.304209118814152,-0.7397670679164016,0.6608775288215749,-1.1193708904515127,0.26298194420705123,0.9999038733424186
DENND4C,8.723097259835269,0.46459028067894365,0.7261497351665438,0.6397995594839527,0.5223029190394213,0.9999038733424186
BNC2,24.482961813235505,-0.42615488862161216,0.5196061273311052,-0.8201498523708829,0.41213068567209055,0.9999038733424186
ZDHHC21,9.33036629681512,-0.5672138124255344,0.6699954871983204,-0.8465934819910774,0.39722174822685796,0.9999038733424186
PTPRD,17.376436484617827,-0.5232893161875666,0.5710728856915543,-0.9163266709009953,0.3594955832814185,0.9999038733424186
KIAA2026,7.965436644737186,-0.2646906237572276,0.7336120397827283,-0.3608046343345459,0.7182454981482533,0.9999038733424186
RIC1,8.044766995254244,-0.4377771467400767,0.7260595036340854,-0.6029494064176655,0.5465423469882611,0.9999038733424186
JAK2,16.77641676387832,0.1754104066146121,0.6052544695403582,0.28981265805079,0.7719595635452996,0.9999038733424186
RFX3,14.63243403075233,-0.07710077118301281,0.5653846382914794,-0.13636870541088902,0.8915298119996847,0.9999038733424186
SMARCA2,15.786823895704432,-0.3677117049328084,0.5837700054834445,-0.6298913981171247,0.528765641176526,0.9999038733424186
EEF1D,9.273921715172703,0.5922469182633072,0.7024825427636664,0.8430770620054464,0.3991853464219023,0.9999038733424186
PTK2,21.756744972545132,-0.05294554545516626,0.5480590315944832,-0.09660555232732929,0.9230396470027481,0.9999038733424186
TRAPPC9,12.728502923622464,0.5087897485746876,0.6305847134540196,0.8068539210026173,0.4197506491177567,0.9999038733424186
PHF20L1,7.581188295800498,0.7548627080187029,0.7266791680052622,1.0387840208641244,0.29890519451002306,0.9999038733424186
KCNQ3,75.15343425557312,-0.5437835989561707,0.5008258202660535,-1.0857738897473312,0.27757904085296903,0.9999038733424186
ZCCHC7,14.45858261685189,0.21257375429720926,0.6129635962086084,0.34679670311915967,0.7287440541374541,0.9999038733424186
ASAP1,13.386721864715403,-0.14663469797776799,0.6246387647526638,-0.23475119741540612,0.8144018480767008,0.9999038733424186
DCAF10,7.390997063948205,0.08861992183111908,0.8074090963593232,0.10975838918673804,0.9126009922143034,0.9999038733424186
APBA1,10.386593824123882,-0.7803318505272174,0.7616280098763851,-1.0245577111244477,0.30557192695048674,0.9999038733424186
PBX3,11.244716259032678,0.2257599961969783,0.6303619194521582,0.3581434557360068,0.7202359600091293,0.9999038733424186
MAPKAP1,10.773859387587379,0.4506949232376162,0.6156244660103015,0.7320939113392457,0.46411124984808394,0.9999038733424186
DENND1A,16.21338394254607,-0.6181898964634318,0.6185488701259073,-0.9994196518984791,0.3175914438607945,0.9999038733424186
RABGAP1,7.38980367684631,-0.705613129867526,0.773360511677556,-0.9123987056656488,0.36155887064636916,0.9999038733424186
GSN,17.654256148286358,-0.13622725777744074,0.5438474376890331,-0.2504880014812798,0.8022099824414798,0.9999038733424186
CNTRL,8.241718859953764,-0.11065378130018533,0.7061673173721502,-0.15669626528732536,0.8754842305894388,0.9999038733424186
PTBP3,10.119416279191341,0.4318217189223648,0.6817548555783426,0.6333973500724747,0.5264741950496034,0.9999038733424186
KIAA0368,7.087571350198821,0.2166585184696363,0.7220417383842952,0.300063704010312,0.7641285642197911,0.9999038733424186
INVS,12.068101536337906,0.5170545390749167,0.6410151647312207,0.8066182635347153,0.4198864481961745,0.9999038733424186
ERP44,8.01175426429584,0.1148837362572739,0.703168955047685,0.16337998916559554,0.8702192575143222,0.9999038733424186
TGFBR1,25.53563994351175,0.44791643890268323,0.5320127433540814,0.8419280261573964,0.39982824169567965,0.9999038733424186
MFSD14C,6.708780379580625,0.28799895306424456,0.7643304602453264,0.3767989999663311,0.7063229839737535,0.9999038733424186
C9orf3,10.579547755503683,0.07682721480995655,0.628738056621851,0.12219272239180459,0.902746389955664,0.9999038733424186
FAM120A,8.477138995460253,-0.11021325458516264,0.71332688310853,-0.15450595960280683,0.8772108125611442,0.9999038733424186
NINJ1,7.2792547472594835,0.35826740434083804,0.7208450776434964,0.49701026677194565,0.6191818113771752,0.9999038733424186
SYK,35.30418445156627,-0.38059959676226784,0.5647495595714879,-0.6739263277178179,0.5003581529580989,0.9999038733424186
AGTPBP1,8.301588490373428,0.21461744517403736,0.7004709560107489,0.3063902126596438,0.759307559440972,0.9999038733424186
OSTF1,7.152620277917905,-0.3639279471645714,0.7656905426760093,-0.47529377324249145,0.6345775966816805,0.9999038733424186
SMC5,9.6613144489401,0.3557376453751143,0.6394718381494955,0.5562991583875663,0.5780063624104543,0.9999038733424186
PGM5P2,9.521768474681357,-0.690818178538325,0.7264721824358624,-0.9509217217678047,0.3416441141472383,0.9999038733424186
CSMD1,7.059245725466872,-0.8853848090252328,0.8341672298072419,-1.0613996539157098,0.28850831413571487,0.9999038733424186
FAM49B,62.95810812736875,0.0264791867442467,0.4279310961216743,0.061877220384839324,0.9506606082282995,0.9999038733424186
MTSS1,18.756822762771943,-0.19281288803668678,0.6199839687662576,-0.3109965704764535,0.7558032288133707,0.9999038733424186
IKBKB,7.560895187738467,-0.2885345345876464,0.721235392218139,-0.40005598408068493,0.689115282710568,0.9999038733424186
KAT6A,14.455552302952398,-0.2701032832981167,0.5657151591997128,-0.4774545615504055,0.6330384695844181,0.9999038733424186
TACC1,7.336422223245447,-0.46530598926259886,0.7379563705894093,-0.630533196550572,0.5283457904836373,0.9999038733424186
WHSC1L1,7.740424316703138,-0.5486401505167944,0.7324880758693634,-0.7490089853894665,0.4538517897135905,0.9999038733424186
SARAF,8.672627943932008,-0.486650127701926,0.6938348127249961,-0.7013919145835819,0.4830584664601254,0.9999038733424186
KIF13B,7.484515426968556,-0.09094390100835448,0.7070993972265003,-0.12861544128741925,0.8976619474127273,0.9999038733424186
HMBOX1,7.700908339439311,-0.4558841153695652,0.7131503025028002,-0.6392539044990101,0.5226577701518393,0.9999038733424186
DPYSL2,19.120308580088096,0.0929150688670275,0.5181061203634267,0.17933598005337592,0.8576738967837401,0.9999038733424186
BNIP3L,7.852977276588574,0.021505740402956428,0.7073714072596109,0.03040233204543939,0.9757461850135355,0.9999038733424186
PPP2R2A,6.820778543554124,-0.29294505026566087,0.8035211964397494,-0.36457663041578126,0.7154274620847055,0.9999038733424186
RP11-624C23.1,68.61607542138461,-0.7542585969417945,0.7150566121238624,-1.054823609981725,0.2915060044254303,0.9999038733424186
SLC25A37,20.214459103376083,0.6317420289468922,0.597977280370045,1.056464935517203,0.2907558525455032,0.9999038733424186
INTS10,11.069634306420914,-0.09415003857647376,0.6715833414019852,-0.14019114646281705,0.8885089669240673,0.9999038733424186
CSGALNACT1,32.293671330808486,-0.03617378867603253,0.7096307791832235,-0.05097550689341311,0.9593450378347934,0.9999038733424186
PSD3,12.179331148918536,-0.30988853865573596,0.6339673246371968,-0.488808376414474,0.624977367191015,0.9999038733424186
ASAH1,10.87392219442311,0.6030746565080362,0.664305224660102,0.9078276583126452,0.3639692830497534,0.9999038733424186
MSR1,19.710733635979746,-0.3347376141340221,0.5668058566342069,-0.5905683757781774,0.5548096592857433,0.9999038733424186
XKR6,8.008517049947745,-0.10332929403898569,0.688325133618594,-0.15011698540742405,0.8806723194190296,0.9999038733424186
MSRA,8.153684754268962,-0.6681584917880529,0.7441358517945593,-0.897898535834177,0.36923964533723685,0.9999038733424186
SPIDR,27.651074187592645,0.21886542344528942,0.5275529558192343,0.4148691065627988,0.6782377265166359,0.9999038733424186
NSMCE2,18.057821626335247,-0.08245363777520429,0.5361466913224197,-0.15378932502936882,0.8777758510941612,0.9999038733424186
LYN,22.88301016547631,0.21490525068230412,0.5514009878404208,0.38974404366591225,0.6967258246582159,0.9999038733424186
NSMAF,9.510457414078937,0.05929585956795637,0.6662276911818688,0.08900239415561852,0.9290800074121391,0.9999038733424186
TMEM65,7.240295079635211,-0.3011458544073578,0.7453675290620901,-0.40402330751689064,0.6861955799141839,0.9999038733424186
DEPTOR,7.629229264493148,0.14794552418607324,0.7763140948808076,0.19057431155979235,0.848859117711222,0.9999038733424186
SAMD12,7.462488848791648,-0.35392950216158464,0.7243087754908828,-0.4886445037500995,0.625093399835488,0.9999038733424186
EXT1,8.174338705555513,0.36203136916967277,0.6982290537330708,0.5184994340096244,0.6041098548764479,0.9999038733424186
EIF3H,10.393950518365635,0.6435107503789923,0.6520446678803471,0.9869120661179599,0.3236857485008301,0.9999038733424186
TRPS1,20.00035425426184,-0.11842768062694285,0.5176439379243333,-0.2287821259953672,0.8190382597652138,0.9999038733424186
OXR1,66.56844560404264,-0.36807651041428957,0.5474549974207464,-0.6723411278523856,0.5013665526187381,0.9999038733424186
UBR5,13.921681260343988,-0.2275218291910838,0.5850979675553444,-0.38886108277168563,0.6973789122704929,0.9999038733424186
PABPC1,28.32933424299976,0.5671964662780303,0.6079429967070971,0.9329763963895154,0.3508321554129773,0.9999038733424186
VPS13B,21.213599414562072,0.5345233674451235,0.5262330137911385,1.0157541496575042,0.3097464748689863,0.9999038733424186
STK3,16.189972402531136,0.13495809902059536,0.5893561161345269,0.228992446715849,0.8188747868113694,0.9999038733424186
RPL30,6.862072072274266,0.11690802460979935,0.7757324765685152,0.1507066264995722,0.8802071457531292,0.9999038733424186
MTDH,8.855149041595928,-0.2185121851252992,0.7168447430593783,-0.3048249809194726,0.7604994543998538,0.9999038733424186
CPQ,15.781113522410871,0.02497610020481451,0.5600942752705751,0.04459267181895198,0.9644319838923354,0.9999038733424186
PAG1,21.061181194303945,-0.22603673601250346,0.5511573575744225,-0.41011288864447726,0.6817231384918339,0.9999038733424186
NCOA2,21.060937344611954,-0.34846429240497623,0.5619224158637908,-0.6201288337453396,0.5351729703205473,0.9999038733424186
ARFGEF1,9.855200088174824,-0.046854763685305556,0.6854434486067383,-0.06835686267123064,0.9455015600704636,0.9999038733424186
CHD7,14.527643046262272,-0.11714783999423677,0.5643778192801827,-0.20756988668273524,0.835564819173615,0.9999038733424186
RAB2A,13.927965583078612,-0.032442642711123335,0.5788782918875252,-0.056043978787559845,0.9553067721883575,0.9999038733424186
SDCBP,7.7565997955235835,0.6646379430800291,0.824392740130346,0.8062151820683697,0.4201187862340142,0.9999038733424186
HDAC9,56.341736612486635,0.052794240490834754,0.43767851325770013,0.12062333171870858,0.9039893877392944,0.9999038733424186
SNX13,14.239301348277344,0.16048185774093868,0.5662146930546954,0.2834293417487073,0.776847738672104,0.9999038733424186
SCIN,16.54595582731199,0.4334810921532028,0.6203369964459372,0.6987832333662547,0.484687508294135,0.9999038733424186
UBE2B,7.6618558804396315,-0.18290662310280065,0.7391317540174114,-0.2474614601640995,0.8045511144321981,0.9999038733424186
CDC42SE2,12.7576587142805,-0.6215331623708001,0.6412685176581555,-0.9692245062030695,0.3324331865084822,0.9999038733424186
CHSY3,11.820349226923554,0.46435834948237303,0.6359654924836676,0.7301628075273255,0.46529067362994614,0.9999038733424186
SNX2,8.347523003142616,-0.39427687690976415,0.6870164850566193,-0.5738972579053477,0.5660373287521121,0.9999038733424186
DMXL1,8.045096943391833,0.4560712627765474,0.7157394028521766,0.6372029553761216,0.5239926528906143,0.9999038733424186
COMMD10,19.675055362476144,-0.025429066379530418,0.5208426900057402,-0.04882293035398109,0.9610604081830956,0.9999038733424186
YTHDC2,9.520817468306026,-0.38228776859865793,0.67489895814787,-0.5664370406612761,0.5710967208038012,0.9999038733424186
PJA2,6.78903032258906,0.2730017598246645,0.7504559463162659,0.36378119350607807,0.7160214072615203,0.9999038733424186
FER,24.431363935416755,0.19152754130800909,0.5179514977377727,0.36977891201113045,0.7115472290528568,0.9999038733424186
FBXL17,15.196519193226331,-0.6903299865898304,0.6302074892950359,-1.095401115213735,0.27334094575413415,0.9999038733424186
ST8SIA4,9.004240140476488,0.25567488145219086,0.7353796620401025,0.34767738985722463,0.7280824788283724,0.9999038733424186
CHD1,11.764803248927409,-0.6198241776102822,0.6381677874963175,-0.9712558197930959,0.33142090335992835,0.9999038733424186
CAST,8.425520805281304,-0.19930866858612714,0.7086890452949333,-0.28123571248823437,0.7785296149522803,0.9999038733424186
ELL2,21.739825669362357,0.026027232265195457,0.5305994072837034,0.04905250912065021,0.9608774500445673,0.9999038733424186
TTC37,9.971876676098239,0.0445790427066783,0.6446417843072866,0.06915320072617019,0.9448676742896964,0.9999038733424186
FAM172A,21.94499102402286,-0.11967157918852757,0.5415776126373053,-0.22096847505524875,0.8251169795146089,0.9999038733424186
EDIL3,14.357220402213272,0.26537611754098334,0.6745051263379623,0.39343825151006495,0.6939958222317404,0.9999038733424186
RPS23,14.29545585961923,-0.3419425631130622,0.579951149695103,-0.589605802648777,0.5554549605458189,0.9999038733424186
ATG10,7.960873975966792,-0.23550254068609264,0.734676234897225,-0.3205528224538765,0.7485492944690828,0.9999038733424186
DDX46,6.723694394772163,0.6838657156694419,0.7365755029153486,0.9284393968611737,0.3531796903975958,0.9999038733424186
ZFYVE16,8.32510274206972,-0.25385805652058113,0.7134226075209164,-0.3558312476285502,0.7219669464222033,0.9999038733424186
H2AFY,11.52628130282424,0.11081944707976639,0.6361410093864408,0.17420578998145705,0.8617037353681565,0.9999038733424186
FAM13B,11.588755529669035,-0.4490401315462815,0.6179102612262771,-0.7267076786443657,0.46740504854850384,0.9999038733424186
CPEB4,12.783946036634646,0.1914763078340799,0.6203317453250821,0.30866759484272016,0.7575743964522179,0.9999038733424186
ATP6V0E1,8.365788867172688,-0.7634155438822119,0.7366804030115112,-1.0362913697193639,0.3000662311874095,0.9999038733424186
FBXW11,8.041349166084727,0.25459176855472515,0.7182440552202397,0.3544641500397216,0.7229910662914241,0.9999038733424186
KCNMB1,8.41105175502573,-0.10484827691514145,0.8453443648148163,-0.12403025474489303,0.9012913201897393,0.9999038733424186
KCNIP1,17.7780408270432,0.15798506768825626,0.7159994400309776,0.22064970844309745,0.8253651930802826,0.9999038733424186
DOCK2,26.357607350946566,-0.2625470716467952,0.4913561390318209,-0.534331517998582,0.5931121898033156,0.9999038733424186
RNF145,9.952491162934798,-0.14066060611743494,0.6687658187889496,-0.21032864145502161,0.8334111825737311,0.9999038733424186
HAVCR2,12.85929211014367,-0.14898512407879233,0.7048978694790453,-0.21135703557864313,0.8326086800376313,0.9999038733424186
GALNT10,10.406489114492862,0.5443526514622754,0.7691707032905368,0.707713709237127,0.4791230622105538,0.9999038733424186
RPS14,16.470549684758698,-0.460040567839579,0.5633017410243755,-0.8166858618313267,0.4141079729575693,0.9999038733424186
CD74,102.47920303789702,-0.5115006736660074,0.45459922752424453,-1.1251683740239706,0.26051769198415475,0.9999038733424186
CSF1R,25.465800664586713,-0.0035514091783577246,0.49275007280629074,-0.007207323497958872,0.9942494376422943,0.9999038733424186
CSNK1A1,20.71027256603892,-0.1319859586797346,0.564145316278651,-0.23395737741894523,0.8150180682891315,0.9999038733424186
ARHGAP26-AS1,9.528110633500242,-0.4617654019800839,0.8395211865087114,-0.550034244996737,0.582295885575501,0.9999038733424186
NDFIP1,7.286593364222592,-0.4635858065165004,0.7370484957764403,-0.6289759889247696,0.5293647758534269,0.9999038733424186
CD14,21.001764504350792,-0.1833105086176083,0.5287307787623261,-0.34669914440522787,0.7288173530649164,0.9999038733424186
UBE2D2,7.079067207468892,-0.7384636421342867,0.822579516306422,-0.8977413459675783,0.3693234612383377,0.9999038733424186
SIL1,7.789279869334849,-0.32132148563470586,0.7049094319367537,-0.4558337157609995,0.6485095572061434,0.9999038733424186
CTNNA1,9.264472646183728,-0.5676025943058409,0.6768324959403883,-0.8386160500719106,0.40168480107731297,0.9999038733424186
SPOCK1,8.491344622235651,0.3022817489025453,0.7743461394722245,0.3903703182514388,0.696262732888468,0.9999038733424186
NSD1,11.13953868391159,-0.39800554112913095,0.6998942034365488,-0.5686652913753034,0.5695833065576703,0.9999038733424186
PAPD4,17.824191039877856,-0.11142439325191106,0.5481427703070031,-0.20327622526062805,0.8389191370792604,0.9999038733424186
LHFPL2,25.209272475885967,-0.5441868594295735,0.5184332856872623,-1.0496757720873782,0.2938672065396791,0.9999038733424186
WWC2,6.910643589852701,-0.2796171668935551,0.7814463911361949,-0.3578200245918365,0.7204780039843016,0.9999038733424186
NEK1,7.523313607771134,0.08865410217983401,0.7253238065686747,0.12222693006484148,0.9027192992419116,0.9999038733424186
SH3RF1,7.350426730475625,0.622448857976983,0.7115071260688484,0.8748315163279929,0.38166558611256096,0.9999038733424186
CBR4,8.558804656698983,-0.1674780438647023,0.6757676670896637,-0.2478337630238835,0.8042630305675572,0.9999038733424186
DDX60L,8.091500223918956,0.7574052768515079,0.6996196046648491,1.0825958446580994,0.27898785252604996,0.9999038733424186
SPOCK3,8.33917413054498,-0.3723265190018663,0.7019636340783497,-0.530407133541492,0.5958296811364538,0.9999038733424186
MARCH1,40.701222698891605,0.10261463302681638,0.492542677422811,0.208336531493553,0.834966209377365,0.9999038733424186
RAPGEF2,14.22052533323599,0.023706823899111957,0.5792082011650256,0.040929710338057715,0.9673519318622756,0.9999038733424186
FNIP2,12.53137272004858,0.6265689849007712,0.6430893710978679,0.9743109015020828,0.3299021934494738,0.9999038733424186
PDGFC,11.969930539952065,0.004416526004942406,0.6576458862668522,0.006715659745114438,0.9946417190502866,0.9999038733424186
TRIM2,7.202055791399652,-0.37189354242220685,0.7457826324251902,-0.498662111791014,0.6180174404287703,0.9999038733424186
FBXW7,11.061902162474555,0.10239707104069037,0.6422700828027897,0.15942992485940152,0.8733301637968802,0.9999038733424186
SH3D19,14.327020575311181,-0.08284525606123068,0.6119876114533214,-0.13537080573329482,0.8923187052854601,0.9999038733424186
LRBA,13.869894390956135,-0.4464677666240556,0.590880183438437,-0.7555977999227868,0.44989037541128973,0.9999038733424186
GAB1,12.376785534764993,-0.03062217070686323,0.6536621162984346,-0.04684709415358322,0.9626350945057441,0.9999038733424186
RNF150,11.561793474054042,-0.28220672245832124,0.7571946782479592,-0.37270035113203315,0.7093714750918333,0.9999038733424186
TBC1D9,8.592132430532418,-0.797056975017557,0.7171908946560442,-1.1113595849537599,0.26641360117138724,0.9999038733424186
MAML3,58.01378925473559,-0.17085597983513315,0.43355034518322727,-0.3940856736324957,0.6935177877329368,0.9999038733424186
MGST2,7.058269590604304,0.18736084503774753,0.7330429966984319,0.25559325425876256,0.7982649277516005,0.9999038733424186
FAM149A,17.104732932601518,-0.2590626585277556,0.6752356864263275,-0.38366256958194844,0.7012285584775466,0.9999038733424186
ARSB,8.082432541020284,0.33947986099899413,0.7119460118486783,0.47683371400238905,0.6334805363518914,0.9999038733424186
TRIO,21.891904445928105,-0.32089836273548605,0.5366973938680223,-0.5979130258538151,0.549897967923433,0.9999038733424186
ZFR,9.72945888924657,-0.07262195760757983,0.6898420623682552,-0.1052733104709008,0.9161589404348316,0.9999038733424186
AP3B1,14.221044192053213,-0.11447456746897196,0.6030386267648471,-0.18982957705893513,0.849442678143782,0.9999038733424186
POLK,8.213913507213979,-0.32234569025918186,0.7267407405884944,-0.4435497726440316,0.6573681264882482,0.9999038733424186
COL4A3BP,8.250083634435667,-0.0518953730322817,0.7433493720801795,-0.0698128968442636,0.94434258202778,0.9999038733424186
FCHO2,7.036423253443071,0.0008874985150161522,0.7220797180302803,0.0012290866130918458,0.9990193310144331,0.9999038733424186
NAIP,32.94830895321622,0.42966070166206655,0.5029199247019959,0.8543322317497385,0.39292093311313014,0.9999038733424186
PIK3R1,21.57299918074466,0.1399976187237695,0.5037005128124507,0.2779382096358846,0.7810597919653243,0.9999038733424186
ERBB2IP,24.456275496815568,-0.04792415722242863,0.49256856211743627,-0.09729438885911429,0.9224926119030878,0.9999038733424186
GPBP1,16.111639502883325,-0.21578805587820019,0.5768892855423223,-0.3740545392090998,0.7083637400367339,0.9999038733424186
IL6ST,25.19756213292632,0.08388536676548979,0.5002005386008245,0.16770347149192677,0.8668165650170113,0.9999038733424186
SLC38A9,11.155945564550668,-0.029788388908584002,0.6220220311216312,-0.0478896042554466,0.9618042244883035,0.9999038733424186
ARL15,26.45496956151481,0.1938150981348942,0.536993645459394,0.360926241443857,0.718154586135383,0.9999038733424186
PARP8,17.903295193117014,0.05391600872082446,0.5376218191606362,0.10028612455685114,0.9201171729552766,0.9999038733424186
SEPP1,8.405010344427266,-0.03845755930361157,0.8130172602036166,-0.04730226673660045,0.9622723215122604,0.9999038733424186
RPL37,7.2183424208689715,0.1852535918752593,0.7228587912355067,0.2562790881447603,0.7977353434210332,0.9999038733424186
FYB,55.35891667124215,-0.32880171713828565,0.4415678624501154,-0.7446232959841612,0.45649948074525015,0.9999038733424186
RICTOR,13.293209837846328,-0.4124575273513678,0.612385603246139,-0.673525839217985,0.5006128157480061,0.9999038733424186
WDR70,20.893011048016618,0.19217722734127202,0.5490123990254224,0.35004168882599884,0.7263074112179623,0.9999038733424186
NIPBL,27.59693295668637,-0.12509795536938215,0.480971470881547,-0.2600943360322323,0.7947910068114843,0.9999038733424186
SLC1A3,171.69792044798297,0.36028529055110564,0.40137307353486623,0.8976319397265412,0.3693818052035317,0.9999038733424186
ANKH,6.6830902204009,-0.1578131453077578,0.7879550048182133,-0.20028192516419943,0.8412600977893371,0.9999038733424186
TMED9,6.809354919127891,0.35717214834241734,0.746552131113303,0.47842894482101467,0.6323449363335891,0.9999038733424186
HNRNPH1,13.04018064547303,-0.393819571232363,0.6859936728613073,-0.5740863025597972,0.5659094019018096,0.9999038733424186
RNF130,23.992942312392923,-0.23446998964151206,0.5282417757499048,-0.4438686987765267,0.6571375162010487,0.9999038733424186
AHI1,8.38053246984358,0.09087198625919284,0.7166648199462199,0.126798447098341,0.8990999248539405,0.9999038733424186
STX7,19.927475829868253,-0.37225444716812345,0.5600442180681185,-0.6646875999402709,0.5062503265941078,0.9999038733424186
EPB41L2,64.98288007980524,-0.4006026828461764,0.4613012153471735,-0.8684188758199658,0.385165065168641,0.9999038733424186
NKAIN2,10.921568327381072,-0.6889410067479645,0.6634063349092169,-1.038490244206429,0.29904187484964506,0.9999038733424186
MAN1A1,12.061890044581316,0.44851596963356644,0.6120215197980576,0.7328434624023654,0.46365390948408114,0.9999038733424186
DSE,7.665300057216606,0.07590380255333308,0.7797644191692658,0.09734196724979885,0.922454829180856,0.9999038733424186
MARCKS,9.715565188690174,-0.1420918994180253,0.7143650076707879,-0.19890657841895265,0.8423358235034328,0.9999038733424186
REV3L,10.786269848634356,0.1031670215079204,0.6336668381787529,0.1628095637834494,0.8706683779344524,0.9999038733424186
AMD1,7.90739509000901,0.2420924308149223,0.6990996036476808,0.34629175807247,0.7291234620038425,0.9999038733424186
PDSS2,7.410321850575698,0.3453680485006548,0.7262309963207173,0.47556225257580953,0.6343862729951777,0.9999038733424186
ASCC3,12.582608853728713,0.07380400697928623,0.707940054946529,0.10425177451622042,0.9169695476545261,0.9999038733424186
PNISR,23.435438348618717,-0.3784289256741994,0.5459541559602978,-0.6931514698492725,0.4882145000629402,0.9999038733424186
ZNF292,12.895798158769935,-0.4128495905800631,0.6039806210676202,-0.6835477433866897,0.49426079230215303,0.9999038733424186
DOPEY1,7.437388914743006,-0.6888092502593975,0.7490544823291285,-0.9195716286452182,0.3577966584722332,0.9999038733424186
PHIP,17.511110227230517,-0.07792946139617427,0.5394232578101225,-0.14446811528398265,0.8851308326133135,0.9999038733424186
MYO6,6.792276981433133,-0.4604192284600875,0.7423787758978181,-0.6201944929032563,0.5351297467703573,0.9999038733424186
OGFRL1,9.412679583483175,-0.12539168141213472,0.6627955407422627,-0.1891860667494971,0.8499469875955354,0.9999038733424186
SMAP1,7.120384349257535,-0.18083425795976216,0.7267087548454972,-0.2488400707353645,0.8034844938335888,0.9999038733424186
FAM135A,12.411725157116093,0.2037492931752787,0.7097590914932657,0.28706823993844105,0.7740600700007012,0.9999038733424186
BCLAF1,6.888871509457018,-0.10026320412757164,0.7386246781718016,-0.13574310077986693,0.8920243735527613,0.9999038733424186
LMBRD1,7.7504146258450435,0.11048200348928225,0.7132955616999395,0.1548895148400748,0.8769084198346391,0.9999038733424186
PHACTR2,9.191325332698316,0.48461647976294286,0.7371787246178827,0.65739346996774,0.5109279493190593,0.9999038733424186
UTRN,13.220725748995347,-0.5553705537836539,0.5995900109346056,-0.9262505106080319,0.3543158083452279,0.9999038733424186
UMAD1,9.7917704893478,-0.4769085462595766,0.6715991592174538,-0.7101089090332835,0.4776366020594308,0.9999038733424186
RAC1,11.957759477369033,0.24591827407681782,0.6456180138573441,0.38090367492620175,0.7032747254967083,0.9999038733424186
FSCN1,6.801338665535414,0.3073671421837422,0.7366879484012905,0.41722841109423503,0.6765113459545355,0.9999038733424186
ACTB,42.45862538446257,0.5262809181107713,0.4956396926671895,1.0618215730033482,0.28831669424743545,0.9999038733424186
TNRC18,9.780786394620351,0.03463459608863709,0.6559594545018054,0.052799903791220924,0.9578913381588595,0.9999038733424186
SDK1,35.47927599470423,0.3181964935721204,0.757881591136161,0.4198498779936101,0.6745951250840561,0.9999038733424186
CARD11,9.647383786527746,0.30372747208981254,0.6996415769152562,0.43411867177613633,0.6642022672349885,0.9999038733424186
FAM120B,7.5953142305731705,0.33703716161840697,0.697502425239194,0.48320572004151385,0.6289496742953642,0.9999038733424186
RPS6KA2,14.828226500860126,0.22475477105129066,0.7082422971474556,0.3173416385275516,0.7509843858575614,0.9999038733424186
QKI,113.08844594727617,-0.15104511784623706,0.38472485794688593,-0.3926055588201424,0.6946108332407013,0.9999038733424186
PARK2,25.912980384339093,-0.4549398505602152,0.5762694503451605,-0.7894568249066922,0.42984505474231016,0.9999038733424186
SOD2,9.415430321868763,0.26783053648299293,0.767959722741157,0.34875596799139164,0.7272725226970838,0.9999038733424186
TULP4,8.261310936210931,-0.22342779949570996,0.7153346412640007,-0.312340248335956,0.75478195518236,0.9999038733424186
ZDHHC14,11.036326225837541,-0.34087409744676517,0.6549150828742214,-0.5204859475075354,0.6027249197609899,0.9999038733424186
ARID1B,24.010858729090064,-0.47374628472008584,0.5217722336294482,-0.9079561045721161,0.36390141363988404,0.9999038733424186
SCAF8,12.652317707238723,0.5486440920284349,0.6316002135156432,0.8686572301401643,0.385034641547219,0.9999038733424186
MTHFD1L,26.526820383262464,0.4221110621179408,0.529668344102152,0.7969346607516576,0.42548897955876197,0.9999038733424186
TAB2,44.28210637920719,0.1911529904314664,0.4453325995981311,0.42923646417074157,0.6677511490551858,0.9999038733424186
SHPRH,11.70558108802433,0.1790892579495429,0.6037882273985122,0.2966093902181044,0.7667647409817611,0.9999038733424186
PLAGL1,7.745010380649025,-0.2807842493195402,0.7270073515219937,-0.3862192710042297,0.6993342827189918,0.9999038733424186
PRIM2,10.867806926394252,0.7487964081598025,0.6786628386329586,1.1033408130436537,0.26987918913104814,0.9999038733424186
DST,30.617819255102447,-0.4098714175831609,0.4771991649845412,-0.858910592595942,0.3903898449021329,0.9999038733424186
PAQR8,8.091284602747576,-0.13217248298940484,0.7159665879316087,-0.18460705459907628,0.853537252284208,0.9999038733424186
HLA-A,13.430275653136002,0.08808542370312229,0.5961667610283027,0.1477529937281097,0.8825377076233735,0.9999038733424186
C6orf62,9.868576099666521,0.09127799004593774,0.7399062781855695,0.12336425941644069,0.9018186576995547,0.9999038733424186
CDKAL1,18.134397854747405,0.195681688871429,0.5479093089905891,0.3571424789842183,0.72098514498661,0.9999038733424186
ATXN1,24.704684933720852,-0.22931158139615082,0.5399225691963027,-0.4247119762700246,0.6710466522045515,0.9999038733424186
DTNBP1,6.862656117166812,0.02327607016304976,0.7374073617453399,0.03156473798682802,0.9748191643788628,0.9999038733424186
JARID2,7.696239167621768,-0.37525700278747837,0.744481118037067,-0.5040517397901214,0.6142250189662191,0.9999038733424186
RANBP9,9.645939048131307,-0.509842499014833,0.7112638844949938,-0.7168120160871482,0.4734900963964057,0.9999038733424186
PHACTR1,9.842065501051506,-0.4840419941096102,0.7589319498101409,-0.637793670737806,0.5236080001830078,0.9999038733424186
RREB1,9.26611101083416,-0.37365250203026634,0.682117361876299,-0.5477833037447706,0.5838407042512783,0.9999038733424186
LY86,24.902941310641737,-0.5992093021879767,0.6240845411961264,-0.960141235095371,0.3369841377275178,0.9999038733424186
FARS2,10.229011237358298,0.23800780069928243,0.6481748685126888,0.36719689741353057,0.7134721534357245,0.9999038733424186
CDYL,7.9669778762436,-0.5062487469300013,0.7715376667848519,-0.6561555821890571,0.5117240248137023,0.9999038733424186
PRPF4B,7.106193228409542,0.07517643604086374,0.7212810620888831,0.10422627182688984,0.9169897856068777,0.9999038733424186
SERPINB6,8.445932413983272,0.10237586604317228,0.6741532504689057,0.15185844757399744,0.8792985821428628,0.9999038733424186
SERPINB9,13.359147877343387,-0.21678564731780825,0.6587324977110312,-0.3290951153481826,0.7420837961880815,0.9999038733424186
GMDS-AS1,17.160529553150848,-0.4313547189703374,0.6572984525097126,-0.6562539700547423,0.5116607287100696,0.9999038733424186
GMDS,9.972392426570766,0.010814375285599481,0.7059925656651345,0.015317973320881884,0.9877785035289605,0.9999038733424186
GNB2L1,8.140622246395273,-0.5314853590288338,0.7389957603154665,-0.7191994698345094,0.47201802602005416,0.9999038733424186
RASGEF1C,18.04087111667049,-0.6571478755545435,0.6150804040147915,-1.0683934511084512,0.28534306987694646,0.9999038733424186
HLA-E,13.272050965809491,0.36102679003765886,0.6260614919961537,0.5766634662140775,0.5641668166824556,0.9999038733424186
HLA-C,15.775131013225696,-0.16121050482297689,0.603807514455872,-0.2669898948976373,0.7894769414765457,0.9999038733424186
HLA-B,26.242287257523657,-0.2351468225966682,0.5319310636780774,-0.44206258790514646,0.6584439159901029,0.9999038733424186
HSPA1A,42.50293338466838,0.8861659308117933,1.3087377748864388,0.6771149636058204,0.4983330155589255,0.9999038733424186
CD2AP,6.922148821035546,-0.4938535248027677,0.7329170910089575,-0.6738190865803291,0.5004263387596402,0.9999038733424186
RUNX2,12.450105250308647,-0.5567138313568692,0.614049600536309,-0.9066268113693702,0.3646041785264992,0.9999038733424186
SUPT3H,13.690342880655757,-0.08206948149227042,0.6083578837222222,-0.1349032924339377,0.8926883363641305,0.9999038733424186
GLTSCR1L,8.168653497200054,-0.11633201766121745,0.7091036193989892,-0.16405503297221397,0.8696878205959926,0.9999038733424186
UBR2,9.752968862845636,-0.1346209515180629,0.7198127279203415,-0.1870221882669471,0.8516432361552804,0.9999038733424186
BTBD9,15.779268039418824,0.3356700246111398,0.5784851013765822,0.5802569916016306,0.5617413258867798,0.9999038733424186
ZFAND3,37.69925251415832,-0.22191252369989098,0.4748448442460674,-0.46733691307574693,0.6402588507193634,0.9999038733424186
MTCH1,7.32174046779959,0.24797483494458794,0.7274831860460336,0.3408667577492253,0.7332038911738641,0.9999038733424186
SRSF3,8.68234057970132,0.3684772026370087,0.7723040153855949,0.4771141872841823,0.6332808126265301,0.9999038733424186
GARNL3,7.133062206783486,-0.1190053805133894,0.84016610204049,-0.14164506307070002,0.8873603705773778,0.9999038733424186
RPL10A,11.43375125370139,-0.4920322472878481,0.6445287274846214,-0.763398474429657,0.44522578948088154,0.9999038733424186
ANKS1A,20.79731578920245,0.19451875744726252,0.5114989937221395,0.3802915740493725,0.7037289894656538,0.9999038733424186
NUDT3,8.321385157404805,0.353830210689107,0.7883932416136812,0.4487991423732759,0.6535765574703423,0.9999038733424186
HLA-DPB1,16.948344584484232,-0.5036034492919371,0.6077333554373289,-0.8286585634740105,0.40729763921003925,0.9999038733424186
HLA-DMB,7.918648713862322,-0.3809158808246219,0.7196036127095905,-0.5293412569043725,0.5965687404317435,0.9999038733424186
HLA-DQB1,11.99840707752073,0.04249978386686687,0.7601937174013835,0.05590651815980073,0.9554162782127342,0.9999038733424186
HLA-DRB1,27.519871483555903,-0.4159670540006304,0.6440446693012035,-0.6458667757501352,0.5183656379694833,0.9999038733424186
HLA-DRB5,16.03482811997254,-0.6543902148656303,0.6587536211518951,-0.9933762697522104,0.32052662157509004,0.9999038733424186
ATF6B,8.041568126106391,-0.27543887825566676,0.7310252205454499,-0.3767843714751042,0.7063338560070683,0.9999038733424186
HSPA1B,11.29074593262637,0.9166834991130124,1.6007590527300524,0.572655514613291,0.566877963491546,0.9999038733424186
PPARD,9.372719950034826,0.20752347527754203,0.7239582058405555,0.28665118179936344,0.7743794207505887,0.9999038733424186
TNKS,8.632933228458667,-0.16330315038571916,0.6906209082972996,-0.2364584512628456,0.8130769442694922,0.9999038733424186
FO538757.2,5.61989183186748,0.6983514467521698,0.804250803458349,0.8683254573687677,0.3852161895959968,
AP006222.2,2.3008630303940762,0.5703164568330001,1.213630790036642,0.4699258304214423,0.6384080089923345,
RP5-857K21.4,5.69983734194814,0.49012959373983084,0.8044294399868478,0.6092884837082098,0.5423332391074326,
RP11-206L10.9,1.5561320980444844,-1.7744089532498435,1.6343896473279966,-1.0856707004665376,0.2776247079095666,
NOC2L,1.0645278905473594,-0.555531212020988,1.6760288944297834,-0.33145682265220744,0.740299449898469,
SDF4,3.804674174834122,1.4745522415384904,0.9753667879053234,1.5117925480169432,0.13058664576333154,
UBE2J2,1.834429760375164,-0.17797149043391033,1.3041734840568693,-0.1364630492871988,0.8914552336410102,
ACAP3,2.638946357345716,-1.6739120677128527,1.270322523425082,-1.3177063594838896,0.18760196486058678,
CPSF3L,4.684268691220791,0.7731900087313943,0.9956000402578293,0.7766070484801931,0.4373906417594239,
AURKAIP1,2.66531375381966,1.2665094222143023,1.1125271324489998,1.1384076713943525,0.25495029222499654,
CCNL2,6.014647051701477,-0.13002333989450296,0.8306265532637851,-0.1565364595961947,0.8756101828499856,
MRPL20,3.533802540964839,0.4078626240975352,0.985076676082393,0.4140414995100555,0.6788437147035689,
VWA1,3.7353404696102444,2.32255261103854,1.168181058990407,1.988178624506882,0.046791938166097086,
ATAD3B,1.8655789051030387,-0.060221014604096186,1.2866705401852856,-0.04680375645767418,0.9626696350962407,
SSU72,2.5619705905413355,-1.2381221572640126,1.2622367466332711,-0.9808953514991711,0.32664435006169235,
MMP23B,1.573560614682717,1.1214982264663087,1.5091105834223415,0.7431517867451367,0.4573897893203748,
CDK11B,1.7780549504295202,0.07024163077663097,1.296164871270567,0.054191895131193095,0.9567822779457755,
CDK11A,1.1765838541542506,0.9948123585471916,1.638392401895125,0.6071880932775898,0.5437260930948922,
NADK,2.3798191888991584,-0.13586371367819552,1.1806550941460943,-0.11507485492743214,0.9083857903414979,
FAAP20,2.691897157883305,-0.15230124242586512,1.1305381878741882,-0.13471569917708426,0.892836660196126,
SKI,6.233502472418326,0.3577624191577107,0.8265632856868407,0.43283124880198925,0.665137369713076,
RER1,2.2860627487788774,-0.027353623380769312,1.2695187365995018,-0.021546451101649735,0.9828097494305532,
NPHP4,1.5002703295618165,1.6444441756874275,1.4596834958351352,1.126575850435703,0.2599218543143992,
RPL22,3.6184600276026537,1.3632299050923449,1.0570125286779084,1.2897008011791946,0.19715456132342857,
TNFRSF25,1.748515113735073,-0.9949379102713082,1.4509536373899379,-0.6857130956031524,0.49289404706673057,
DNAJC11,2.128230431295668,0.5382970360255942,1.2292345233589859,0.4379123965332935,0.6614497889216885,
VAMP3,2.57454658600165,1.8498266544618722,1.3991484609551468,1.322108915589318,0.18613188538227365,
PER3,5.270431075568747,-0.5745396105862316,0.8669502512678817,-0.6627134714431299,0.5075140802568479,
PARK7,3.9277027991348894,0.16648787684890723,0.9159709508289182,0.1817610882727691,0.8557702228400382,
ENO1,5.651969601634981,0.7545147413790767,0.8113969091009954,0.9298960014711635,0.3524249334864862,
H6PD,1.3562814444348172,1.9877515523398834,1.6187354826780795,1.227965639606104,0.2194598668814245,
SLC25A33,1.407667774203236,-1.15747396167871,1.5727712996713812,-0.7359455007352661,0.461763865203771,
CLSTN1,6.010145290909176,0.6901413734632454,0.7904771689606844,0.8730693314908007,0.38262528890755954,
CTNNBIP1,3.660887948509368,-0.7676624023469077,1.058656467886224,-0.7251289021826579,0.46837295491207476,
NMNAT1,1.7345075236895988,2.0350825777613846,1.3775042601463519,1.4773693531409977,0.13957665660718338,
RBP7,3.067079599980545,3.334854843054055,2.672996566688255,1.2476091008174464,0.21217424401756724,
PGD,1.3126305610121771,-0.6460218346216929,1.5879699966492862,-0.4068224437393896,0.6841384013846288,
DFFA,1.1925229510445263,-0.7836547417900079,1.618523659062465,-0.4841787374575312,0.628259025449275,
PEX14,4.072491687680695,0.8312173647782101,0.9813919577652144,0.8469779665517376,0.39700740271637946,
SRM,2.376365604077074,-0.1676328625945734,1.1624217353148731,-0.1442100207711322,0.8853346282290696,
EXOSC10,2.6411588273499556,-0.0782801472207482,1.1034815268822673,-0.07093924575422464,0.943446108444147,
MTOR,2.0774373730227627,-0.3957508614319308,1.361932682828146,-0.2905803395584334,0.7713722983113,
UBIAD1,0.9493956060241953,0.17209472725660158,1.7882862753559483,0.09623443943411526,0.9233343790250633,
FBXO2,1.4721489582491951,-1.113918321796106,1.5625041209370445,-0.7129058457318381,0.4759040215961854,
FBXO44,1.2739621589703682,0.7181205866465343,1.5013407760901332,0.47831951152136154,0.6324228111736996,
MTHFR,2.466485110014895,-0.01760591475289908,1.124564394455322,-0.015655763991555532,0.9875090178884014,
CLCN6,1.3383561129601833,0.15177476432065168,1.4859236551957915,0.10214169738125152,0.9186442043466354,
KIAA2013,2.0949856220337275,1.2353646698991665,1.201483410402081,1.0281995233590009,0.3038559826041789,
MFN2,1.5487576889779435,1.83960826870485,1.4696484759230823,1.2517335259708258,0.2106669793901832,
MIIP,1.4166126528353409,-0.6946019221034779,1.5011437597511945,-0.46271512477832505,0.6435685755665979,
DHRS3,5.384215667634071,0.397038037950523,0.8584694075884333,0.4624952670892038,0.6437261956073594,
KAZN,4.621782786920014,-0.45550610096635125,0.8927514698823468,-0.5102272203778966,0.6098922841134775,
TMEM51,6.103657136336108,0.5066149451682486,0.7893338084156246,0.6418259800440347,0.5209861790072403,
EFHD2,2.073226514928639,0.8659313364247659,1.2443998953744515,0.6958625917950588,0.486514886291059,
DNAJC16,3.0564440006131193,-0.04285154483375519,1.0544037733411318,-0.040640545792025924,0.967582459975222,
DDI2,5.071500157750619,1.0269775125922795,0.823148723373804,1.2476208532317847,0.21216993807622297,
PLEKHM2,3.3439514595509103,0.36693928835871653,1.0114764631725746,0.3627759040559213,0.7167722931904079,
FBXO42,3.5447883563914533,-0.5690446584427246,0.9919353899096923,-0.5736710921207595,0.5661903937718386,
SZRD1,1.8651631400842448,0.1865713142330441,1.378126860728638,0.13538036268620496,0.8923111494942573,
NECAP2,1.9513221999755423,-1.0849728171692201,1.408019488185636,-0.770566619477198,0.44096385328507515,
CROCC,5.965662877448949,0.14015602631026772,0.7735305039090957,0.18119004435116456,0.8562184087262008,
ATP13A2,2.1326838260290923,0.25488915844340354,1.2872629869224916,0.19800861287309807,0.8430383250525588,
SDHB,1.691320952786772,-0.18479284560406115,1.3255898982966958,-0.13940423493081003,0.8891307260468422,
RCC2,5.011726646635185,0.10924341356568808,0.8283155490211493,0.13188622825538526,0.895074281730999,
ARHGEF10L,4.766564363616737,0.8019488781318658,0.880274973591872,0.9110208766467542,0.3622843739508358,
UBR4,2.718502787369918,0.19102546199838547,1.088254164936756,0.1755338671361638,0.8606601617488296,
RP1-43E13.2,1.8489979636868252,-1.5630507112951992,1.4172631908115891,-1.1028655237988123,0.27008556805268136,
NBL1,0.941827619767099,-1.8873438376069183,1.9532466725660438,-0.9662598503892257,0.33391417106127097,
OTUD3,2.0810979202737245,-0.3930267167286929,1.371090393243294,-0.28665266613019874,0.7743782840975203,
CAMK2N1,3.9983915341950933,0.37517503797194507,1.04296293706528,0.3597203933512956,0.7190562398678355,
PINK1,1.5739154717234178,-2.490989034179856,1.7309724118381764,-1.4390691712611372,0.15013092560783067,
DDOST,2.110018137865202,-0.02394936975080479,1.2078468296870861,-0.01982815135343717,0.9841804607626584,
NBPF3,2.150112161225182,0.27676702615524174,1.224847788471151,0.22596034279549215,0.8212322644982426,
USP48,3.3784312033921586,-1.6993082675680555,1.0940449666084346,-1.5532343911200939,0.12036714795752819,
ZBTB40,1.7028393387023548,0.2591245793240456,1.3239748920275074,0.19571714001859028,0.8448315680655198,
EPHB2,3.829473810752051,0.30798028764703883,0.9711631190921496,0.3171251889537785,0.7511486125477969,
KDM1A,3.5387362934025073,0.749618963589265,0.9515981265141151,0.7877474142737773,0.43084446551777134,
LUZP1,5.980756119816373,-0.2528126699404494,0.8247705542786719,-0.30652484940075775,0.7592050627123018,
HNRNPR,6.422790231556519,0.8154074074251598,0.7566599498529055,1.0776405009722991,0.28119422049592113,
TCEB3-AS1,2.084612050189616,-2.2632965605044792,1.4991140490081056,-1.509756086938147,0.1311056739363052,
HMGCL,1.8108901749112034,0.6854988028405649,1.2911363213111773,0.5309267437728231,0.5954695443524802,
NIPAL3,1.9312847468346857,0.15867633689609728,1.3344848867919605,0.11890455895498958,0.9053509698651198,
CLIC4,3.227538401956968,0.6887527988166823,1.0374017518026217,0.6639209907057548,0.506740880775385,
SYF2,1.6162279638840313,-0.7873441099697661,1.4081237092090237,-0.5591441325933186,0.576063357497165,
TMEM50A,2.4020364282855238,-0.6841219612351477,1.1792668565079176,-0.5801248101392346,0.5618304538922203,
TMEM57,3.3430477689438014,0.15395905035402255,1.0258002156328399,0.15008677908986562,0.8806961505905855,
LDLRAP1,0.8583087924916227,-0.5998579400476314,1.858640445605671,-0.3227401735854064,0.746892024723796,
MAN1C1,2.0984390254136693,-0.5963297890005853,1.2156947754391052,-0.49052591246449406,0.6237617981271584,
PDIK1L,1.5967260081347014,0.05361757794563369,1.5223582710944328,0.035220078587077715,0.9719042517654016,
SH3BGRL3,3.9391310645426345,0.3093689571411221,0.9285444790281837,0.33317623886462416,0.7390012531028411,
HMGN2,6.015317276359515,-0.1226679133608148,0.7916114088073689,-0.15495975929101957,0.8768530414615239,
RPS6KA1,4.620315436682287,0.6165571996485895,0.8619396615482117,0.7153136433484597,0.47441525998191214,
NUDC,3.060530359270912,1.5689494497869716,1.0984294968643327,1.4283569899259114,0.1531891321042669,
WDTC1,3.013625622925874,-0.7238243598023397,1.0548898374746056,-0.6861610891381484,0.4926115317981833,
TMEM222,1.528613888702676,-0.8995108896946705,1.4386780669951036,-0.6252343108096691,0.531817286034115,
AHDC1,1.303179796853441,-1.0523432769640695,1.651203503416742,-0.6373189463240085,0.5239171123072466,
STX12,6.077305966488738,0.4220982026831199,0.7838703606124849,0.538479605675241,0.5902459812336266,
RPA2,1.5304581654913336,0.15357583512147674,1.4504205810598063,0.10588365686955473,0.9156746610960197,
EYA3,5.51259826893067,-0.02147481860844554,0.8000222334069385,-0.026842777252569408,0.9785851341842678,
DNAJC8,2.2771725978863286,1.0404672482946689,1.2533288639673443,0.8301629988805385,0.4064466321220146,
ATPIF1,3.779850900318286,-1.1144091450279625,1.0062228282395858,-1.107517255375384,0.26807035610353824,
RCC1,2.3657152981073106,1.000360978836813,1.1653227858964819,0.8584411039961225,0.3906489388050558,
TRNAU1AP,3.464993693354581,-0.1659322577489091,1.0112040135567748,-0.16409374915875244,0.8696573425624081,
GMEB1,1.8455474507585763,0.16229803776172713,1.3062129105769211,0.12425082959105359,0.9011166778195662,
YTHDF2,3.4337840035328995,0.8271788186515254,1.0150521476759318,0.8149126333513386,0.41512232120192916,
EPB41,4.154530165898445,-0.6152937930861294,0.9382038870872196,-0.6558209804442315,0.5119393155411279,
SRSF4,6.086250845120843,0.4550832906608813,0.8098845723479586,0.5619112972377495,0.5741764561762532,
SNRNP40,1.6988342113043122,-0.31155462550109275,1.3160431279154983,-0.23673587809737595,0.8128616992996268,
ZCCHC17,2.713746385496231,0.2077336505531853,1.1252508029268296,0.18461097740420218,0.8535341752217509,
COL16A1,3.074131254987821,0.2914067718580616,1.1122197641215978,0.2620046696330801,0.7933178420713032,
KHDRBS1,4.82914054433809,0.38369600486694067,0.8560808295909688,0.4482006740534872,0.6540083763077831,
KPNA6,3.8080109541860323,0.013513989899077088,0.9476240340763368,0.014260919323610628,0.988621818320855,
MARCKSL1,4.198703391979873,-0.7466992844291042,0.9828893649126862,-0.7596982031598606,0.44743500305786754,
BSDC1,2.3277556218365216,0.29520471827969097,1.2091280699073155,0.24414677454499886,0.8071171475395689,
ZBTB8OS,2.993301207829186,0.4632724388789729,1.0313986317523947,0.4491691423827577,0.6533096456630652,
RBBP4,3.395537183864135,-0.5107025420253204,1.0051169108051736,-0.508102626207144,0.611381373605731,
SYNC,1.5899640240928061,-0.4493858646595555,1.3895351620749248,-0.32340733572262365,0.7463867746987117,
YARS,4.614821252420574,0.7897956113700536,0.9047969709846214,0.8728981602475739,0.3827185891600977,
S100PBP,3.803357983465659,-1.1506073438227025,1.0103886068759118,-1.1387770368673715,0.25479616182917464,
RNF19B,1.8667784469140658,-2.5476134866376103,1.727084901149569,-1.4750945277455019,0.14018713146504536,
AK2,2.422451145332192,-0.49416675518152686,1.2055494269303246,-0.4099099913637033,0.6818719757973959,
AZIN2,4.172639002646192,-2.1254053080716284,1.0767363257846003,-1.9739329464183162,0.04838936791836557,
ZNF362,1.8994168299477543,-0.15677700574725817,1.2950520894909254,-0.12105845550111112,0.9036447348037865,
SMIM12,1.024466369503968,-3.089558342179697,2.3218682080180875,-1.3306346723343518,0.1833092480673162,
KIAA0319L,5.53377314970107,-0.5098767499795485,0.8618151372236654,-0.5916312303612057,0.5540975561898981,
PSMB2,1.493582420843327,-0.012393999826433293,1.4160332925248074,-0.008752618947492836,0.9930165096409175,
AGO1,1.5232643712462133,-1.5413694999763934,1.520507730658451,-1.0137202652096404,0.3107162513539764,
TRAPPC3,2.5381024701147257,0.2566464878665319,1.1431585705724163,0.22450646347166056,0.8223632381500383,
MAP7D1,2.6367706186918505,0.6860732336072574,1.193017510617962,0.575073900844828,0.5652413181821843,
STK40,1.657018715422243,-0.1424907844567141,1.4756098481048048,-0.09656399666871411,0.923072649328558,
MEAF6,3.0465198532443396,-0.7802843192899426,1.2203073774693711,-0.6394162107813096,0.5225522059653709,
C1orf122,2.629544322130142,0.28792038346679827,1.2329885429504748,0.2335142407550847,0.8153621126634494,
MTF1,1.6786295285803565,1.4529713575364198,1.4869488661396137,0.9771495110713486,0.3284951393079264,
INPP5B,3.4942660589772103,-0.0993032179340798,0.9925641386585956,-0.10004715470406123,0.9203068891744155,
SF3A3,3.121405723805465,2.021731973572176,1.0750504269017571,1.8805926894040768,0.06002734697378712,
RRAGC,1.191178560986106,-0.8081210788055205,1.6926033658935649,-0.47744267504684684,0.6330469319914945,
RP5-864K19.4,2.5455669996891035,-1.847314956763424,1.2694911381350371,-1.4551617583382634,0.14562448506552544,
AKIRIN1,2.34249517691577,0.5641448903531452,1.1492506788218433,0.4908806240005701,0.6235108820123375,
NDUFS5,4.713678567712326,-0.6795972742796117,0.9946444988542477,-0.6832564550072456,0.49444480471233787,
RP11-69E11.4,2.2514470459383227,0.5668197111302314,1.394805622023805,0.40637899803400535,0.6844641486882833,
TRIT1,2.7318298758637343,0.400551666371833,1.1171997448356454,0.3585318276551874,0.7199453537922262,
CAP1,6.22583119830808,0.9672640137813874,0.7859388205809926,1.2307115877879056,0.21843075257961297,
PPT1,4.922016906919764,0.3821916234986106,0.8430282741540291,0.45335564086760466,0.6502926730171449,
ZMPSTE24,1.4193695094791938,-0.9962806193747867,1.7001322777640897,-0.5860018260961637,0.5578742876970955,
COL9A2,3.6063160237877074,1.0998532504130087,0.9464434191505765,1.162090863709651,0.2451985581796371,
RP11-656D10.3,1.9112221778191687,-0.3091953366593067,1.3354880960368296,-0.23152234570781216,0.8169090275988916,
NFYC,4.516939771087375,-0.21677933218218357,0.8607999145204623,-0.25183475105588016,0.8011687953203626,
SLFNL1,2.1846793165647176,-0.4072027833636833,1.2481334302018774,-0.3262494005130693,0.7442356680310831,
SCMH1,6.370623207811163,-0.19666336590227537,0.7691960622788235,-0.2556739114337633,0.7982026414111063,
YBX1,5.121828877974306,-0.7700843485194316,0.8491126675138053,-0.9069283476528882,0.36444468932629737,
SVBP,1.3058950804904763,-0.9994536517957525,1.7028439338667807,-0.5869320328881902,0.5572493550917621,
ELOVL1,5.256760745509943,1.7074045696954185,0.9925254725652112,1.7202627205955543,0.08538469660899461,
SZT2,1.1650594694422742,1.9332026664066468,1.6620020267256412,1.1631770812068778,0.24475766327224235,
KDM4A,1.9228337925872896,-0.5259396263001236,1.3900680085710722,-0.37835532006866773,0.70516665485928,
ST3GAL3,4.515794957015904,0.9529607754490806,0.8645485464743027,1.1022640421238692,0.2703468970578382,
IPO13,2.8034888089703824,0.7105918444993884,1.1091107013267354,0.6406861313747739,0.5217266265103137,
CCDC24,1.4356502960648576,-1.6940040553666886,1.620058850299759,-1.0456435302046265,0.2957256436307515,
DMAP1,1.6890964851897443,0.12798790981869,1.3637559107299293,0.09384957294167579,0.92522865191527,
ERI3,4.505582690551343,-0.6951907650058595,0.9575010857335171,-0.7260469730677033,0.46780997479720077,
C1orf228,2.958936892734039,-0.23837911042339519,1.142388589031665,-0.20866727198794502,0.8347079908621875,
PTCH2,1.024466369503968,-3.089558342179697,2.3218682080180875,-1.3306346723343518,0.1833092480673162,
EIF2B3,5.0290648613234366,0.04374678884228905,0.8544045299077773,0.05120149450402726,0.9591649609665985,
ZSWIM5,1.390848599774353,0.95735027874667,1.4566978687062222,0.6572057935369593,0.5110486008656385,
MUTYH,2.3984957948494374,0.46937586387652974,1.1387606333826847,0.4121813224981709,0.6802065259506735,
TESK2,2.376449725788517,0.7763260281947172,1.253219221461982,0.619465465338993,0.535609765716649,
PRDX1,5.167217872493335,-0.18384376245011416,0.8726461863175291,-0.21067388516978983,0.8331417538609077,
AKR1A1,6.100415462448642,0.0865295582024728,0.8248591373628361,0.10490222425021217,0.9164533940122002,
NASP,5.533222838857909,0.05558452182944696,0.8348866741742632,0.06657732546087444,0.946918197346796,
MAST2,3.0462255048465807,1.2829789435388692,1.1054838768978819,1.1605587113030171,0.24582140454131862,
POMGNT1,2.212784642692908,0.5113823235849834,1.2781053301892813,0.40010968697646393,0.6890757296753616,
LRRC41,1.7810958785775124,-0.5302335585089643,1.4199964857809824,-0.3734048385460205,0.708847158871457,
UQCRH,2.235330417041922,-0.911667389687078,1.2457873785968663,-0.7318001493271601,0.4642905579157429,
ATPAF1,2.081481001533787,-1.727521443053093,1.3768790144460623,-1.2546646618389337,0.20960051925054068,
EFCAB14,4.88693381966556,-0.190729747505904,0.9133719392938152,-0.20881936405159224,0.8345892542402251,
AGBL4,3.1861870371525693,-0.3370648343415188,1.0155035003995587,-0.3319189290917241,0.7399504765796003,
ELAVL4,2.0905486844324606,-0.183450008824859,1.2784130123823698,-0.14349823339406811,0.8858967063586504,
RNF11,2.914519846791274,0.5750862838007741,1.2068624234637693,0.4765135384282172,0.6337085645473741,
TXNDC12,1.851303662543603,-0.3678787429225623,1.3735259900818084,-0.2678352980424135,0.7888260991054972,
BTF3L4,1.8210701695647595,0.2986713563627714,1.299538752548888,0.22982874175699933,0.8182248497820457,
ZFYVE9,2.264331865893151,0.6403530853465962,1.1689005100040988,0.5478251398353404,0.5838119747850947,
ZYG11B,2.7261993952478334,-0.18257570148432434,1.1125591460814144,-0.1641042654922041,0.8696490639611778,
ECHDC2,3.2801757114891266,-1.3875349373729196,1.107430213787446,-1.2529321668292817,0.21023039421944212,
SCP2,3.4057687979125464,0.3652335369179973,1.0141451807524124,0.3601393014035959,0.7187429636320637,
C1orf123,1.3890944434935324,0.07926621370470285,1.428114148980512,0.055504116222984436,0.9557368507356729,
MAGOH,2.2109372575595487,0.3207290127051339,1.2467745671810508,0.25724699648814625,0.7969881064410125,
LRP8,1.767752332951539,1.0456467348630365,1.361542789087642,0.767986686311721,0.44249509463083003,
NDC1,2.185643515814768,0.5025784403733061,1.177226164450254,0.4269174909207037,0.6694394253053157,
YIPF1,1.8286706581384442,0.7049293150627906,1.287955765071296,0.5473241660778377,0.5841560441775321,
HSPB11,1.3702890344802912,-1.4713777556140133,1.6233832478400534,-0.9063649988822501,0.36474269230207934,
TMEM59,5.347208423526127,-0.5207301140746069,0.8362762671822417,-0.6226771397317786,0.5334967080687065,
SSBP3,1.9638047851411755,0.4104463328924838,1.2513882629854425,0.3279927941095437,0.7429171109943362,
ACOT11,1.636658726115131,0.8254183790130037,1.3609949147890545,0.606481604041069,0.5441949944117641,
PLPP3,3.88132156258859,-0.7227107217157013,0.99804551608419,-0.7241260143637949,0.4689883749892301,
MYSM1,5.449570930422244,0.7225279906938079,0.8311350744958447,0.8693267952048391,0.3846684108598797,
JUN,4.706687395818585,-1.7879491866324793,0.9639665972124983,-1.8547833418737651,0.06362717177270776,
LINC01358,1.1903044822438928,-2.1681806348995836,1.8592005043430064,-1.1661897841759474,0.24353772201821222,
FGGY,5.37219874618292,0.3235459959942022,0.863504006001959,0.3746896293998991,0.707891305861425,
TM2D1,2.793631169040939,-0.2447496025472884,1.0588223905364498,-0.2311526510345957,0.8171962128783041,
INADL,4.170072870883181,0.7008622233613533,1.016414310217166,0.6895438369139134,0.4904810967190919,
DOCK7,4.196468466047082,-0.08265500613266301,0.887409711485694,-0.09314187692884572,0.9257908490390562,
ITGB3BP,3.2524548797959376,-0.45521241232426823,1.0483066425351448,-0.4342359323636615,0.6641171225160887,
JAK1,5.246340923226636,0.0995848302153522,0.8513443865706696,0.11697361465727561,0.9068809623701974,
DNAJC6,5.342829285558253,0.15411255337525523,0.8817071494895167,0.1747888212820799,0.8612455724430246,
LEPR,3.2537932710579636,0.12067667466423097,1.0295085910492674,0.11721774418729057,0.9066875060230292,
SGIP1,1.3093575545606475,-2.5378278256627027,1.9683473743802293,-1.289319079901628,0.19728718046332094,
MIER1,2.9375875518513506,0.16223224789845114,1.092419778633512,0.1485072415124015,0.8819424714250755,
SERBP1,3.2484984813410573,0.6204280817997764,0.9995410479753083,0.6207129592691853,0.5347885011934743,
WLS,3.071286986845681,-1.1284031432361228,1.1457935345995502,-0.9848224040036103,0.32471131375164275,
LRRC7,4.708058470839343,-0.8545080259005675,0.9267081032656349,-0.9220897312642018,0.35648177279345505,
LRRC40,1.8562242602485337,-1.1188425661780366,1.3465759910359267,-0.8308796336976914,0.4060416300421362,
ANKRD13C,4.539540273175946,-0.28818026298356364,0.9166846208446529,-0.31437231129505383,0.7532382832867297,
NEGR1,2.7112571558369343,-2.288584761020768,1.3616053997572084,-1.6807988286686082,0.09280199625775949,
TYW3,1.8314275147822972,0.5671121689745956,1.3330312518355283,0.42543051274582344,0.6705228666680262,
SLC44A5,1.1840423849322346,-0.9233793551635803,1.6886662981012914,-0.5468098440774313,0.5845093793186709,
ACADM,1.1787475952153281,0.15198841203102495,1.6465999374217677,0.09230439560747654,0.9264561960922281,
RABGGTB,3.0164797560139083,0.8007183914540212,1.1096996774001244,0.7215631470038775,0.4705631037891438,
PIGK,4.857090563883124,0.466783044978614,0.832493808246814,0.5607045245917605,0.5749989822319768,
AK5,2.117927826430261,-3.0499923081359532,1.6882323877401446,-1.8066187630831145,0.07082174192326479,
FAM73A,2.671307980724348,-0.8818377254385487,1.191654984713684,-0.7400109400376701,0.45929335617606537,
RP11-386I14.4,6.095634100613032,-2.157469142520426,0.9321211041946896,-2.3145802973578005,0.02063591216496691,
IFI44,4.58510043802042,0.18637088987626452,0.8938000938574548,0.20851518270928637,0.8348267290781968,
ADGRL2,1.3121246754855462,-0.6102974240411299,1.5377739833214357,-0.39687069144124115,0.6914628179448657,
RPF1,1.7812407268249055,1.2685068611927148,1.3803501193767087,0.9189747176357719,0.35810879637961934,
GNG5,1.1734305800754534,-1.9949721099908058,1.8399609157723207,-1.084247003775849,0.2782552960108743,
CTBS,3.6160255256829132,0.23064639298009623,0.9660899594622305,0.2387421489283301,0.8113055314993755,
C1orf52,1.5476515319321926,-1.8440737768470334,1.5770540930996408,-1.1693154882357748,0.24227654523167697,
RP11-131L23.1,1.2134921011188453,0.06184680665448359,1.5147091265445516,0.04083081402933933,0.9674307737924053,
DDAH1,0.7978387346400998,-1.6536068416999252,2.1552240881327847,-0.7672551781529854,0.44292981198710957,
ZNHIT6,2.9684141604129692,0.04201422868130763,1.0390681786139115,0.040434525420029184,0.9677467054418887,
ODF2L,3.8080109541860323,0.013513989899077088,0.9476240340763368,0.014260919323610628,0.988621818320855,
SH3GLB1,3.232313969972363,-2.042249243152513,1.2211501289846602,-1.6723981717551515,0.09444583238729083,
SEP15,5.043165861663592,-0.3819463495857633,0.8813875547418786,-0.4333466561115892,0.6647629478647423,
HS2ST1,2.543774342295301,-0.6646379807154636,1.1402855492021724,-0.5828697743126652,0.5599809694646809,
LMO4,1.354295209850459,-1.4765350107754,1.624424184977504,-0.9089590172506868,0.36337175919984877,
GTF2B,1.6819603091358728,-0.1533202896559742,1.3558774429067681,-0.11307828038445854,0.9099684942762054,
CCBL2,2.925686084675705,0.83739216565223,1.05853411287214,0.7910866125798427,0.4288934507873634,
LRRC8B,2.8042814750107024,-1.2545146949387647,1.1325609806968369,-1.107679600763654,0.2680002122909041,
FLJ27354,1.2250164858308217,-0.7801785872031068,1.6242973575401085,-0.48031758691317206,0.6310015852914175,
LRRC8D,1.0578339830324763,-1.5530810810741975,1.9879747896405944,-0.7812378150705718,0.4346626365672547,
ZNF326,3.117345868667867,0.698336928808179,1.036939759789646,0.6734594967694593,0.5006550082447059,
GLMN,2.3606587414030735,-0.6263285060430318,1.167325323563032,-0.536550088822957,0.5915784281884668,
RPAP2,5.124021024696888,0.18514420699564946,0.9063273479392717,0.20427962084186718,0.8381349943985938,
RPL5,6.631468921877251,-0.010010595770339957,0.7436290777474253,-0.013461813247894633,0.989259351454206,
FAM69A,5.178212758610179,-0.5524488231423933,0.8512981924574748,-0.6489486622162538,0.5163715596692906,
TMED5,3.0972832996523496,0.4374653223588278,0.9981504845751775,0.43827592043399877,0.6611862791521174,
CCDC18,4.157142018382166,0.393745066770624,0.9238718995767161,0.4261901102858777,0.6699693232689994,
DR1,2.2061067803624557,1.063799162068374,1.1849148326575891,0.8977853367591235,0.36930000352265513,
ABCD3,3.0119677673914276,-0.381806055978683,1.1006150234037835,-0.34690245713519535,0.7286646006231243,
F3,2.047356296175383,1.42922731384447,1.554199523652962,0.9195906266173859,0.357786726826799,
ALG14,1.9682477215388368,0.6805655614003565,1.2794072086648578,0.5319381951197302,0.5947688022376679,
DPYD-AS1,1.8442577884397118,1.5653069555702355,1.4004391025463487,1.117725828080718,0.26368410823692745,
SNX7,1.3997609760898697,2.250517898567669,1.590785913731218,1.414720786211287,0.1571503773998663,
AGL,2.188358799451803,0.44939469468559756,1.1845294143028302,0.3793866908320673,0.7044007323324589,
SLC35A3,2.1517790874498584,0.413843311081717,1.257448074930991,0.3291136384334826,0.742069795988153,
MFSD14A,4.000155555421808,0.6192562865261513,0.917688663695641,0.6747999741353814,0.49980285682889236,
TRMT13,5.6109011511947715,-1.2472675742473527,0.8749591076082776,-1.4255152765445114,0.15400830738944876,
DBT,1.9647720927359267,0.8242134277542141,1.254431573916941,0.6570413603195763,0.5111543222795178,
RTCA,2.7799755455844735,-0.03316445677449603,1.1036092451984532,-0.030050905172085914,0.9760264550252108,
CDC14A,5.916765751810421,-0.15414354211239137,0.7960509082985188,-0.19363528199704988,0.8464614699747273,
EXTL2,0.9810090632718834,0.47433401164526484,1.688421143309907,0.2809334706123149,0.7787614281767539,
SLC30A7,5.844074762510833,0.5220703559718266,0.8048256937842756,0.6486750609527155,0.516548427376039,
AMY2B,1.2916614109378586,-1.5366733708717601,1.6556236558066706,-0.9281537899523704,0.35332780077437953,
VAV3,1.1882248628942584,0.7440357251385825,1.6123450704815354,0.46146184136400303,0.6444672922430744,
SLC25A24,1.7220543324958528,0.18297941496149053,1.3107996983300236,0.1395937267872496,0.8889809973883311,
STXBP3,6.242941612790022,-0.26025546414147777,0.7936976195692232,-0.3279025383529946,0.7429853544260505,
SARS,1.544143400812695,-1.2084187342230837,1.5516991833779512,-0.7787712638943538,0.4361144681172541,
PSRC1,3.09903745593317,0.8525932428766851,1.0361010115896003,0.822886217984311,0.41057270081750996,
CYB561D1,1.3487134581777207,0.4449354400528893,1.5583419176514053,0.28551849566073184,0.7752469363862464,
GNAI3,2.694498707944001,-0.5941926480882052,1.1097385243760292,-0.5354348209388341,0.5923492171105239,
AMPD2,1.4784626749557084,1.0315915465373677,1.501932064110943,0.686843014532758,0.492181660282494,
GSTM3,1.5436951334773126,0.29703288989067633,1.416478902089433,0.20969806853637302,0.8339033331050674,
AHCYL1,4.93377952464441,-1.0872732139635075,0.8805177105311072,-1.2348112944913856,0.21690074290089445,
STRIP1,1.7619710052918511,-0.16963771365389216,1.300190749468535,-0.13047140484827563,0.8961934763619162,
LAMTOR5,1.8446998755365571,-0.45135833987252905,1.316010713248183,-0.34297466983265246,0.731617516203831,
LRIF1,1.4014929069477222,0.40262761168906414,1.444571036473322,0.2787177657057364,0.7804614275215426,
DRAM2,4.75800972218104,0.9907884079422741,0.8669728733860981,1.1428136200762489,0.2531159826281313,
ATP5F1,1.0804669874376354,-3.177302738249157,2.2993225723009805,-1.3818429725889063,0.16701992118604425,
FAM212B,1.4285953512707368,-0.05387095997889263,1.5092013919120988,-0.0356950107968296,0.9715255488259734,
ST7L,2.9286811743322274,-1.1910427531462782,1.1203163742340698,-1.063130719624233,0.2877226750455214,
MOV10,1.4229263695418541,1.1605561858291884,1.4692829249428394,0.7898793119605186,0.42959825441459165,
SLC16A1,1.5571510250340912,1.215960497273201,1.3815005767228716,0.8801737167259411,0.3787652095419366,
SLC16A1-AS1,2.1429699863749163,0.8126321721463815,1.2199062909410998,0.666143111303635,0.5053196308943297,
LRIG2,2.94254376021757,-1.7022828028410104,1.2102236925503755,-1.4065852563617307,0.159550407489915,
MAGI3,6.572954165381174,1.1796409909552683,0.7949035665295714,1.4840051556258609,0.13780755284338161,
PHTF1,1.7201228256510508,-1.2440509656088279,1.3918259597020501,-0.8938265283363039,0.37141471304340157,
RSBN1,1.7917978039421305,0.18837605460809886,1.269354663011193,0.1484030114650769,0.8820247235837361,
HIPK1,1.1818786438711573,-0.20737063042880563,1.5926176445311908,-0.13020741741803826,0.8964023262912801,
BCAS2,2.514172466012215,-1.6173444871109484,1.3899769048305495,-1.1635765180631668,0.24459567214613664,
CSDE1,4.724822723473952,-0.9049642233784017,0.9731122410023746,-0.9299690058838684,0.3523871322692561,
SIKE1,1.2476434914395866,-0.6557933325205644,1.576009874296696,-0.41610991353288074,0.6773295760681366,
SLC22A15,2.0081450593635597,-1.6283206662476999,1.3843511082484834,-1.1762338734339535,0.23950143197507356,
ATP1A1,3.488058689405108,0.8975489539764425,0.9874530754877617,0.9089535252427968,0.36337465830412885,
TTF2,1.5468261821331417,0.014209167443572018,1.4056469534855658,0.010108631764425424,0.9919346161440077,
MAN1A2,6.0905816170298435,0.5776456643608949,0.7657496103242699,0.754353194011135,0.45063716901078377,
GDAP2,5.319376748708293,-0.14282573992694111,0.817485631433581,-0.17471345603527638,0.8613047940180164,
WARS2,1.292590217419628,1.5543655889347636,1.588911765219387,0.978257964324499,0.32794675452309774,
RP11-418J17.1,4.101102899335516,1.3313678118100563,0.9039910726818323,1.4727665483026766,0.14081399525433122,
PHGDH,3.2279777800442644,1.216340638128121,1.1640627450705179,1.0449098584066756,0.29606463300160124,
NOTCH2,4.818960549684534,0.5585234717848429,0.84245165109354,0.6629739179214075,0.507347258628746,
SEC22B,1.368038063363069,-1.1826215845167263,1.620440902446597,-0.729814695945507,0.4655034602589696,
NBPF15,2.9924596314035607,-0.597461330353937,1.0897349296536707,-0.5482629895545484,0.5835113363777764,
CH17-125A10.2,1.1583168329842286,-2.1834185371249974,1.88760873872927,-1.1567113948597554,0.24739029262732093,
RP11-289H16.1,4.240444812538536,-0.3157781006994989,0.9182393600037854,-0.34389519166135196,0.7309251080809388,
GPR89A,2.1829191614875034,-0.08186970372765424,1.20268197997354,-0.0680726119547043,0.9457278322643285,
RBM8A,2.4039901605532936,1.899075835330867,1.2386179956540975,1.5332215759774996,0.12522126987014512,
NBPF12,4.326769225401027,0.32966349836858094,0.8721948911424237,0.37796999468407694,0.7054528841703342,
RP11-337C18.8,2.0228877227875093,-2.8587326691539636,1.6804233385920149,-1.701197908587264,0.08890583045072721,
FMO5,2.0203569456508004,0.8083982461217236,1.2460888344759933,0.6487484870704843,0.5165009584710628,
CHD1L,6.517429676117964,-0.27720948111180926,0.8410152058308137,-0.3296129239874591,0.7416924559506672,
NBPF11,2.639549519316528,0.48462079988075013,1.090489969299741,0.4444064718834138,0.6567487351722604,
LINC01138,4.1310230827510726,-0.5753360785477195,0.9238703809932317,-0.622745452591725,0.5334518087777465,
NBPF14,2.255796572041303,-0.4534623847911208,1.1820918132020986,-0.38361012209598455,0.7012674366364817,
NBPF9,2.866538191459634,-1.1304403843051292,1.1265344732087552,-1.0034671918074984,0.31563549886114806,
NBPF19,4.717522389730817,-0.15535286522993114,0.8513502942674779,-0.18247819525757072,0.8552074647329582,
LINC00869,3.55909182317025,0.07765260674626676,1.034022335988175,0.07509761060630975,0.9401370489182386,
HIST2H2BE,5.02698424074659,-2.1578762647768515,1.0166169090281247,-2.1226051284546887,0.03378695485444435,
OTUD7B,1.3201985472692737,0.8480308021467817,1.5338122934918585,0.5528908626857887,0.5803381446188682,
VPS45,4.862891239126661,0.11410333938144351,0.8333252157437414,0.13692534106220036,0.8910898082146663,
PLEKHO1,5.970092477671728,-0.8585173278068141,0.826297179554394,-1.0389934142941113,0.29880779913878786,
APH1A,1.114353641225513,0.7976984780888136,1.5990538057625987,0.49885655830598286,0.6178804398230742,
C1orf54,2.6460113485278742,-0.6041231780940252,1.1152347748392506,-0.5417004488414587,0.5880248804964353,
MRPS21,5.978996146181302,0.6119829227611154,0.7848755766282439,0.7797196663834794,0.43555590039759506,
PRPF3,2.0570613385312195,-0.5620513514996098,1.2862825502361923,-0.4369579229667725,0.6621418635584645,
MCL1,2.928852526099815,-0.04798122783930379,1.071654339375312,-0.04477304488616448,0.9642882106045216,
ENSA,4.479602604371249,-0.40390742030756316,0.8693507052470008,-0.4646081470570667,0.6422120969151839,
GOLPH3L,1.6341532953586657,0.8997506763691878,1.486828029393715,0.6051477767311663,0.5450808116448599,
ARNT,4.395200809105472,0.05635475272916158,0.8765638232393225,0.0642905299478409,0.9487388938632721,
SETDB1,2.942568876092231,-0.13052279334097613,1.1333223608601293,-0.11516828560756227,0.90831173579538,
CDC42SE1,4.824758334476378,0.33812639782571124,0.9051408838830173,0.37356217561973654,0.7087300792590068,
SCNM1,4.610113398047907,0.8852537451524618,0.8852317446139543,1.0000248528576177,0.31729848068444255,
PIP5K1A,4.112627284047494,1.044274530577128,0.8897110643172409,1.1737232147140915,0.24050590857996335,
PSMD4,3.2973114852681413,0.46647840077814823,1.0590204122120317,0.44048102888195545,0.6595887495261497,
PI4KB,3.193194410143479,-0.3868954695647484,1.1081631654799289,-0.34913222313899034,0.7269900462571752,
PSMB4,1.356136596187424,-0.023032441586881475,1.5063259045082427,-0.01529047699302541,0.9878004398553292,
SNX27,4.393733614780484,-0.5030966961629709,0.9103064574331189,-0.552667392453309,0.5804911854079466,
THEM4,1.6922010303253792,-0.4184372875245122,1.4342493269048846,-0.2917465462072075,0.7704804178601203,
FLG-AS1,2.1286179720951,-0.5778477094773342,1.3809166198005518,-0.41845228103692006,0.6756164687386659,
S100A6,2.3358944982534253,-0.11526094195496028,1.192056961522884,-0.09669080058700501,0.9229719456667618,
S100A13,2.9022115038449208,0.42525628663377246,1.0626624023489235,0.40018004372205146,0.689023912101492,
CHTOP,2.4381255056896043,0.7840743344220897,1.1296322953032565,0.6940969532139663,0.487621409179098,
SNAPIN,1.1903044822438928,-2.1681806348995836,1.8592005043430064,-1.1661897841759474,0.24353772201821222,
ILF2,1.2720306521255664,-1.0078825764525392,1.6659000251215192,-0.6050078403588589,0.5451737872274068,
GATAD2B,4.872861199457504,-0.7760327568480088,0.8789790405051544,-0.8828797059848186,0.377301269487472,
DENND4B,6.018881149058356,0.9944233917469635,0.8300432232839223,1.1980380826587553,0.2309021915698749,
SLC39A1,1.6469835690160803,1.9866923492625626,1.5004111110515628,1.3240986651119837,0.18547027886598655,
JTB,4.569522378409382,0.10514024474161143,0.8521397982567765,0.12338379800673194,0.9018031863550525,
NUP210L,1.9927486158011547,1.3062630375913804,1.3208146303036101,0.98898286528755,0.3226715251473511,
TPM3,5.527724195056827,0.03094512871251988,0.8306406633686347,0.03725453144446718,0.9702820589550931,
C1orf43,3.878799674699968,0.23928185968135565,0.9404624743772179,0.25442999183971704,0.7991633829995985,
UBAP2L,1.8327171771011617,-1.0378767029333662,1.3901210902256842,-0.7466088459710143,0.4552997071612571,
HAX1,1.3258675289981563,-0.4312516341672638,1.5725444353054454,-0.2742381229332315,0.783901632833305,
IL6R,4.936046540946063,-0.5930140409616104,0.8687838667308184,-0.6825794811235234,0.49487260345488615,
ADAR,5.632670486130041,0.3815917626259617,0.7887876992686039,0.48376992057531965,0.6285491645313808,
KCNN3,1.3756385519367538,-0.8509025862112568,1.5408573705120892,-0.5522267034543681,0.5807930411355857,
PMVK,3.0018144577002093,1.7957686362897736,1.1726721743763906,1.5313475287709766,0.125683524794215,
ADAM15,2.602529107863272,1.1545041756958814,1.2727264349648892,0.9071110208595068,0.36434809064464924,
EFNA1,1.828206345618631,0.705091575344563,1.341461949906444,0.5256142937142103,0.5991562233885227,
DPM3,1.7241826807886493,0.7861369528258423,1.3549963818069473,0.5801764221521345,0.5617956518617438,
GBA,1.8950286212896492,0.8920864505686228,1.3364728023528227,0.6674931573602768,0.5044571789937343,
SCAMP3,2.2451493744162403,0.07422236978250914,1.1843390228565969,0.06266986762243684,0.950029392364866,
FDPS,1.7654466340947608,-0.036975685442508004,1.434770354095086,-0.02577115239172103,0.9794398712605187,
YY1AP1,4.055588585595086,-0.13575666246299234,1.0221306987730787,-0.13281732231107893,0.8943378545094739,
DAP3,5.066853185826639,-0.24297351337594233,0.8439866700910179,-0.2878878565105055,0.7734325826933761,
GON4L,5.354862252193835,0.5563393868700095,0.8742397862502214,0.6363693298108218,0.5245357263925836,
SYT11,2.9402867903039542,-0.6497161941216064,1.0846109480492108,-0.5990315654568956,0.5491518353795555,
KIAA0907,3.1180750991626867,0.4093715935738961,1.0564111885645775,0.38751160344121205,0.6983774963751687,
ARHGEF2,4.650284349041006,-0.11813800421593276,0.8586568985296881,-0.13758464459812192,0.8905686919402555,
SSR2,2.5278739279601505,0.44416954051160945,1.1943764591389197,0.3718840379957183,0.7099791900244619,
LAMTOR2,2.2669438742896104,-0.7441286311244587,1.2123043440705128,-0.6138133833835187,0.5393386523431654,
SMG5,2.725270770208207,-0.28627273878769766,1.1627272378552973,-0.24620799226802376,0.805521229024281,
CCT3,4.247384328586556,1.2039905641547093,0.9247981389682799,1.3018955309511122,0.19295210041584399,
C1orf61,6.0370448694583985,-0.7806551695855961,0.8640599977546314,-0.903473337053245,0.3662747329417564,
MEF2D,3.9539992412427023,-0.38673232843806915,1.067744274847549,-0.3621956469804403,0.7172058322544852,
HAPLN2,4.136289673778022,1.5257246069150243,0.9966880478513791,1.530794525131631,0.1258201831424075,
BCAN,3.927967717109896,-0.1641896861028745,1.0006478761257303,-0.16408338039808545,0.869665505006315,
RRNAD1,1.9153781522609983,0.6026088811125485,1.2843830681638158,0.4691815830101625,0.6389398485227138,
MRPL24,2.2723746230058235,1.2266756635,1.2795445614840337,0.9586814718490808,0.33771923520231106,
HDGF,1.1703542591591807,0.6015455403573622,1.5607332851993918,0.3854249448396377,0.6999226041436002,
PRCC,0.8644836597471365,-2.8984749243541623,2.4155754017479087,-1.199910763396923,0.23017399930686422,
ARHGEF11,5.227702818389339,-0.8724417650526891,0.8424130875392888,-1.035646024447596,0.30036731195408917,
KCNJ10,3.47838614936586,2.281192258526032,1.2268477190789588,1.8593931610669738,0.06297143047797951,
IGSF8,1.3961981172308155,1.6412295522386242,1.4859623058633933,1.1044893573427594,0.26938091768825956,
ATP1A2,2.7477202438108477,-2.5864157911164263,1.3566349406561062,-1.9064935699397243,0.05658619914128123,
PEA15,5.23584903218473,0.6442863797545323,0.8316665422960673,0.7746931576395808,0.43852099513399634,
DCAF8,2.3691333087189714,0.26842779786353005,1.1711780723343095,0.22919469225420067,0.8187175977631771,
NCSTN,3.1738759851966676,1.1401790872348465,1.019871147258147,1.1179638626900457,0.26358242767236517,
PFDN2,2.6114768769470698,0.8075141454115221,1.0898024582134893,0.7409729527819915,0.45870984000403603,
NIT1,2.4185007456737058,0.16563389970088935,1.1342428494719101,0.14603036711054118,0.8838974158979053,
UFC1,2.345161913051786,0.3508298347728238,1.1537036595610854,0.3040900770881609,0.7610592664386348,
NDUFS2,4.932954356287502,0.4243578541219033,0.9299689116044173,0.4563140217126024,0.6481641823893136,
SDHC,3.0559381150864877,-0.017195417744285717,1.0286982213518279,-0.016715706693542214,0.9866634167824394,
HSPA6,3.7521331405189335,0.9731583521013275,1.0495311651798225,0.9272314957265614,0.3538063533650472,
DUSP12,2.6323559065135513,1.2741260239595626,1.1416639463716611,1.1160254539077643,0.2644112392602884,
NOS1AP,1.7019327576435532,0.17537046016782154,1.3860429497054905,0.12652599272272527,0.8993155751630522,
UHMK1,2.5531289871498064,0.03732850521030382,1.1455201916029614,0.03258651002743906,0.974004327556923,
HSD17B7,4.179720476489912,0.3248939311674312,0.9184388984767525,0.35374583078555755,0.7235293725060115,
PBX1,2.6370117421562127,-1.8760147842646542,1.2761704522021515,-1.4700346501734272,0.14155236970373522,
MGST3,4.991350612143641,0.04918962907292764,0.8217075070601586,0.059862698892595594,0.952264988562238,
TMCO1,2.8244740042291325,1.7370459261400901,1.098401452998332,1.5814308342350019,0.11377956192174973,
UCK2,1.4842217771924282,0.016784825565658266,1.4731345670309945,0.011393952691970955,0.9909091377602093,
POGK,1.8211026718813477,-0.6611416820843337,1.3477809971118824,-0.4905408842394079,0.6237512064989646,
CREG1,6.504796207457679,0.005126438664737305,0.7672968047797497,0.006681167747347565,0.9946692390653734,
MPZL1,5.57716529538724,0.547569635617268,0.8907376862252112,0.6147372499054926,0.5387282555981817,
MPC2,2.1408387476304274,0.7494480594515516,1.2775222039061862,0.5866419050565377,0.5574442325216462,
TIPRL,1.2810171037644893,-0.8894051338179447,1.6011990976342307,-0.5554619254607621,0.5785787459888316,
ATP1B1,6.588850532124682,-0.43606406484860155,0.846865134721527,-0.5149155951401774,0.606612002626464,
NME7,3.699511850641801,0.2855611439892222,0.9396071085229216,0.3039154785005077,0.7611922850902475,
BLZF1,1.6828403866744803,-0.32854380041440845,1.3302088657043631,-0.2469866266005077,0.804918573938231,
C1orf112,2.3126196493223286,-2.094805155569349,1.3975654064169292,-1.4988959700569573,0.13390062201787223,
SCYL3,0.9743211545533942,-1.8906353853953577,2.0458247095338136,-0.9241433914571209,0.35541166413902414,
KIFAP3,1.1039740705850076,-3.2459767137200353,2.3746030104563745,-1.3669555287459152,0.17163924516360984,
VAMP4,1.5237288652081695,1.2996037482125622,1.5010619711160855,0.8657895364881353,0.3866055883006304,
PIGC,2.616703590136964,0.008579450205260226,1.1527297808611021,0.007442724520269859,0.9940616198402702,
SUCO,4.9150006446807675,1.1133770981254298,0.9038022207331206,1.2318813481364455,0.21799340976634762,
RP11-296O14.3,2.0085192513755357,-1.7976664308439805,1.4056392042351296,-1.278896053430845,0.20093366260422763,
PRDX6,2.4354487231655515,-0.921527880977244,1.4052560578981652,-0.6557722173107504,0.5119706948468954,
KLHL20,4.970749655284904,0.15942995828682932,0.8712484038839201,0.18299024431621316,0.8548056732811685,
ZBTB37,2.085663479495811,-0.5628101510420263,1.288772388985903,-0.43670252082672645,0.662327100847482,
CACYBP,1.987814863363486,0.6303783248536642,1.2603120367451128,0.500176390032489,0.6169508813005867,
MRPS14,2.0286955539673914,-0.682494215815359,1.2789749772466865,-0.5336259332333447,0.5936003623419126,
TNR,1.8494978504170623,-0.4886401147790777,1.3444248471688005,-0.3634566229626713,0.7162638103976489,
PAPPA2,2.2277786574114002,0.8567594472460959,1.2618298301055744,0.6789817666415547,0.4971494149719752,
ASTN1,1.3548010953770901,-1.4722357249256517,1.6959551157650572,-0.8680864907568712,0.38534698596556793,
RALGPS2,4.8109177925718605,0.34537753533553534,0.867965237937531,0.3979163222668058,0.6906918679974232,
FAM20B,1.8815402274162825,0.7717476510345228,1.2693598944487863,0.6079817508096478,0.54319957749507,
ABL2,5.260197510315584,0.4006492806831152,0.8679851085210575,0.46158543130512175,0.6443786440390995,
TOR1AIP2,3.1951645995434057,0.5610471443626536,1.0337015647567565,0.542755436860227,0.587298199393866,
TOR1AIP1,1.5779753268610166,0.18853283903583967,1.356305805616192,0.13900466860435362,0.8894464598540193,
QSOX1,1.9930771507638045,0.5446131911276973,1.3157536503983642,0.4139172944439922,0.6789346777312271,
STX6,3.540583678535866,0.922897985822856,1.013544907862678,0.910564473920574,0.36252489619783823,
RGS16,3.3681314763658694,-1.0435280197688923,2.41415261532138,-0.43225437080744555,0.6655565465144095,
DHX9,4.347689646532184,-0.40252200905219504,0.9035634962586356,-0.44548281412308993,0.6559708767759455,
ARPC5,4.500346676165635,1.6792104879225662,0.9327194838462475,1.800338169197474,0.07180725745173146,
RGL1,6.63769851687232,0.04866631243523897,0.7619995204016587,0.06386659194954138,0.9490764537116182,
COLGALT2,1.5187889325319637,-1.0534423427760895,1.5804748149040904,-0.6665353556045224,0.505068972879597,
EDEM3,5.552233978567231,-0.29341247366608214,0.8014787249182049,-0.36608891108872094,0.7142987317099738,
RNF2,1.7898987994139166,-2.6794845482791207,1.7035027617626413,-1.572926448036172,0.11573585021647083,
TRMT1L,2.259008851956882,0.5233152041750967,1.2336088815387993,0.4242148480013497,0.6714091332278691,
SWT1,1.9388630099854023,-1.7563559759677319,1.4570174715169137,-1.2054460638273432,0.22803114789623669,
IVNS1ABP,6.0848815206299065,0.7655591159647341,0.8686317248265292,0.8813391153974035,0.3781343008065643,
TPR,4.127189307120617,-0.07981450080725025,0.9156202847509961,-0.08716986958076829,0.9305364887589145,
C1orf27,3.900436158980632,0.6730658444366713,0.9557928172824594,0.7041963825908983,0.48131048348747374,
BRINP3,1.6530135880242007,-0.836711990319113,1.4061536976784856,-0.5950359421594507,0.5518194459494739,
RGS2,3.2496583648991524,-1.361013360194755,1.1295175170421525,-1.204951087220689,0.22822218493909707,
UCHL5,1.9263419237067876,-1.1499177039636215,1.3848306531612053,-0.8303670209340477,0.4063313056784279,
TROVE2,3.3079070634983485,-1.6967450123031884,1.2227532595086499,-1.3876430090114884,0.16524577806897567,
ZBTB41,1.4998060170420031,1.727443265982274,1.4457846344231682,1.194813684454103,0.23215983253530714,
CRB1,1.3938924183740375,-0.003509365712896124,1.531963910605796,-0.0022907626534807786,0.9981722374448831,
DENND1B,5.508715945799196,0.2815888557469829,0.80213476306175,0.35104931080677476,0.7255513548790669,
ZNF281,3.7241415479670814,0.9277860325347644,1.1060502677788393,0.8388280890686247,0.4015657858439554,
PHLDA3,2.239097311427295,3.352870930230453,1.543900325467469,2.1716887255757626,0.029879149506669405,
CSRP1,5.825534452914742,0.802000787793816,0.9405379226365664,0.8527043604425906,0.39382327219373103,
NAV1,3.2327103874073067,-0.5717126277990777,1.0457084402962278,-0.5467227821524738,0.5845692000089937,
IPO9-AS1,2.7357922731150084,-1.705651233079037,1.2623036763652835,-1.351220997779506,0.1766246502135863,
IPO9,4.584177993219331,0.6652973236167307,0.8966717089279078,0.7419631030984389,0.4581096909923852,
RNPEP,1.991787307002797,-0.06345391384570885,1.221146138554,-0.051962588131218075,0.9585585034665137,
GPR37L1,2.722546415880943,-0.9996605348534361,1.3094955802618418,-0.7633935920986825,0.4452287003294998,
ARL8A,4.305545797129608,1.0846365448874946,0.9223453872769806,1.1759548644674664,0.23961291290960285,
PTPN7,1.7233086020464359,-0.1771682449114427,1.3951758617642558,-0.12698631747212596,0.8989512279501438,
KDM5B,4.1726168027526285,-0.25881247696507703,0.9456316343635275,-0.2736927018513662,0.7843207867669747,
KLHL12,0.8986897778074344,-1.046832177177027,1.9060666783011413,-0.549210680347268,0.5828608757010909,
ADORA1,2.431022013394464,1.9799776098901523,1.3693062435456318,1.4459713590170087,0.14818523523294108,
CHI3L1,2.596433902779832,2.279002384388667,1.2472912127196425,1.8271614208035998,0.06767550254221852,
ATP2B4,3.545807283381059,0.5710293265137699,0.9810383336880935,0.5820662729529182,0.5605220418168608,
ZC3H11A,5.513543351102453,-0.7354402232086024,0.8631404003561483,-0.8520516742179437,0.3941854122383216,
SNRPE,1.6606200753942792,-1.851685023942703,1.6268070664981387,-1.1382327149147662,0.25502332143305984,
PIK3C2B,1.383193383461112,-1.2481964740318152,1.6823664500703022,-0.7419290095684303,0.45813034840671785,
NFASC,3.123498691942556,0.1662854022537712,1.086243551267677,0.15308298222779915,0.8783328359076462,
DSTYK,0.99253344798386,-0.4412447220733663,1.7288808710147052,-0.25521985318421236,0.7985532980743222,
CDK18,4.2858691998258465,-0.1124521712690324,0.8941438379515553,-0.12576519179135143,0.8999177958717322,
ELK4,2.6248364677574743,0.4441581645111104,1.1229076279226746,0.3955429222016968,0.6924422513222205,
MAPKAPK2,2.4648212556840545,1.1164791896106034,1.1698397404592502,0.9543864437126246,0.3398880657023291,
PFKFB2,1.7770035211233253,-1.503818109595836,1.4271341403767341,-1.053732839156142,0.2920052495816855,
CD55,2.2553322595214893,-0.5304109102629717,1.198599531578727,-0.44252554442795805,0.658108949744903,
CD46,4.163084807334143,-1.1408210770254574,0.9616923201749096,-1.1862641024501146,0.23551801832114927,
C1orf132,6.382292440770532,0.05672751778823494,0.7873935738790699,0.0720446796495539,0.942566350990462,
PLXNA2,1.5352886426884271,-1.0267381790880872,1.6339862514103738,-0.6283640258306085,0.5297654977355397,
HHAT,1.3774312093305567,-3.4156524041153715,2.2382628276474574,-1.5260282938735208,0.12700281825336415,
RCOR3,4.983050660852769,-1.7525561842576654,0.9323584722342148,-1.8797021064848665,0.060148688345343454,
INTS7,1.5646095558120752,-0.4102081794514934,1.415771111759763,-0.2897418770902992,0.7720137165391316,
PPP2R5A,2.7771921854204265,-0.10403684050489764,1.117493003569224,-0.09309842672178573,0.9258253673033272,
NENF,2.9296513723786717,-1.1001318859994003,1.168180595585956,-0.9417481253808854,0.34632160950730484,
NSL1,5.93735471107637,0.4496773767676405,0.8008079381011275,0.5615296194914272,0.574436544261511,
TATDN3,3.363630765864221,0.32747750094904454,0.9906828277754091,0.33055736080981585,0.7409788582862609,
FLVCR1,1.1471666402842284,-1.3512594462109129,1.7317914407248285,-0.7802668464773986,0.43523382299737745,
ANGEL2,2.438828051222087,-1.5647116492924993,1.265474046902467,-1.2364628521007472,0.21628656578676164,
PTPN14,3.1221187276737115,-0.41899392016759407,1.0476052326622616,-0.399954016173451,0.6891903860313362,
KCTD3,1.2103610524630162,0.4011044249161776,1.564076579958324,0.2564480729753433,0.7976048717067404,
ESRRG,2.6526313747740686,-1.7077541653125639,1.2665683660968385,-1.3483316108512324,0.1775517493660833,
GPATCH2,6.435101283512421,0.06891732665595965,0.746556563000696,0.09231360364572325,0.9264488803755994,
RRP15,2.089171792057452,0.7780490842698212,1.2290847957203477,0.6330312497388096,0.5267132362445178,
LYPLAL1,5.981153707003842,0.06307886699246606,0.7872890715073232,0.08012160879065285,0.9361405366652432,
EPRS,4.714656103137258,1.5244609748046039,0.9220422119491148,1.6533526936711818,0.0982591046221625,
IARS2,2.2671212248535917,-0.15242743975153525,1.3438768252400586,-0.11342366866420732,0.9096946759116278,
RAB3GAP2,6.49682579235667,0.7798143466287849,0.7612971957022597,1.0243231566214348,0.305682663896088,
DUSP10,1.7251853811516817,-0.12230635646686834,1.3582893571381423,-0.09004440462123815,0.9282519283388214,
MIA3,3.367931744466182,-0.40257108343508224,0.9933926558097409,-0.4052487010858116,0.6852947100618312,
BROX,4.790158676820255,1.0041467602767449,0.8608559453136531,1.1664515599191032,0.2434319226139685,
CAPN2,1.7437587118613855,-1.2500647459881318,1.4778870758868534,-0.8458459150121402,0.3976387075442622,
TP53BP2,1.7726153124652202,-0.6887670351377595,1.3544844024035674,-0.508508650166458,0.6110966743151968,
FBXO28,4.521321980949087,-0.14326581315563194,0.8899039179886579,-0.16099020384070037,0.8721011162029121,
DEGS1,2.657707085007438,0.10776867387196697,1.0910760024471997,0.09877283858342599,0.9213186346828717,
NVL,2.3718089341030737,-0.9816690432617704,1.2035123572673412,-0.8156700987189849,0.4146888451935773,
WDR26,4.299989135802125,-0.20956831010109556,0.9140375157124504,-0.2292775805134723,0.8186531775488521,
CNIH3,1.688222406447531,-0.86735172614371,1.3896616844676726,-0.624145960011814,0.5325317328324242,
DNAH14,1.6237959501411279,0.5621325361510451,1.3244828279486043,0.4244166283542472,0.6712619958833499,
LBR,1.9927000683001357,1.2343773669298186,1.372622764312737,0.8992837646458989,0.36850153286358356,
ENAH,1.9157716918568244,-2.553777180087863,1.7401805768507739,-1.4675357339693245,0.14223037586598214,
SRP9,2.2739512472805194,-0.8148149338666373,1.2326523984618711,-0.6610257156708412,0.5085958221460716,
EPHX1,2.2954233924297767,-0.05854335940361871,1.306510130192608,-0.04480895941846861,0.9642595836842455,
TMEM63A,3.553446454509869,1.0852537560012308,0.9902012535459965,1.0959931146469901,0.2730817876686942,
H3F3A,1.1543604345293488,0.5600598679361886,1.5880818473489922,0.35266435975646004,0.7243400814808147,
ACBD3,2.240264169479591,-0.26339966286761046,1.1904493651856092,-0.22126070253021005,0.8248894465024831,
LIN9,1.4462946032382271,-2.4907180741827872,1.7977380370529055,-1.3854733130450463,0.16590778722748178,
ADCK3,2.8591283896248125,1.862136836654383,1.136418856330398,1.638600790792398,0.10129642754735033,
CDC42BPA,6.204745436818304,-0.7970098553396529,0.8298470425518881,-0.9604298316093811,0.3368389301828443,
ZNF678,1.5015114443796616,-0.5208435422787716,1.5356507186192254,-0.3391679735266142,0.7344831942636909,
ARF1,3.488910542724353,0.2407205947773677,0.9544916935024262,0.2521976842921115,0.8008882679070516,
C1orf35,1.4534883974833475,-0.4113731798938273,1.4107587118810196,-0.29159712176813524,0.7705946763410016,
MRPL55,2.113968537523688,-0.7046706749583566,1.2271396607724516,-0.5742383670614845,0.5658065096607376,
RHOU,2.0064427403706024,-0.9294480892644579,1.2989818767447323,-0.7155204440524362,0.4742875127679863,
RAB4A,1.3299627769040356,0.5468511079887834,1.4731308488848696,0.3712169278124471,0.7104759659027561,
NUP133,1.9672227957528363,-0.39147833842759056,1.3223580761405438,-0.29604563657233124,0.7671952296475383,
ABCB10,1.8370092664550353,-1.0835104943848595,1.3665390253572232,-0.7928866093682336,0.4278438896821759,
TAF5L,1.3215694408478882,1.0287260112842953,1.512617925404267,0.6800964037295503,0.49644342143385967,
PGBD5,1.91052563108308,1.8760833296268635,1.3662055119656975,1.3732072614225903,0.16968792292324852,
COG2,1.6499697694245163,0.0841231328186625,1.3450837202823858,0.0625411872511562,0.9501318634341965,
AGT,1.9575811889424994,-0.7877137350012503,1.2769629805100042,-0.6168649733969943,0.537323791717288,
TTC13,4.063416848845677,-0.9427736034626751,1.0296745778059513,-0.9156034574258924,0.359874917282363,
ARV1,1.589083946554199,-0.25096417340242394,1.3825784910633938,-0.1815189336624193,0.8559602730891301,
GNPAT,2.371944893102381,1.2697220906186206,1.1347436441501795,1.1189506080640161,0.26316121098831236,
EGLN1,4.362442537786314,1.286405089273322,0.8839893787196986,1.4552268615901822,0.14560646676552172,
NTPCR,1.566866707167834,0.7483943208066973,1.5060256865040345,0.4969333043342435,0.6192360848539343,
KCNK1,1.346372366552662,0.3519898379208457,1.4899371619038089,0.23624475375262188,0.8132427536995208,
SLC35F3,0.7493513752239723,-1.6479318804983156,2.1771281114624363,-0.7569292187363998,0.449092269110385,
TARBP1,4.47599389440815,0.07192004121235306,0.9645205477267645,0.07456558741216887,0.940560355136729,
TOMM20,2.856445608304366,1.3302718000214937,1.1358969235765182,1.1711201715671182,0.24155047682936115,
GGPS1,0.9493408782846391,-1.9893856338005689,2.021053894952936,-0.984330818078899,0.324952881470042,
TBCE,3.352528144967433,-0.06629691404103494,1.0209476942512619,-0.0649366411367974,0.94822444673822,
B3GALNT2,1.9490652300619267,0.10395574315333088,1.2634231110368952,0.08228102070098599,0.9344232465251491,
GPR137B,2.0042404981965434,1.3747336964531194,1.2719915729298297,1.0807726448113486,0.27979825958401194,
ERO1B,2.893704434212435,0.13463798454909778,1.081054038266954,0.12454325110790666,0.9008851574997541,
LGALS8,2.6625922899440875,0.3840874289643917,1.0636330927911926,0.3611089496627706,0.7180180031690138,
HEATR1,1.735797186008463,0.3005866166468173,1.2840806464735472,0.23408702364007597,0.8149174197320093,
MTR,4.950327782301891,-0.8912013997458433,0.8674409901961707,-1.0273913843341658,0.3042362067763602,
RYR2,1.8708471912997513,-1.0854597971351025,1.3799010874145454,-0.7866214520990608,0.4315034975738644,
CHRM3,1.8518035492738403,0.644165313708303,1.274124377204557,0.5055749071543618,0.613155100668184,
FMN2,3.2167815674106506,-1.9754664536396216,1.209025699663578,-1.6339325575869168,0.10227301256130386,
RGS7,3.676914239004923,0.2645981900866959,1.0200892534880879,0.25938729300591123,0.7953364330097469,
PLD5,2.343320526714821,-0.5848150673372604,1.16084053115971,-0.5037858789725534,0.6144118518395146,
ADSS,2.216757267774362,2.107616234726863,1.378651115351287,1.5287524242054757,0.12632583068021697,
C1orf101,1.573090121924367,-0.2705619604029697,1.3637114484574453,-0.19840117988964187,0.8427311943752072,
DESI2,2.2357947295617357,-0.7809424707246118,1.2133594744909124,-0.6436200377075151,0.5198218534004584,
COX20,3.1982985386509277,0.16992459280983413,1.0411196925392057,0.16321331161780447,0.8703504855896744,
HNRNPU-AS1,4.1760835423074525,0.4752871639859501,0.917820538068446,0.5178432430660054,0.604567644474367,
HNRNPU,1.6299708173966418,-0.5644948056681588,1.3602190972288006,-0.4150028527155768,0.6781398147890128,
EFCAB2,2.68656986584981,1.114820629427632,1.0933483264806532,1.0196390321610453,0.3078996862778769,
KIF26B,5.126313387378786,-0.6210470890026148,0.8469110145846386,-0.7333085510845586,0.4633702607759964,
CNST,2.513688805908552,0.2372314874906648,1.2062959163745142,0.19666110468454281,0.8440927495858492,
SCCPDH,1.3832866123136505,-2.363961328636607,1.9237960685349351,-1.2288003740629738,0.21914666125917637,
AHCTF1,2.753624375737104,-0.1717213014405909,1.059111972730723,-0.16213705997283695,0.8711979226543255,
ZNF124,5.384160939894515,0.008095171076269878,0.8464108811554022,0.009564115084649523,0.9923690565730481,
ZNF692,3.7754830404712436,2.8429262466950687,1.2300756302078792,2.311180042006541,0.020822912276647527,
SH3YL1,2.5020224634008748,-0.5097333920882969,1.144878007869458,-0.4452294380576643,0.6561539547986192,
ACP1,1.711642259538759,-1.3274900811634966,1.448234813352147,-0.9166262742233288,0.3593385114186619,
SNTG2,1.2872406999631654,0.8660230192711735,1.5577348937172948,0.5559501958671176,0.5782449021312712,
MYT1L,1.6023653779986888,-0.3632925799654993,1.4627929652197138,-0.24835543279423153,0.803859412951116,
TRAPPC12,4.566675401257692,0.07923681025367639,0.8869313805015934,0.0893381517393882,0.9288131745716904,
RSAD2,1.5535069349152864,-1.2687446740433588,1.6132660418487357,-0.7864447903393729,0.43160695171292174,
RNF144A,4.106668605823824,0.13009217131602446,0.9493308631342852,0.1370356493904724,0.8910026167670885,
MBOAT2,1.1538413942699794,-1.780097550404896,1.9883110378860887,-0.8952812293882556,0.3706367717954415,
ASAP2,1.45528105487715,-2.42327875775116,1.8355098703936987,-1.3202210442112143,0.18676122781982651,
ITGB1BP1,1.2241364082922146,-0.5248978292470083,1.5290193676397892,-0.3432905039373349,0.7313799240063299,
IAH1,1.4797169445062917,0.6730627590388284,1.4446604384011312,0.4658968579382822,0.6412893303179885,
ADAM17,4.614829960226518,-0.7229618072519256,0.9096817894905482,-0.7947414311292392,0.4267639266072196,
YWHAQ,2.4868450993220073,-0.8053408307076089,1.2142552295704694,-0.663238511225099,0.5071778103629161,
TAF1B,2.7447667271611436,-0.003438080144229678,1.0891101233092586,-0.0031567791636929053,0.9974812588267422,
HPCAL1,1.9889757226193876,-1.1022764006062324,1.3655330093946443,-0.8072132954844378,0.41954360705119564,
NOL10,4.343997984610167,-0.8130664948668075,0.9171097203989638,-0.8865531318467597,0.3753195365987756,
PDIA6,3.3863540722193606,1.096047321403857,0.9961860752094305,1.1002435676220756,0.2712260126356304,
LPIN1,3.470111132507506,-1.0401976700440672,1.0086971633748039,-1.0312289037909772,0.3024334893990229,
LINC00276,2.687066680686211,0.5631863904532254,1.0899134402846369,0.5167257964138384,0.6053475856951414,
DDX1,1.353885625070202,0.14183031658187598,1.5123300126735844,0.09378265021080957,0.9252818140611241,
SMC6,2.359265622401491,-3.257212939743762,1.6395416657481428,-1.9866606673014657,0.046960013328101,
LAPTM4A,3.908072040322597,0.2994396274385302,0.9036619505847899,0.3313624384038221,0.7403707335260834,
RHOB,2.570831129568989,-1.235156448565839,1.186034374628575,-1.0414170744019515,0.29768202150028966,
HS1BP3,1.4575482526209462,2.1374233188561447,1.512337486416506,1.413324299671222,0.1575603923404979,
LDAH,3.452363151596854,-1.4806378036924839,1.054790983280497,-1.403726261564698,0.16040037914181826,
UBXN2A,3.138673165569731,0.45717046678211376,1.066925833725126,0.4284932019931719,0.6682920817985455,
SF3B6,1.3166356884102195,0.12882149864732645,1.5546750698393839,0.08286072192605186,0.9339622859584737,
FAM228B,3.0190652608901742,-0.28050817136624623,1.0301075589993824,-0.2723095941929831,0.7853839797769979,
ADCY3,1.4980193584445944,1.6146488943993105,1.4548476489982678,1.1098405358877772,0.2670677482560535,
EFR3B,2.1118047964626108,-0.16191593930523707,1.2000986206244975,-0.13491886126906852,0.8926760267657267,
KIF3C,2.099783596914233,1.0873445323147668,1.3201836686023296,0.8236312553888293,0.4101491109935578,
HADHA,3.722273658109922,-0.00682100147827105,0.9473508510622625,-0.007200079538243593,0.9942552173359446,
HADHB,3.147388856349991,-0.7796258275859251,1.0814727106927464,-0.720892741793299,0.4709755088756411,
EPT1,2.906654440242582,0.675838010213264,1.0507736582856986,0.6431813406094236,0.5201064394346127,
OST4,2.7114406866394525,-0.7567053282938601,1.1980529647355316,-0.6316125835562718,0.527640061919484,
GTF3C2,3.3136823923616423,0.1590647175381073,1.0034528825662172,0.15851737565526472,0.8740491299697469,
AC074117.10,2.43595558438999,0.36742995323236893,1.1880519105694831,0.3092709585865186,0.757115420477942,
PPM1G,2.688266222497239,-0.7171005319807956,1.1875207136080324,-0.6038635989784432,0.5459343316251545,
NRBP1,1.453024084963534,-0.5528366369408311,1.4873764895866521,-0.3716857438660111,0.710126840536393,
IFT172,2.908856682416642,-1.0684448077545354,1.156402332550867,-0.9239386480635082,0.355518259522156,
ZNF512,2.562989517530942,0.7715068252260113,1.1222922978175702,0.687438403280765,0.49180650425496897,
SUPT7L,1.2557498655399026,-0.27996703068958734,1.5370366583356294,-0.1821472696641783,0.8554671533362211,
MRPL33,2.519248332158322,-3.3386546743743195,1.6379627783743558,-2.0382970348617233,0.04152023624450246,
FOSL2,1.4762442061550747,0.14553756935639225,1.5624088751731429,0.09314947685525922,0.9257848114235298,
PPP1CB,3.3358052457555183,-2.0919218707667,1.1750615871958554,-1.7802657269725095,0.07503248328627019,
WDR43,3.1316182207756103,1.3179098834197795,1.025627285789975,1.2849793503735403,0.19879950007251201,
CLIP4,2.4069216332221735,-0.41701201392530707,1.1475084235523825,-0.36340649477269044,0.7163012508196294,
YPEL5,1.8588584940679613,-0.5691455580366012,1.3392284594128705,-0.4249801846998678,0.6708511198327494,
LCLAT1,1.9094680215383484,-0.9582687002110499,1.3134412098534298,-0.7295862905946019,0.4656431046527346,
MEMO1,4.0876795100953265,0.5930740381605364,0.9158114855736951,0.6475940163482606,0.5172475684245552,
DPY30,1.937573347666538,-0.14527681667480113,1.2813618400351696,-0.11337688710225186,0.909731762966585,
SPAST,3.1020812745328548,0.39983529653368105,1.0641589582606845,0.3757289204116575,0.7071184352505577,
SLC30A6,2.3984957948494374,0.46937586387652974,1.1387606333826847,0.4121813224981709,0.6802065259506735,
YIPF4,4.807409661452364,0.6672997442417821,0.8459904333010779,0.788779302902942,0.43024100833366363,
BIRC6-AS2,6.1804172438271285,-1.3761451636272957,0.8749202445050079,-1.5728806965780737,0.11574644561160899,
TTC27,3.9826945364669872,0.0009403610711163406,0.9553195569147154,0.0009843419035127005,0.9992146089194672,
RASGRP3,6.069383123190941,0.8741258208745324,0.7624096932330287,1.1465303086163123,0.25157579388806606,
AC012593.1,1.5593147660951685,0.4733260119040184,1.3839999763376416,0.34199856936164097,0.7323519689014408,
CRIM1,1.1828753454377958,0.14113245762294832,1.725323765056425,0.08180056432384024,0.9348053073143178,
STRN,4.754430636695411,-0.43517037838571127,0.8659038735230519,-0.5025619952653165,0.6152722549765254,
GPATCH11,1.672196079501111,0.06907417160975864,1.3476529300681617,0.05125516375070323,0.9591221952560428,
EIF2AK2,6.356625664153726,1.2160472948508194,0.7859335949625458,1.5472646832316297,0.12179943416426,
CEBPZOS,2.914167698760122,0.5518805895655677,1.0230210297077416,0.539461627414668,0.5895683675061401,
CEBPZ,1.5761339405240518,-1.1085243687199864,1.4202587862428402,-0.7805087209863228,0.43509149629536514,
NDUFAF7,1.235660793004191,-1.442371363441402,1.6776301861101892,-0.8597671735901066,0.38991739776633283,
RMDN2,2.943734038974764,1.423398840912788,1.1260380245953305,1.2640770647370647,0.20620236776958556,
ATL2,2.14291525863536,-0.17055774255358117,1.2416925300324722,-0.1373590791829285,0.8907469744802671,
HNRNPLL,3.0270269681852398,0.36184506601498345,1.1804894936928407,0.3065212083193129,0.7592078345518636,
GALM,3.450199410535776,-1.1419863743810055,1.052227292709173,-1.0853038904177534,0.27778708339261693,
DHX57,2.7789301150746724,-2.150654448286637,1.3177219889802227,-1.6321002960199638,0.10265835942261702,
AC007246.3,1.5627327767068298,-0.46183285203319285,1.5045205816400586,-0.3069634657505016,0.7588711806701471,
THUMPD2,2.429467407571188,-1.4633138603305507,1.2290283040681163,-1.1906266564300783,0.2338001822071787,
SLC8A1-AS1,2.8637842252674743,-0.9656003677054796,1.1047043939540377,-0.8740803177665775,0.3820745153302727,
COX7A2L,1.691266225047216,-1.7748187510633269,1.4821261379227022,-1.1974815811229487,0.23111890248477585,
MTA3,4.641523001211419,0.5185230619144533,0.8836574715061738,0.5867919172693042,0.5573434659178653,
DYNC2LI1,1.719803361378631,0.27242811764163877,1.3113248712748378,0.20775028645402788,0.8354239512653983,
LRPPRC,6.30739336641323,0.6031303348570377,0.8004237273422843,0.7535138130645667,0.4511412139466585,
PREPL,5.248663260657714,0.722363860335198,0.884640161874371,0.8165623622656438,0.414178571451813,
SRBD1,5.013390500966025,-0.46827564508382774,0.8710778177493604,-0.5375818733322022,0.5908657472724386,
RHOQ,5.256594811761455,-1.1259494534298908,0.8814498767533295,-1.2773834146725775,0.20146691723671417,
RP11-417F21.1,4.939006237834303,-1.451834841757779,0.9855966260521349,-1.4730517570592634,0.14073708037426666,
PIGF,3.098608536181638,0.21514484614600599,1.1017526807831752,0.19527508296423782,0.8451776024788877,
SOCS5,2.3945231697679836,-0.6078011188339583,1.1686912675939114,-0.5200698727605729,0.6030148757108842,
MCFD2,1.358306336044895,-2.422689318119297,1.799427085104501,-1.346367039917375,0.17818417511605256,
MSH2,1.4081320867230491,-0.8409004338467329,1.4634837644351117,-0.5745881534745355,0.5655698658583823,
AC007682.1,1.9935414632836175,0.5258605652733143,1.2382630245288064,0.4246759814809287,0.6710728952321932,
GPR75-ASB3,3.9856898075656524,-0.4600739304154381,0.9349615209335913,-0.4920779306040728,0.6226642531004599,
ERLEC1,1.5925019571658598,-1.3213559545011648,1.5652896627019748,-0.8441606598361253,0.3985796345886715,
SPTBN1,4.123487780252707,-0.6446919479627613,1.0283489747642114,-0.6269194250041255,0.5307120534614208,
CLHC1,1.2947864607972936,-0.5941305467501535,1.6471148744812192,-0.36070984237652687,0.7183163662430334,
PPP4R3B,4.989003340280045,-0.3635357574032549,0.8640788368168707,-0.42072058927222766,0.673959124665277,
PNPT1,3.606322022584101,0.476376971405522,1.008613383036674,0.47230879484394134,0.6367063937024975,
FANCL,3.1666852628453825,1.5423817678736826,1.191161895098528,1.29485485912568,0.19537030313356107,
LINC01122,1.0463155971168936,-1.9873026168772447,1.9267913139930464,-1.031405218844793,0.3023508345344361,
PAPOLG,3.34649828187205,-0.7906818135113116,1.0067922563290583,-0.785347531768149,0.4322498344764476,
PEX13,2.1163643568883033,0.5300941031390843,1.2044872095178765,0.4400994040868783,0.6598651135211164,
KIAA1841,1.3147943020732547,-1.4000948834366491,1.617592883177696,-0.8655421880233667,0.38674127086678056,
C2orf74,2.1438280199326987,0.880324688305296,1.3370087821966887,0.6584285010147304,0.5102628263815756,
AHSA2,6.552565770412556,0.37745745748517096,0.8165306016604157,0.46226982395713145,0.6438878365994256,
CCT4,5.508393591075084,0.9572580038389925,0.8022323879878247,1.1932427787414643,0.23277430529649812,
MDH1,1.7526163604373461,-1.2382896410337294,1.3720157879455859,-0.9025330844682962,0.3667737547445623,
UGP2,4.219549737787624,-1.0774836754223072,0.9274242823506768,-1.1618023119809688,0.245315774730265,
SERTAD2,4.348943916082767,-0.5783605076943106,0.9430820831472644,-0.6132663508612095,0.5397002388496688,
SLC1A4,2.436371349408784,0.21551918229269174,1.1326535817504753,0.19027810953426255,0.8490912063385812,
CEP68,2.7692146143830727,-0.043707434656442896,1.1537790205898506,-0.03788198075754418,0.969781780008616,
SPRED2,5.891133392264088,0.31465457954006704,0.8268598481536491,0.3805416120309631,0.7035434137284224,
ANTXR1,2.1184114739213498,-0.29245382078425153,1.2700524941745237,-0.23026908110151242,0.8178826847891587,
GFPT1,2.8292141794762458,-0.3840337058903955,1.0861042033233614,-0.3535882696294645,0.7236474666492942,
NFU1,1.9957377066612834,-0.790060550910957,1.391137124428612,-0.5679242808184435,0.5700863839510701,
GMCL1,2.934753586132235,0.5558779463506481,1.0850543015697394,0.512304264907723,0.6084380808448537,
MXD1,1.557096297294535,-0.2919137799224884,1.3694210310280799,-0.2131658367356436,0.8311976141885404,
PCBP1,5.358710608344541,0.8615399617910909,0.9625095348930125,0.8950975866299913,0.37073492395746155,
SNRPG,2.5256167766043913,-0.28553703323893076,1.1131300976612606,-0.2565172155876997,0.7975514889283919,
TGFA,2.266911371973022,0.023251173893396274,1.2237531945912192,0.018999888209618166,0.9848411945901118,
NAGK,5.969173899020139,-0.16364549510564036,0.7845511967254147,-0.20858485180912248,0.834772336975034,
MCEE,1.037889758744158,0.013169923337489483,1.7770517715205114,0.007411108414821707,0.9940868451469669,
MPHOSPH10,1.3098737043683242,-0.43394566648505206,1.5391892824323514,-0.28193132023326983,0.7779961731878559,
DYSF,2.524311069101096,-0.07440134449445744,1.273546743373794,-0.05842058399627989,0.9534136191140399,
SFXN5,3.873775801754462,-0.16482491210549002,0.9221352573931825,-0.17874266359952393,0.8581397678897996,
CCT7,1.4748317395696422,0.12357168776120875,1.4011040092909355,0.08819594187282738,0.929720942666261,
ALMS1,2.7639492186380537,0.49735481053315067,1.0574004207258352,0.47035616856644485,0.6381005740039463,
STAMBP,2.2145061152149967,-0.09053779030970131,1.2062330283805023,-0.07505829154028228,0.940168332700974,
DGUOK,2.3259883108229626,-1.533095542989552,1.2992086344592257,-1.1800225940059874,0.2379912288011714,
MOB1A,3.3911905482128475,-0.05597413859661072,1.0456110432322874,-0.05353246693299872,0.9573076628554015,
RP11-287D1.3,2.446748004068192,-3.303983547638554,1.690203538755933,-1.9547844220409316,0.05060852062000848,
RTKN,3.523564928120034,0.09101896821586716,1.0249622490709211,0.08880226398423109,0.9292390584025811,
MRPL19,2.390988535128291,-0.2268154643140066,1.2000030768147765,-0.18901240229821187,0.8500830963705563,
GCFC2,3.1918782443044207,0.23640847694587,1.0489399871210463,0.22537845810867038,0.8216848685069875,
LRRTM4,5.8965702956894335,-0.6503642204755834,0.8099860488947443,-0.8029326200902216,0.42201368064327516,
SUCLG1,2.008229398968011,-1.4651603832371132,1.4590009733982625,-1.0042216625973213,0.315271782842947,
KCMF1,3.2905848939945272,-0.5200741323902234,0.9957526311801994,-0.5222925012749542,0.6014666894468117,
TGOLN2,3.569475671907982,0.3808340924772282,0.9579605567122146,0.3975467359368914,0.6909643296312418,
ELMOD3,2.901769235305933,0.36621714050766635,1.0553688701891735,0.34700392521718254,0.7285883698921978,
TMEM150A,1.7028393387023548,0.2591245793240456,1.3239748920275074,0.19571714001859028,0.8448315680655198,
ST3GAL5,3.4808352832950926,0.3781840885199239,1.0746582889604763,0.35191101432413807,0.7249049986874593,
POLR1A,1.2160300341918988,-0.9129829398829203,1.6957112273255628,-0.5384070855760367,0.5902960357021427,
PTCD3,3.3008136175912455,0.6302207902173224,1.0442935435749774,0.6034900762288149,0.5461827153166159,
IMMT,2.788423609380177,0.672852095185995,1.046835662458563,0.6427485414527788,0.5203872781292314,
KDM3A,2.639372168752547,0.04136762560926601,1.082853771501658,0.03820241171797283,0.9695262980283523,
RMND5A,3.2328303012221826,0.41310953993223165,1.0274707790650233,0.4020645144849303,0.6876365474673797,
KRCC1,5.647703001961514,-0.06965493527675369,0.8022661234808485,-0.08682273031115526,0.9308124196713301,
EIF2AK3,3.7072411422784484,0.7708894422644915,0.9673735574554728,0.7968890986561566,0.4255154426375215,
RPIA,2.2559224846525723,0.04699858577248141,1.3581736036398924,0.03460425504259959,0.9723953085001994,
MAL,2.764397485973435,-0.22660618209918199,1.1518972755042356,-0.19672429731200344,0.8440432951242661,
MRPS5,4.656663251822837,0.7623828410791953,0.9080267951831167,0.8396039027961172,0.40113051026493063,
ANKRD36C,3.29977396798483,-1.0505938145327078,1.1620924836836524,-0.9040535321272269,0.3659670164575025,
STARD7,4.51435040006161,0.09104150084276799,0.9972449281977035,0.09129301966699904,0.9272597643272061,
CIAO1,2.8698303149894304,1.9131865468141396,1.1242123663870491,1.7018017271618047,0.08879254263293408,
SNRNP200,3.327637989206515,-0.033160362437648125,1.0078049226482981,-0.03290355275355245,0.9737514996437732,
KANSL3,1.7703643413479986,-0.48523641244864435,1.3330369961948778,-0.3640082112002443,0.7158518777653128,
ANKRD23,2.738501557955649,-0.8890703627360343,1.180158389949894,-0.7533483389240504,0.4512406181485855,
SEMA4C,2.9523302152753,-0.08891125385366605,1.057431501839222,-0.08408228211380128,0.9329910115785992,
ANKRD36,6.646183361081839,-0.4718992188101597,0.7868619742694196,-0.5997229936651922,0.5486908614919616,
AC159540.1,1.637484075914182,-0.678244694112409,1.3555801765955455,-0.5003353588540796,0.6168389608038154,
ANKRD36B,2.211375066559168,0.12582367604607725,1.1932227583874684,0.10544860560329612,0.9160198493222477,
COX5B,5.806089752472374,-0.22550147872222498,0.7895031416056697,-0.28562454895823003,0.7751656990559627,
COA5,1.353885625070202,0.14183031658187598,1.5123300126735844,0.09378265021080957,0.9252818140611241,
UNC50,1.5019757568994745,-0.38390377289169836,1.4155004470857122,-0.2712141657617237,0.786226318458977,
TSGA10,1.4106700197961028,-1.7938951901660145,1.7212180383375966,-1.0422242564333173,0.2973077195937277,
RP11-111H13.1,1.9388852354083703,0.47677445330031704,1.2544573258979386,0.38006430626011345,0.703897680699122,
MITD1,3.6321154696169757,-0.21755481503284976,0.9775919931018997,-0.22254152710738584,0.8238923496786636,
AFF3,1.3201438195297175,-0.7703558594287282,1.5221393219289818,-0.5061007545961489,0.612785920856734,
TBC1D8,4.253252886302388,2.2729903737953525,0.9631704503196826,2.3599045974063384,0.018279635364209266,
MRPS9,2.1693211562222863,1.1304089872672973,1.221673423135243,0.9252955543276623,0.3548121906213272,
TGFBRAP1,1.4282211592587606,0.13827614526700252,1.4894047502153689,0.0928398712619976,0.9260307750945721,
UXS1,1.9579553809544759,-0.9411444001956709,1.2945785670398073,-0.7269890172426525,0.4672326837236247,
SEPT10,1.9543600197788331,-0.7294638723207358,1.2940806416910409,-0.5636927474376777,0.5729632540487077,
LINC00116,1.6984571288406434,0.14411012366649634,1.3578279728365303,0.10613282871573736,0.9154769646853124,
ANAPC1,4.64598644233288,1.2631097694821027,0.9052060358676465,1.3953837241831943,0.1629001566997521,
TMEM87B,2.8936081334660604,-0.618134620534523,1.0698188554289265,-0.5777937240475088,0.56340339293814,
ZC3H8,3.9080455368024025,0.14504258137790968,0.9666189987161403,0.15005144898926534,0.8807240242904378,
ZC3H6,5.339375700736167,0.07548887816482579,0.8087441775070553,0.09334086138031855,0.9256327710745398,
TTL,2.669253695142382,1.0230493126641573,1.1247146657727154,0.9096078710428207,0.363029346113513,
SLC20A1,2.779207813976671,1.569519159248108,1.1800321491279777,1.3300647447681437,0.18349694014965634,
CBWD2,6.29699741323341,0.08488438097387127,0.8075873177913087,0.105108610677572,0.9162896268216799,
SLC35F5,3.9071018422761523,0.31092682355319656,0.9525125301893583,0.32642806650678363,0.7441005054622485,
DDX18,6.0154650150585995,0.23822425581110898,0.7880881906445104,0.3022812150202195,0.7624376971844095,
CCDC93,3.028277947948979,-0.7362111581641934,1.0587871886846978,-0.695334403392969,0.4868457587724748,
INSIG2,1.7450158718636615,-1.519490745112967,1.4546501136362642,-1.0445747268493433,0.29621956535345073,
C2orf76,1.6224575588791013,-0.44861491728810365,1.4087549380078457,-0.318447804642659,0.7501452811997568,
DBI,5.681592776706668,-1.3385476545877142,0.8982118222373012,-1.4902360684293903,0.13616217575774248,
PTPN4,3.1590520905129664,0.3190468363403335,1.0685075100070853,0.2985911033402263,0.7652520544522865,
EPB41L5,3.408809726060538,0.11926744371722921,0.9747570668266575,0.12235606981081647,0.9026170282410394,
NIFK-AS1,2.291934196946402,1.0829307645278938,1.206705859247377,0.8974272862181328,0.3694909578457781,
TSN,1.0266848383046014,-1.272586005707897,1.8406012718625473,-0.6913968957655547,0.4893161543512996,
CNTNAP5,3.7359677826793707,-1.2811201519780466,1.0715153793985646,-1.1956152721738178,0.23184672889818936,
ERCC3,2.595914862520462,1.2660766137867674,1.1657185838070594,1.086091129860823,0.27743867631471586,
IWS1,6.58582564916112,0.07814137943356592,0.7494474043342689,0.10426532800254154,0.9169587921515119,
WDR33,6.042129650381997,0.21413042477326058,0.7762705735155679,0.2758450881417654,0.7826670513384566,
SAP130,2.2619714392968167,-1.3209338455253685,1.2433566499433957,-1.0623933571960262,0.28805714819573747,
UGGT1,4.087182695258925,0.9578717158198178,0.935298594471953,1.0241346683094388,0.30577167153660034,
HS6ST1,2.234450339503315,-0.7508610608791538,1.2031433645230811,-0.6240827843295224,0.5325732193594988,
SMPD4,2.3607134691426297,0.3026955904874445,1.18079361638324,0.25634927754318176,0.7976811501122311,
MZT2B,3.541409028334917,-0.0032747309479995066,1.0067061494787408,-0.0032529164043500866,0.9974045528006599,
IMP4,2.0762703335283237,0.23248063203266142,1.2428113542956272,0.18706027365224837,0.8516133753411426,
PTPN18,4.098706898528759,-0.2937483354682589,0.9178562274255168,-0.32003741619990955,0.7489399669592915,
ARHGEF4,1.8534126758651244,-2.7966129302527105,1.7028924023321954,-1.6422722459872454,0.10053359618702279,
FAM168B,2.417069125559141,-0.08063744409830322,1.2245370628937735,-0.06585137072759911,0.9474961570320629,
PLEKHB2,1.3014478659955886,0.9035536563501453,1.6027634453371835,0.5637473570905275,0.5729260830386536,
ZRANB3,3.9647145027822024,1.7288118821046667,0.9400689082871723,1.8390267637450142,0.06591124965028188,
DARS,5.901591278183247,-0.28283108672609375,0.794292890076543,-0.35607908651786924,0.7217813386863268,
CXCR4,3.4680891313491204,0.49889242526373934,1.0677863935343481,0.46722118607675556,0.6403416374468291,
HNMT,4.89253161652273,-0.30812624332066296,0.8519579045293075,-0.36166838957952685,0.7175998516362727,
AC097721.2,4.012176936412329,1.0866348212361476,0.9419049007494181,1.1536566168957998,0.24864097668041107,
SPOPL,6.049832438498449,0.37191573215289886,0.7884919557844817,0.47167980525923653,0.6371553538039867,
TEX41,2.7098994169910573,-0.8612426300611499,1.2165093326464662,-0.7079622054255448,0.4789687282443299,
ACVR2A,2.3815406614212478,-0.47096446597507613,1.1853585839894678,-0.3973181384404272,0.6911328733499178,
ORC4,6.310098422220084,-0.8026436026413051,0.7901830960903904,-1.015769138333338,0.3097393355473693,
EPC2,6.246417241592931,-0.20475104536976585,0.7694354128594727,-0.26610556512968936,0.7901579091287847,
RIF1,3.324329589986705,-0.21828065757841514,0.9917643659358384,-0.22009326517034458,0.8257985198330511,
STAM2,3.1396282941295515,0.6437597788321653,1.0544767094837317,0.6105016574025119,0.5415295458281404,
PRPF40A,5.149994930638446,-0.35995454828554296,0.8400638377590992,-0.4284847556892043,0.6682982298561192,
ARL6IP6,2.046394805934882,-2.9129782713204206,1.6550271589213592,-1.7600788335213264,0.0783944410640385,
GALNT13,3.1348484351001003,-2.0688700092397094,1.2184100089130387,-1.6980080548463141,0.08950624158589862,
NR4A2,3.8566684462495258,-3.0913722624132696,1.4661598824138682,-2.1084823691422185,0.03498928623058548,
ERMN,2.763517408434828,-0.06464986189979516,1.1761500324696486,-0.05496735970328981,0.9561644676459456,
ACVR1,2.580417852727032,0.7303774880295413,1.1080612083279402,0.6591490456846494,0.5098000635300295,
CCDC148,3.1734795296197436,-0.9965635030580486,1.1883062825500437,-0.8386419542607105,0.4016702601967592,
WDSUB1,3.785513727338037,0.9216976537245172,0.9939259497210035,0.9273303046200163,0.3537550646202309,
AC009961.3,2.174444594171605,-1.1257017129115763,1.2484976779200685,-0.9016450193058718,0.36724546806725,
PSMD14,3.5885680428770548,0.6817649033072285,0.9455435589632074,0.7210296097355754,0.4708912972760213,
GCA,4.050361496908331,0.43945970112792604,0.9951441484788588,0.44160406489820414,0.6587757420001098,
FIGN,2.275331211549364,-0.05185445374507933,1.2289751609486572,-0.04219324799457493,0.9663446450885956,
TTC21B,3.117610605200731,-0.8059088813256974,1.0412640345001651,-0.7739716869339056,0.43894753467112135,
AC074363.1,1.6196459744956924,-1.9117344222189865,1.570521650329231,-1.2172607883617692,0.2235050082558947,
STK39,2.7464721544988016,-1.42085622980756,1.2389876469735932,-1.146788051743863,0.2514692285319069,
CERS6,5.779268089866655,-0.61202171870548,0.8307123997127361,-0.7367432085004626,0.46127852531247626,
FASTKD1,4.970968578855704,0.3948089614964261,0.8257970904615504,0.4780943963798195,0.6325830202536422,
KLHL23,1.353885625070202,0.14183031658187598,1.5123300126735844,0.09378265021080957,0.9252818140611241,
SSB,3.2080909925050514,0.5994307501366976,1.043898419643404,0.5742232566473884,0.5658167335014328,
GORASP2,2.5869669119945216,-0.05540782018813326,1.1045026198525218,-0.050165404039993644,0.9599905804026916,
METTL8,2.8844310206176798,0.4643119269872075,1.029303484444136,0.4510933208760622,0.6519222913223988,
DCAF17,1.9610864296103045,-1.3548344566383597,1.3780476526004697,-0.9831550121519345,0.32553115250115416,
CYBRD1,2.481640430112938,0.07418218164162081,1.114033326476717,0.06658883525166354,0.9469090341964832,
DYNC1I2,6.638211739777439,1.3918875308378869,0.8080334546686357,1.7225617612685133,0.08496780500551737,
SLC25A12,5.559105392558834,-1.3430989624899752,0.8593873825522094,-1.5628562738508431,0.11808640447075629,
HAT1,2.766206188551669,-0.2607195814821244,1.1011972073923273,-0.23676011865260474,0.8128428926425615,
METAP1D,3.3341485473610226,0.32958066803109987,1.0095009694644552,0.32647880289401193,0.744062124326792,
ITGA6,2.5513423285523973,0.10821565569174364,1.17602824757968,0.09201790510938528,0.9266838137257714,
PDK1,2.5300537142056587,0.6371904163341566,1.1707452155086238,0.5442605341396444,0.5862622009422087,
RAPGEF4,2.6020897297759764,0.5698336747780735,1.135638601218159,0.5017737809958496,0.6158266582223522,
AC013461.1,2.3759854132687037,0.8136097997302939,1.2673351265184496,0.6419847305624646,0.5208830973660042,
CIR1,3.52357381736812,-0.6653820855325101,1.0090049829902392,-0.6594438052829188,0.5096108203490282,
SCRN3,1.3530115463279888,-0.9712014723740251,1.5557415561541432,-0.6242691586736777,0.5324508348165631,
GPR155,5.746418540899708,-0.9871231204386673,0.8467141096919115,-1.165828122077528,0.24368394468224686,
AC018890.6,3.9342193560857908,-0.02388067360241315,0.9442661072533102,-0.02529019459554412,0.9798234950105014,
CHN1,2.5758907946179277,-0.4378703627322105,1.1339522460698177,-0.3861453286501544,0.6993890408600876,
ATF2,5.446220814895451,0.413344794198442,0.848279936132594,0.48727404314538963,0.6260641398008802,
ATP5G3,2.3988568321286756,-0.7464272886432456,1.2364477441308237,-0.6036868862322652,0.5460518343925993,
KIAA1715,2.564788173721139,-1.1028933347785241,1.2969895486879128,-0.85034866772385,0.3951312662566858,
MTX2,4.199367280486636,0.6471145299848962,0.9056059247970577,0.7145652565489914,0.4748777196658587,
AGPS,4.901711645352208,1.2026160879689796,0.8460248972629766,1.4214901852884372,0.15517430485077097,
RBM45,1.7464414931818322,-0.110822794001791,1.2885478040042937,-0.08600596241551758,0.931461677469276,
OSBPL6,5.85732366610933,-1.1484060393317805,0.8618057304389173,-1.3325579057671126,0.18267692682733694,
AC009948.5,1.99454416364665,-0.19548009061336136,1.2673576576508316,-0.1542422452204237,0.8774187338512959,
PRKRA,1.848943235947269,-3.9482421652885695,2.1288387298025415,-1.8546459673132614,0.06364679937072135,
PLEKHA3,1.5311518217757296,-1.856100224256488,1.6442695976292456,-1.1288296195056247,0.2589697151439707,
TTN-AS1,3.1811244816519384,-0.8981288145735028,1.0604955312804012,-0.8468954258478929,0.3970534122816344,
SESTD1,2.409645987549438,0.14406977454859998,1.1528995692750679,0.12496298757331456,0.9005528522342856,
CWC22,3.3657591141570187,0.6628982369495338,1.0263496132096694,0.64587956035417,0.5183573577107994,
UBE2E3,5.478911191129742,0.15690446439945005,0.7957719337820577,0.1971726542977354,0.8436924292427513,
SSFA2,2.0176416620137654,0.8665437694279905,1.211154086646931,0.7154694674952622,0.4743190008144108,
PDE1A,3.75722078636482,-0.6534225215333044,1.0071400694865764,-0.6487901150297877,0.516474047612089,
DNAJC10,4.749097345865523,0.6506477204005258,0.850676160547731,0.7648594736469263,0.4443552283847345,
NCKAP1,2.38166039379398,-0.9215782312190937,1.2185129379258637,-0.7563138662998455,0.44946103637746704,
ZNF804A,6.023188307898853,0.8505671651975865,0.8028191499806214,1.0594754313198902,0.2893833125678381,
ZC3H15,2.9925083603467235,0.9248343999276534,1.0312877710549633,0.8967762693254738,0.36983831323585303,
AC017101.10,1.4504120765670745,1.3158706663438657,1.4848809962594391,0.8861792087437801,0.375520965469756,
FAM171B,3.28614795639326,-1.7710041661025326,1.1878768610517563,-1.4908987826688285,0.1359880710423971,
AC007319.1,2.796059672164285,1.8443074063305385,1.2479829284778146,1.4778306371386594,0.13945311578007208,
WDR75,1.8384764607800241,0.3751724126101531,1.3952440451375272,0.2688937565565262,0.7880114416368766,
SLC40A1,1.5686206820065116,-1.0070096137971891,1.4213117784432134,-0.7085071896752897,0.47863034898262535,
ANKAR,3.724718180888295,-1.080661543313903,1.0216523185209998,-1.0577586168240958,0.29016550397413776,
ORMDL1,4.236417641159668,-0.6436989427059153,0.9076952381511278,-0.7091575626385977,0.4782267051212713,
C2orf88,3.3239911900781607,0.1737669040145423,1.163041131652542,0.14940735910830633,0.8812322051801522,
NAB1,2.0788469491565023,-0.25358592596156687,1.2870107315199908,-0.19703481855359184,0.8438002905728497,
STAT1,3.1660329599836814,0.07581713974776345,1.1618768364889533,0.0652540246665674,0.9479717472832273,
TMEFF2,5.238669661728964,-0.8761040383409778,0.8899881529215666,-0.9843996635966318,0.3249190434066478,
DNAH7,1.5658090976231023,-2.6963691491613484,1.7694625525985288,-1.5238351019079883,0.1275499085426877,
STK17B,1.8006334085372664,-0.11450672835237967,1.4585627976414683,-0.07850654667563155,0.9374251228035825,
RP11-347P5.1,2.3343725761888803,-3.1036353269349886,1.639383007121581,-1.8931728055326944,0.05833489261046272,
HECW2,2.7732551345493963,-0.39210671508528017,1.0801416207374772,-0.3630141710654252,0.7165942984191946,
COQ10B,2.094431007563934,-1.0250574349182977,1.3696115152903605,-0.7484293345043784,0.45420123410884017,
HSPD1,4.80032262628938,0.4325887646416649,1.0342246560038753,0.41827349805518843,0.6757471638962799,
RFTN2,3.030999411824551,-0.16679686205115815,1.037485107280237,-0.1607703675751216,0.8722742648459884,
SATB2,2.233250797692288,0.6852494454398841,1.1731230451019927,0.5841241021569973,0.5591368201504543,
FTCDNL1,5.722927684378909,0.10913521444508423,0.8626267654697561,0.12651498749363874,0.8993242860660702,
SPATS2L,3.494669644961073,-0.2120124211077816,0.9696653506863465,-0.21864493864580747,0.8269266436700645,
PPIL3,1.6290907398580348,-0.3762428985308222,1.3456756996705062,-0.2795940348948463,0.779788984119936,
ORC2,5.058979071472003,1.1622485874875936,0.8250647319605416,1.4086756377597507,0.15893110185688875,
FAM126B,2.916828254657601,-0.31977401019560336,1.066655206761427,-0.2997913554151201,0.7643363096067506,
NDUFB3,1.6802448354101778,-1.016104062732201,1.5329935383273112,-0.6628234479324019,0.5074436344131197,
TRAK2,2.972370558867849,-1.1582843119843518,1.1113157279409622,-1.0422639425165092,0.2972893247049384,
ALS2,1.5833248443174792,0.7916450513293495,1.3671416177344105,0.57905124170036,0.5625545983095062,
SUMO1,3.1039064342432456,-1.0400121686233132,1.1232730138993636,-0.9258765729739947,0.35451012728613085,
FAM117B,1.5632711645500486,-1.6325578695161747,1.5172176142153473,-1.076020904463647,0.28191790737552924,
WDR12,2.770266043689267,1.1528755898888186,1.1103366322912773,1.0383117663241987,0.2991249325048826,
CARF,2.1660187557988695,-0.10582781940548473,1.1941766219257324,-0.088619905516846,0.9293839880114794,
CYP20A1,4.180136060066563,-0.8686189022661822,0.9644024997884989,-0.9006808904546361,0.3677580119095165,
ABI2,4.6322494061745205,-0.16627410298718112,0.8887771191305445,-0.187081889720384,0.8515964273758336,
NRP2,3.386595195683723,-0.6784340257565402,1.0369241749525424,-0.6542754447668178,0.5129343629231293,
INO80D,3.6681111367263757,-0.027271337333573197,0.9827901105660903,-0.027748892709008658,0.9778624279568325,
NDUFS1,3.65456512466176,-0.5042595185656964,0.9739501550860635,-0.5177467408700575,0.6046349820616521,
EEF1B2,3.774385772673579,-0.13529866643694158,1.013202294149666,-0.13353568899139884,0.8937697412661393,
FASTKD2,1.8487110017309931,-1.0252723264863415,1.3681272094879118,-0.749398388816563,0.45361712178240143,
KLF7,4.1617593529118455,-0.46429377688300005,0.964813538455271,-0.48122643223514927,0.6303555767826545,
CREB1,6.448612058721494,-0.4582866891530682,0.767933567974979,-0.5967790812446946,0.5506548860531142,
METTL21A,3.990833594326034,0.8221332969853336,0.9445940015885115,0.8703562542243151,0.3841057454139186,
PLEKHM3,3.0535999139131214,-0.23062974316863838,1.071896529715645,-0.21516045324805774,0.8296422225517742,
IDH1,3.11451205886149,-1.2197724541771375,1.0878633004738454,-1.1212552658462107,0.2621792212231745,
MAP2,1.6686332206420567,-0.6263178490960587,1.4014523892800659,-0.4469062623082057,0.6549427422459684,
AC007038.7,3.872582258739829,0.1263473722022688,0.9473090304215872,0.13337503195344774,0.8938967905881687,
LANCL1,3.9480301046832706,-0.875277240021308,0.9541334621977883,-0.9173530482886117,0.35895766763405856,
IKZF2,5.453354281939774,1.7222494520729192,0.8575860152272367,2.0082527250827087,0.044616442760684515,
SPAG16,2.613230851785747,-0.22120958285917006,1.0892187533843005,-0.20309013425618316,0.8390645827716814,
AC072062.1,3.021226111499559,-0.5315438289268711,1.0806424556235206,-0.49187761054619616,0.6228058669465428,
SMARCAL1,3.0369358646252516,-0.2557961327125463,1.0745390207154597,-0.23805197185136165,0.8118407848821226,
DIRC3,3.3952991322936086,3.5124411633065113,1.2829834693520408,2.737713499208558,0.006186794762155005,
AAMP,2.8186926765694444,0.9370968645311326,1.0881229720581633,0.861204926827923,0.3891251870389988,
PNKD,3.964807887547478,-0.5764186488540625,0.9420093959751059,-0.6119032902611252,0.5406017445892451,
TMBIM1,2.3998401849078577,0.342346072457651,1.1341022293953908,0.3018652671551148,0.762754774121268,
CTDSP1,2.0163519996949013,2.797600781724324,1.4423909343126082,1.9395579347963388,0.052433437256488975,
USP37,2.7776373444111075,-0.2513958500288734,1.072832015663408,-0.23432918328170657,0.8147294315475925,
RQCD1,2.5749294858195695,-1.4433556071222764,1.1952037258683184,-1.2076230820596505,0.22719227656447316,
TTLL4,3.133636932147151,-1.5175735171066274,1.1441971735412841,-1.326321679688952,0.18473316876349732,
CYP27A1,5.0090823664277195,-0.989848388154857,0.8864387538976328,-1.1166573931955666,0.26414084181657216,
FAM134A,3.300565338190539,1.7014816749193455,1.3267068178491999,1.2824850615282994,0.19967254198343531,
ZFAND2B,2.322944492223278,-0.817889575349497,1.203580803748479,-0.6795468761235057,0.4967914167152965,
ANKZF1,2.9025885863085894,0.09884310208301425,1.0309170871074036,0.0958788086056008,0.9236168253123096,
FARSB,1.8718986206059458,0.39775474296854435,1.3346833142050514,0.298014322000759,0.7656922326387441,
ACSL3,4.875705286157502,-0.6968124838412055,0.8619653382162412,-0.8083996570943277,0.418860549302707,
WDFY1,4.189922515124294,0.09443120059597977,0.9040771447284834,0.10445037920335858,0.91681194446358,
SERPINE2,2.1011117603460794,-2.272466667078534,1.5109984994569052,-1.5039503135809342,0.1325941606525509,
CUL3,5.794896829625606,-1.3152372148198728,0.8645289074398487,-1.5213339930005556,0.12817604392561105,
RHBDD1,5.271440931868123,0.024058490468243935,0.8159233552471453,0.02948621376447369,0.9764768139841135,
MFF,5.088196527912934,-0.09310326993181438,0.8500866482139624,-0.10952209416231269,0.9127883985694729,
PID1,3.6313407379855676,-2.307351639359453,1.2087717532781577,-1.9088398062760608,0.05628276004458206,
DNER,3.911979891276458,-0.7935776443368743,1.037186129507488,-0.7651255852348391,0.4441967659460495,
SP140,5.760570979192575,-1.3572292432336293,0.8726148832788893,-1.5553588063198966,0.11986063910641087,
ITM2C,3.850213990867534,-0.8484896577103261,0.9765354960422779,-0.8688774357400234,0.3849141726069961,
C2orf72,1.4721489582491951,-1.113918321796106,1.5625041209370445,-0.7129058457318381,0.4759040215961854,
NCL,2.924492541661072,1.216619736304723,1.0960885002821268,1.1099648760036913,0.2670141622839014,
PDE6D,2.2550037245588395,0.017806595010866146,1.189263705518178,0.014972789405952295,0.9880538888578437,
COPS7B,1.5277013088474807,0.2760135728612902,1.4084999056298828,0.1959627911638777,0.8446392896466842,
DIS3L2,5.90734610232274,0.017699193557414977,0.8242650400356701,0.021472697127430086,0.9828685829762768,
EIF4E2,2.157890156275586,-3.0081470626725055,1.656731527133154,-1.815711847940669,0.06941458565005629,
ATG16L1,1.0432392762006206,0.6701258962251484,1.7687298861632985,0.3788740731230449,0.704781378053117,
DGKD,4.965712471693923,0.9492565362898793,0.9064612904065329,1.04721133305555,0.2950021194753194,
USP40,5.427241163662931,-0.4678913087438363,0.8249086493590764,-0.567203785664474,0.5705757363373406,
ARL4C,1.116230420330759,0.9295131007037035,1.7500719254710446,0.5311285137343817,0.5953297263325819,
IQCA1,1.6610783891176988,-0.3467249897921308,1.393793795741026,-0.24876347624132636,0.8035437448349597,
COPS8,1.7895793351414966,-0.5415612682812408,1.308548513649085,-0.4138641117485323,0.6789736281280521,
RAMP1,5.347391954328646,0.12776012603462067,0.8392175562094221,0.1522371941450887,0.8789998591570318,
ILKAP,4.173890189381479,0.8940740237156791,0.9088946436070348,0.9836937977403645,0.325266090288416,
TRAF3IP1,0.8266953352439348,-0.9244687163487607,1.9560527058080242,-0.4726195330032647,0.6364846442666146,
NDUFA10,4.9766791335914045,-0.0240871967332946,0.852449480351657,-0.02825645072052601,0.9774576140085457,
MYEOV2,4.038528106259698,1.3373021466847512,1.0422527656533807,1.2830881248335249,0.1994612036954284,
GPC1,2.8932637347611228,0.6667090187430835,1.3007249947253983,0.5125672386143663,0.6082540750045606,
ANKMY1,5.821592761062199,-0.3065638252581695,0.787479429860386,-0.38929756592184367,0.6970560366889098,
RNPEPL1,2.5107616113368985,1.2873681037665667,1.207382148331987,1.0662474226118723,0.28631181003251494,
KIF1A,3.0795680025004284,0.9211595920334915,1.062816624579053,0.8667154528170209,0.3860979364804815,
MTERF4,2.8883460275078856,0.8343918082877374,1.0926557113205861,0.7636365230538077,0.44508387791091686,
PPP1R7,3.4271833248705548,0.35729439196700125,1.0504242823058527,0.3401429288960093,0.7337488944619055,
HDLBP,5.257488225474943,0.04454820715441734,0.8057192311516505,0.05528998866111536,0.955907437858353,
FARP2,5.077738797906513,-0.7593248780799384,0.8912966298155057,-0.8519328500514078,0.39425136297491603,
STK25,2.507868977135882,0.7469676395299517,1.116137012306271,0.669243678234892,0.5033400479932781,
ATG4B,6.568265620450376,0.026719467719269422,0.7818911514132512,0.03417287389807976,0.9727392973963697,
ING5,1.5894997115729932,-0.5989253013599147,1.435623825687913,-0.4171881872139629,0.6765407648779469,
D2HGDH,3.8715987245185026,-1.8822900808380283,1.1018594544516351,-1.70828509319711,0.08758345591301714,
CHL1,1.145912370733645,-0.7936322840942703,1.7547232286129566,-0.4522834548224492,0.6510647935851324,
LINC01266,2.855013806747658,-0.6352822488400551,1.0987478667599861,-0.5781874696270316,0.5631375576122417,
CNTN4,1.4681378320547591,-0.2985871231005498,1.4637044212426082,-0.20399413895809987,0.8383580790459317,
TRNT1,2.87203255716349,0.2852013267578473,1.0635403352487558,0.2681622100314046,0.7885744620068161,
CRBN,3.1896050477642306,-0.8457462262424782,1.0390495985769581,-0.8139613618067696,0.4156670861320615,
AC026188.1,2.2931337387574295,-0.10749890584272632,1.1587087272859857,-0.0927747442573582,0.9260825156199037,
LRRN1,1.4219074425522473,-2.2505187656865524,1.778159634586755,-1.2656449521808957,0.20564022467257315,
SETMAR,1.1507975756702946,-0.32021647006819054,1.7300362351396004,-0.1850923486827151,0.8531566027869618,
AC018816.3,1.4672312509959575,-0.26369651351679513,1.4622449836436682,-0.180336753735826,0.8568882033288632,
ARL8B,5.526060159283843,-0.13849686826648988,0.8052138641061981,-0.17200010387330314,0.8634374473363637,
AC026202.3,3.7461253214043757,0.11825127158379922,0.9840714858497679,0.12016532669035379,0.9043521839974825,
GRM7,1.152967315527766,-3.2646092256996244,2.2986371307619278,-1.42023687950151,0.15553873033370436,
LMCD1-AS1,4.307166703420671,-1.0231205032641575,0.9574376722256688,-1.0686027226041794,0.285248721223634,
THUMPD3,1.1356422555722518,-0.4119385327158217,1.6374014790766227,-0.2515806526253571,0.8013652146822379,
MTMR14,3.0359716653752016,-1.0265788596263503,1.1223861499149683,-0.9146396360148633,0.36038084354750555,
TADA3,1.8802018361542558,-0.08469639011561275,1.2945531537942994,-0.06542519313893753,0.9478354658235063,
CRELD1,1.7971798237151813,-0.21534820976417776,1.3490507446546127,-0.15962943619241818,0.8731729895837274,
EMC3,1.8316597489985726,-1.7438715469085055,1.474889650851745,-1.1823742514576763,0.23705723524538524,
BRK1,6.353140326317661,0.10414724315005752,0.8691610383405265,0.11982502500216068,0.9046217576817197,
IRAK2,2.9545355293431954,-0.5163218804402473,1.1438482436145248,-0.4513901938675765,0.651708349634385,
SEC13,1.729158006233136,1.4023090139647114,1.3356024896367578,1.049944893668247,0.2937434494077996,
SLC6A1,3.2670290819039924,-2.256108949537969,1.221651847615304,-1.8467691543560074,0.06478060416774242,
HRH1,1.7322890548889651,1.2238168011940784,1.3161579020803815,0.9298404084036236,0.3524537209419192,
VGLL4,6.17621852831707,0.02470545414794022,0.7953564969811002,0.031062113959857786,0.9752200037598242,
TAMM41,2.338080464737471,1.1200062378443503,1.1554023585890831,0.9693646802071992,0.33236326822504925,
PPARG,5.799267067423934,1.7034315507215771,0.8296825446694802,2.053112436395985,0.040061674088023476,
TSEN2,1.368038063363069,-1.1826215845167263,1.620440902446597,-0.729814695945507,0.4655034602589696,
RAF1,3.4643133477156614,-0.5827165376480123,0.9960309002495717,-0.585038614265886,0.5585217528761299,
IQSEC1,1.5347827571617956,-1.0486507843763477,1.5741349185181488,-0.6661759243378715,0.505298659691193,
NUP210,2.437251426947391,0.07583235424099348,1.1376694692670837,0.06665587526915587,0.946855662579091,
HDAC11,2.2585505382334627,-0.47808106260897215,1.223840268947222,-0.390640081667054,0.6960632942074825,
XPC,3.2600228660530335,0.2718910404755032,0.9855179152426389,0.2758864514487922,0.7826352804037164,
LSM3,1.5966387780785574,-0.5086782220179069,1.4845548656021854,-0.3426469669826382,0.7318640640970252,
SLC6A6,3.126700513522372,1.3786974643262377,1.0212014516455874,1.35007393703228,0.1769922675239175,
CCDC174,2.0918605721742924,0.4258358054516767,1.2674803800909435,0.3359703330643448,0.7368932382177187,
FGD5-AS1,2.717751512894273,0.7273836616513836,1.1670567124812279,0.6232633374816252,0.5331114860387574,
NR2C2,4.1314653512900605,-0.659574957608189,0.9598137678420359,-0.6871905568630481,0.4919626542918123,
MRPS25,3.0582467043949584,0.4980580026667684,1.020131581420919,0.48822917723322934,0.6253875199882817,
CAPN7,4.181674183228277,-0.8091041667070649,0.9248561039885469,-0.8748433007229032,0.381659173193284,
METTL6,1.2106805167354362,-1.5571939273210438,1.764396072700996,-0.8825648341742451,0.3774714355755555,
HACL1,2.0464495336744384,-1.0038697355315176,1.2721660337226275,-0.789102765614628,0.4300519456707399,
BTD,1.2507420377788276,0.038674500896122246,1.6098766914341056,0.024023269050296232,0.98083404804339,
ANKRD28,2.99583914090224,0.04567228388460474,1.0598960499937822,0.04309128606043269,0.9656287655652313,
OXNAD1,1.2641432015960499,-0.6642540269879543,1.5371548053383974,-0.43213216045713887,0.6656453616321469,
RFTN1,1.735797186008463,0.3005866166468173,1.2840806464735472,0.23408702364007597,0.8149174197320093,
KCNH8,3.618020805428096,-1.0241700470653545,1.0272400380235323,-0.9970114181257143,0.3187589676934608,
RAB5A,3.424980901254352,0.5142334434605642,0.9780863072784802,0.5257546697401541,0.5990586737578314,
ZNF385D,1.9953281218810262,0.448697770421054,1.277482540368588,0.35123593179723045,0.7254113555196553,
NR1D2,2.471725171992245,-1.7544073148718327,1.275647845448036,-1.3753069243460727,0.16903631070343073,
TOP2B,4.745882175498251,0.2833811342554522,0.8476170222495306,0.3343268561353024,0.7381329269596651,
NGLY1,2.876781803100833,-1.3254993853466759,1.1933620971496086,-1.1107269021805557,0.2666859188320848,
NEK10,5.500271171790337,0.4923807396358963,0.8791015640643348,0.5600953971228092,0.5754143698622449,
CMC1,2.140661397066446,0.13687948203902214,1.211337851287744,0.11299860059149386,0.9100316646749741,
AZI2,2.787904569120808,-0.3190600890706402,1.113769795832858,-0.2864686134104153,0.7745192294695733,
ZCWPW2,1.5824447667788721,0.9911855398415604,1.4022303360797477,0.7068635689430626,0.4796512655966727,
LINC00693,1.8636473982582367,-1.7292094457527265,1.482325573396233,-1.1665517189930448,0.24339145082059344,
RBMS3,4.822190945451168,-0.6950797241171828,0.9261359164327734,-0.7505158927368275,0.4529440556414295,
STT3B,6.042452030635515,1.6427735288128322,0.8625445899326004,1.9045664977635524,0.056836444988224044,
GPD1L,1.5810738732002576,0.8361013651653311,1.3982138813153324,0.597978160808124,0.549854505335583,
CMTM6,5.4418832244049895,-0.9752196438658336,0.9019351319783728,-1.0812525305746912,0.2795847967742936,
DYNC1LI1,1.8987689866254227,-2.0262984739582732,1.4603002258897826,-1.387590331107166,0.16526182736088424,
CNOT10,4.061457143310919,0.6982240032942608,0.9045038815133766,0.7719414118223824,0.44014912862632827,
GLB1,4.701099645349452,-0.6288729481028448,0.9157149334765348,-0.6867562437966506,0.49223634756598456,
CRTAP,2.1629202094596285,-0.5677864193994279,1.1965094817256567,-0.4745356623338598,0.6351179732939622,
UBP1,2.5807373169994516,-0.22931067841604294,1.112954645270214,-0.2060377566961578,0.8367614184039347,
TRANK1,3.933981097543716,-1.4028350782159678,1.0228964778565968,-1.371434068436235,0.17023968333031192,
EPM2AIP1,5.247373235454564,-0.411841655719076,0.8455081640066345,-0.4870936476443583,0.6261919678845951,
MLH1,2.58165007829679,0.624287079764495,1.15700420599447,0.5395720054689921,0.5894922269709337,
LRRFIP2,5.9153977486835,-0.251110246832464,0.8105062385199115,-0.30981901791530136,0.7566985885327431,
ITGA9,4.979884001535652,-0.6815718123584715,0.9576780416501512,-0.7116920120503881,0.4766555151991818,
CTDSPL,1.9744490923145446,0.031603848737118016,1.259898453479065,0.025084441249886145,0.9799876103623184,
ACAA1,3.4257737487368143,0.13159145388080692,0.9516853470259385,0.13827201846916778,0.8900254390887289,
OXSR1,2.19360504166769,-0.6013775988702317,1.34334754068016,-0.44767089726143683,0.6543907281259553,
XYLB,2.1128562257688057,1.3423612540971834,1.2392409769788393,1.083212449421857,0.27871413512379417,
EXOG,1.8201960908225463,-0.5722287960792701,1.3769070369082717,-0.41559000044342975,0.6777100450698019,
WDR48,3.3740712189534148,-0.40739456218248077,1.0344244386736055,-0.3938369463746081,0.6937014250729652,
MOBP,6.405081089113729,-0.5911263610952983,0.8891655014203094,-0.6648102745226416,0.5061718501699999,
MYRIP,3.0269913939748156,-0.41766411858758584,1.143283211031968,-0.36531990897564864,0.7148726186943322,
EIF1B,2.915496043634112,-0.297820880464577,1.175185122025906,-0.25342465189753466,0.7999400798185241,
ENTPD3-AS1,1.9948638093612132,0.5029993760631405,1.4057309261433022,0.35782052362122113,0.7204776305074767,
ZNF621,1.101458362934922,1.4674474061309393,3.8045397830138543,0.38570957062472,0.6997117739853687,
ULK4,6.628280255030173,-0.22047547026435507,0.743171426060641,-0.2966683897321488,0.7667196924433854,
CCK,4.988341185085025,-5.360787582305128,1.9863525572084904,-2.6988097167598895,0.006958795234160075,
SS18L2,2.69373854422027,0.9426724356589166,1.22553934068817,0.7691898614446624,0.4417806082465884,
RP4-613B23.1,5.2055828554471555,0.35405305041163904,0.8159272530813287,0.43392722705923426,0.6643412875075364,
SNRK,3.391206593397279,0.5102952847177685,0.9860044489812398,0.5175385214995898,0.604780285449839,
ANO10,4.675674210090016,-0.566163359793843,0.8802750299469421,-0.6431664429104255,0.5201161050916474,
TCAIM,2.796114218461699,1.0155052240850198,1.1040937156258634,0.9197636121942541,0.3576963024518449,
RP11-944L7.4,2.301101263406746,-2.4125182152589817,1.4671033456385258,-1.6444091838731263,0.10009170935766742,
ZNF197,1.6672207540566244,-0.5152340330162452,1.3999461707046696,-0.3680384601908655,0.7128445566774932,
EXOSC7,0.80535199315764,-1.7681575402427523,2.1439013622112553,-0.8247382885279039,0.40952018900151155,
LARS2,2.793685896780495,0.5796124148067334,1.043863433877742,0.5552569387870885,0.5787189279872804,
LIMD1,2.609690218349661,0.8311693516289214,1.0801465265172598,0.7694968517918388,0.44159841273495515,
SACM1L,4.0628500808703585,0.6602368251453389,0.9291962916606772,0.7105461257979745,0.47736553800570436,
CCDC12,4.139545221870182,-0.58231421030498,0.9802021485313697,-0.5940756314169047,0.5524615287402361,
KIF9-AS1,2.25076651885726,-2.3347023785026146,1.4175509943134343,-1.6469971012460025,0.09955864165635221,
KLHL18,2.7677251946351156,-3.4599144788807497,1.6382776488736885,-2.1119219207192574,0.03469314686015225,
SCAP,3.1289841683983255,3.190620498121038,1.2625144251047729,2.527195281635104,0.01149775512148897,
ELP6,1.2410103104606536,-0.7608270246145586,1.6134695636178848,-0.47154718116191496,0.6372500352250794,
CSPG5,1.7975955887339754,-0.5394164514057923,1.3872340981411295,-0.3888431319044142,0.6973921920706613,
SMARCC1,5.2362928399807425,0.10086251136086447,0.8613795446861225,0.11709415667354589,0.9067854401821137,
DHX30,3.7570668929566025,1.314882502441733,0.9590472563675202,1.3710299400907224,0.1703656229474485,
PLXNB1,5.751457319107772,0.7999378657061352,0.9179006547978908,0.8714863221034205,0.3834886709712051,
UQCRC1,2.7363733911049954,0.24517358226278815,1.1161682267762691,0.21965647863933696,0.8261387018262419,
IP6K2,3.738996531792431,-1.6738917285640895,1.0756962527132052,-1.5561007341450421,0.11968414048093341,
PRKAR2A,4.537914919958088,-0.41695138511621904,0.9063568237825147,-0.4600300612027706,0.645494643302263,
ARIH2,5.361937701711756,0.6616879472197437,0.8760524054503912,0.7553063527969658,0.4500651877990295,
P4HTM,1.6984571288406434,0.14411012366649634,1.3578279728365303,0.10613282871573736,0.9154769646853124,
NDUFAF3,2.086073245718211,0.2620339999538308,1.3086508658026281,0.2002321679534586,0.8412990101750029,
QRICH1,2.250534284640984,-0.48935864305178867,1.1876902435867935,-0.41202548029184644,0.680320747278372,
QARS,2.5236243873109014,1.4856853281829228,1.1947114039217195,1.2435516421003954,0.21366462330164082,
USP4,6.542300266402024,0.4705214712579802,0.8130442911555165,0.5787156694615797,0.5627810412209797,
RHOA,5.630113218085711,-0.16933947709092773,0.8255338478196977,-0.20512723680339348,0.8374727169800219,
TCTA,1.7250080305877002,-0.914973960063471,1.3928481188058044,-0.6569086375677116,0.5112396639585639,
DAG1,1.3943892332104388,-1.1246973344017421,1.587900745944647,-0.7082919617451633,0.4787639678232313,
IP6K1,4.060902528841126,-0.4656871287772975,0.9295408659503203,-0.5009861812812287,0.6163808482674904,
GNAI2,4.8416291283001165,0.5658139202893298,0.8646304629526312,0.6543997054616011,0.5128543241203463,
SEMA3B,5.60075402174209,0.1935221479078073,0.8642240141504479,0.2239259089531827,0.8228149551593111,
TUSC2,1.9572528354219927,2.4526933119573884,1.4133928002523706,1.7353231964386997,0.08268357533382704,
DOCK3,5.812519079367132,-0.4669476721936098,0.8030800914208769,-0.5814459568627167,0.5609399315992085,
MANF,2.773303863492558,1.2493632773552132,1.0952417706755633,1.140719164303408,0.25398680888369973,
VPRBP,2.47324709405679,0.3065031586439386,1.113830757544685,0.2751792914388452,0.7831784960659938,
RAD54L2,2.1966072872605573,-1.2303909218188176,1.2833815578044145,-0.9587101469057633,0.33770478530280934,
TEX264,1.7993982925158152,0.5499029999794794,1.2908623267058754,0.42599662923215476,0.6701103022009327,
PCBP4,2.949770238221422,0.5446291531485892,1.3072276805744851,0.4166291467368882,0.676949686742927,
WDR82,2.3546126772105223,0.5018607979457177,1.2022874973975761,0.4174216225586856,0.6763700419229954,
NISCH,4.65234465894877,0.6279278707265377,0.900550812602385,0.6972708945894683,0.4856332791333202,
SMIM4,2.098493753153226,0.4559029860809434,1.1906750804289277,0.3828945390515012,0.7017979605911568,
GNL3,2.1545490988264495,1.4603785109137486,1.234000812456826,1.1834502021163318,0.23663077127673948,
SPCS1,3.7545836620936996,-0.8756277784167159,0.9536497965004379,-0.9181858808442727,0.3585215592254234,
NEK4,1.4196564714350257,-1.698042622177593,1.6101839822411523,-1.0545643484877758,0.29162461624423663,
SFMBT1,1.624676027679735,0.3685407767166599,1.3629350414276504,0.27040230496283957,0.7868507670258329,
TKT,3.8800380805082635,0.7643364361742206,1.0613640009497705,0.7201454312471949,0.47143545786114693,
DCP1A,4.825551181958841,0.036406218786038405,0.8615122708389727,0.04225850288886155,0.9662926256126168,
SELK,2.836391928536935,-0.29794731067547575,1.1211623737213732,-0.26574858170322474,0.7904328454177858,
CACNA2D3,2.4190331347205314,0.3469852907207311,1.236112168797999,0.2807069612931172,0.7789351690121236,
ERC2,6.321168540800284,-0.27058307522606323,0.7533637156694344,-0.3591665879284149,0.7194704702209442,
CCDC66,6.534532704157979,-0.5699355751240976,0.7604379224935868,-0.7494833677615602,0.45356591964117043,
FAM208A,5.331159715244001,0.4517470072867725,0.857510229963479,0.5268123825251766,0.598323883169676,
ARHGEF3,2.290937495379764,0.8788971630028191,1.2021494634603156,0.7311047334105744,0.4647151833328156,
APPL1,5.295944898024277,0.9103429474638292,0.8704898148366091,1.045782422663613,0.29566149833282807,
ARF4,3.4410162988910016,0.5084687679402455,1.0093905239244856,0.5037384004392388,0.6144452198669551,
DENND6A,4.2485186843222635,0.13818780473073594,0.9168384966324279,0.15072207944834715,0.8801949553247638,
DENND6A-AS1,2.7589798919899606,-0.5839655656419899,1.1195459423611747,-0.5216092913617991,0.6019423927828786,
ABHD6,1.2232563307536073,-0.2864756883258783,1.5816072750296777,-0.18112947053844497,0.8562659530250929,
PXK,6.244827462585498,0.022241149761089308,0.7903447558991267,0.028141073367137,0.9775496352238928,
CADPS,1.7534904391795594,-0.3112969667393937,1.3400459656346162,-0.23230320057862366,0.8163025267282569,
THOC7,2.4879837586843463,0.9829262935821256,1.2499120477443904,0.7863963671331347,0.4316353111300977,
PSMD6-AS2,2.5470829229572547,1.2682856727206422,1.1274895934459865,1.1248757239916827,0.26064170032261524,
SLC25A26,4.670740457652349,-0.8696881485323329,0.8836592369993735,-0.9841895066762589,0.325022344217303,
LRIG1,2.940663872767623,-0.8053422234215232,1.0748144168149465,-0.749284909861961,0.4536855010443741,
SUCLG2-AS1,1.6142964570392297,-2.6946841010308265,1.7451150301430958,-1.5441297877136888,0.12255689389045159,
FAM19A1,1.3294497354410604,-3.420118425750256,2.2542531038247806,-1.5171847473326563,0.12922004614966312,
EOGT,1.6353203348531042,-0.0767118857152463,1.3473506348549367,-0.05693535426545113,0.9545966913477112,
TMF1,3.211038691800505,0.6929627046946041,1.024681794665191,0.6762711197782387,0.4988685254358378,
ARL6IP5,4.895201243110438,-0.5197133595596225,0.8429281346851594,-0.6165571395404186,0.5375268722456972,
RYBP,5.240652824419487,-0.5934150441331574,0.8275906109515538,-0.7170393625549424,0.4733498090816287,
SHQ1,2.776290063900994,0.007663346227904442,1.1599760534400942,0.0066064693363087675,0.9947288384588612,
GXYLT2,1.889501753269205,-0.4767812506099895,1.3721280451886593,-0.34747577114381845,0.7282339177312895,
PPP4R2,5.465032378617824,-0.806219252338452,0.8375321966747774,-0.962612847051557,0.3357418479492388,
PDZRN3,1.0159858033916758,-3.1598005341855027,2.39722172371309,-1.3181094193036278,0.18746702178369212,
ZNF717,1.6677591418998432,-1.7004342546379474,1.5241248846253286,-1.1156790836440942,0.2645595268904586,
ROBO2,3.0025330484171224,0.183578681857815,1.0582091861158358,0.1734805218726572,0.8622737370414368,
ROBO1,3.4193431901092612,-0.5352917226737404,1.1778419547410075,-0.4544682081658776,0.6494918691205736,
GBE1,5.745780769494819,1.091651004896007,0.8317069452872786,1.312542850677941,0.1893370377850837,
RP11-260O18.1,1.9002421797468052,-1.8999055915395442,1.4936625269145405,-1.2719778111218873,0.203381003163281,
C3orf38,2.1708076599891455,-0.8086645908374309,1.2766914440154373,-0.6334064465052158,0.5264682563392643,
PROS1,5.840096320075129,1.2819690550098017,0.8305022007250112,1.5436070535281776,0.12268355522891104,
ARL13B,2.1838346317943915,-1.2578211231128804,1.3398517889918562,-0.9387763135050198,0.34784560257738895,
NSUN3,4.786304552378738,-0.6620195959659966,0.9022763557555463,-0.7337215385763223,0.46311846866522466,
EPHA6,3.840440871984685,0.04428352919407048,1.034164005750009,0.04282060577224851,0.9658445380224648,
MINA,1.7718800831740065,1.1053114456217017,1.3407305648787304,0.8244098214630302,0.40970673615364717,
CPOX,1.3312170464546191,0.059904221689937476,1.7014632751522878,0.03520747262944938,0.9719143036302285,
DCBLD2,1.8837971973298984,-0.34082439810864956,1.3326138289037877,-0.25575631193097614,0.7981390101415664,
FILIP1L,4.263493581962488,-0.8595525606891942,0.967471420330162,-0.8884526639514176,0.3742973076227474,
TBC1D23,3.1400115568317575,1.029458361447622,1.0101771458289945,1.0190869647944811,0.30816168202367733,
TOMM70A,2.623929886698672,0.37452151403527123,1.0925570233192992,0.3427935622961233,0.7317537693966685,
TFG,2.402952080034555,-0.009747615284442289,1.2802321330565214,-0.00761394362221647,0.9939250106337532,
SENP7,6.256100239967942,-0.7171037069112959,0.7874558607889727,-0.9106589240351971,0.36247511319478287,
TRMT10C,1.8753166312176066,-0.44662905382630347,1.2725074571119959,-0.350983447153972,0.7256007666728672,
PCNP,3.002191358721735,-0.18299391801832998,1.0363170401353898,-0.17658101809695484,0.8598375051352618,
RPL24,4.908431055160072,-1.5161884843439382,0.9131682046817832,-1.6603605738466256,0.09684193661191419,
CEP97,3.357904347386233,2.2553021847726105,1.193013808703767,1.8904242082688387,0.05870124828081279,
NXPE3,1.9562915266236354,0.5618146656502457,1.2306550548440822,0.4565167659604054,0.6480184172834947,
NFKBIZ,3.1101814683946336,-0.007253164858579374,1.0986740041713112,-0.006601744312727382,0.9947326084000138,
CBLB,5.209497680895217,-0.24578227902731964,0.8201980677726706,-0.29966210441676105,0.7644349071976277,
DUBR,2.094379351718214,-0.43303281807866134,1.3568582215462353,-0.31914374781558974,0.7496175108398566,
CD47,5.0942133921883155,-1.8633421436137172,0.9519802886008749,-1.9573326947265584,0.05030836595238051,
DZIP3,3.7911308717790564,-0.4050227861225952,0.9657936030589308,-0.419367849237951,0.6749473171298566,
PVRL3,2.7963526329165114,0.41682181013308567,1.0654543588949268,0.39121507801179484,0.6956382640466166,
ATG3,1.7073147774166042,-0.16834913630629783,1.3373654592921558,-0.12588117566263607,0.899825983775993,
SLC35A5,1.4508603439024566,0.24010492434186637,1.523881760792524,0.1575613873198372,0.8748024318860586,
C3orf17,2.347003117946608,-0.4536922909023889,1.2431674176482665,-0.3649486661745454,0.7151497256123555,
CFAP44,1.037329145477971,-2.0834926825914444,1.9915530203767597,-1.0461648077023287,0.2954849479480477,
SPICE1,1.700620869901721,-0.6066747707374668,1.363988170805195,-0.44478008220506193,0.6564786896933552,
USF3,2.774183941031166,1.1304253019830766,1.0812504416912603,1.0454796209977943,0.29580135450511635,
NAA50,3.98053079540591,0.24648184419937455,0.9426421985325442,0.26147974765301674,0.793722565437345,
ATP6V1A,3.4758317336312436,-0.3501880465777799,1.0247739563697402,-0.34172223484125264,0.7325599373834623,
GRAMD1C,1.2373186485386374,-2.3413247926853904,1.9439332477045534,-1.204426538539884,0.2284247597635677,
QTRTD1,2.504273434518096,-0.6073668194667445,1.121712910873463,-0.5414636967972456,0.5881880135979684,
RP11-197K3.1,1.8382989287738998,-2.9276412454385223,1.7029359785652916,-1.7191728181731378,0.085582908693552,
LSAMP-AS1,2.662453440493088,-1.724568161095736,1.2491090113928667,-1.3806386355124365,0.16739009778023184,
RP11-384F7.2,4.5622798552210995,-1.5894519189589773,0.96068879666244,-1.6544919899981592,0.09802758948039876,
IGSF11,3.5377175478550438,0.7648500441340412,1.1006526442803206,0.6949059252332517,0.48711425916867923,
TMEM39A,1.3828648484984623,-0.24650066501563803,1.6070094238283468,-0.15339092687359876,0.8780899995219269,
POGLUT1,2.91198191371822,1.2191242392943158,1.1688604432503555,1.0430023929154342,0.29694718449514157,
TIMMDC1,2.461509784570408,-0.4475502791436561,1.1964969786278352,-0.37405048833212684,0.7083667537844722,
LRRC58,2.431402022760691,-1.2761641026239345,1.3415168268156414,-0.9512844543688396,0.34145999629915313,
NDUFB4,2.093176919455494,1.5067246866021546,1.3288627941536904,1.1338451894589603,0.2568594916904047,
RABL3,1.6824633042108115,0.10380851212201625,1.3478825221210529,0.07701599391515312,0.9386108214538172,
STXBP5L,2.54699569290111,0.7529775122476087,1.1396842487220258,0.6606895840597542,0.5088114049358221,
GOLGB1,6.370935285641655,0.14270369305445693,0.7909032425268742,0.180431290935829,0.856813990809753,
IQCB1,4.894381892107781,-0.3695846214971058,0.8606287215642875,-0.4294356117064569,0.667606242387389,
EAF2,5.025534504780971,-0.4866930230018793,0.8729577321959131,-0.5575218650937539,0.5771709243277536,
FAM162A,1.6036521498658598,-1.913777654426948,1.5604524349532978,-1.2264248570218195,0.22003883669838442,
RP11-299J3.8,1.277005977570053,-0.2391329262237847,1.528722409028581,-0.1564266506538231,0.8756967315599518,
KPNA1,5.498454719885889,-0.08725159917752409,0.8128686161107668,-0.10733788640406143,0.9145209291452405,
PARP9,4.351156386087006,0.19936021819032843,0.8816368373987551,0.2261251001926544,0.8211041230059423,
HSPBAP1,6.0558237749514445,-0.47324752545580395,0.7726357180850161,-0.6125105458866849,0.5402000227872107,
ADCY5,2.9531822500366887,1.0848016993690943,2.806205563772846,0.38657242839709005,0.6990727729615167,
HACD2,2.886510639967314,-0.7550553507844714,1.115436484730309,-0.6769146976280134,0.4984600782351215,
CCDC14,4.641197356700462,0.6335634594223546,0.8770927459226606,0.722344885837444,0.4700824628290845,
KALRN,1.6107883259197315,-2.2505052505579717,1.7626103824717698,-1.2768024476299804,0.2016720012074813,
UMPS,1.9571300311554245,0.4244756855510765,1.3169844031965048,0.3223088174171348,0.7472187539392845,
ITGB5,5.904982785274712,-0.638746813891933,0.8100706853589075,-0.7885075036494276,0.43039991121282195,
ITGB5-AS1,2.6283405512853286,-4.312180664074627,2.1419225268153967,-2.0132290547809695,0.044090537957419726,
HEG1,1.353885625070202,0.14183031658187598,1.5123300126735844,0.09378265021080957,0.9252818140611241,
SNX4,1.9957924344008393,0.4598142514275357,1.2383229927233423,0.3713201274057779,0.7103991083764949,
OSBPL11,5.476147178549545,-0.6054217759519847,0.8329405206244136,-0.7268487496539734,0.46731861561841115,
CHCHD6,2.899080455189092,0.5937643188436416,1.0454627856732703,0.5679440023886281,0.5700729920915653,
TPRA1,2.1642972832767806,0.45106010171644956,1.235961063034877,0.36494685407716704,0.7151510783090622,
MGLL,3.7498405963948933,0.9939527854095539,0.9536707664077657,1.0422389155887837,0.2973009248427796,
SEC61A1,3.3601164545061866,0.15173634711505052,1.2140067471038716,0.1249880591496151,0.900533003624022,
RUVBL1,2.0775246030789067,-0.0396179013310116,1.2324845821799137,-0.03214474396177746,0.9743566213091983,
EEFSEC,2.5972370271559146,-0.23301966791032622,1.0965225466919655,-0.21250786736060245,0.8317108406818139,
RPN1,2.5102100687609408,0.7852776944266655,1.1319497481746492,0.6937390071361229,0.4878458988995473,
H1FX,1.620233091282074,-0.12414395364966073,1.4311364910247784,-0.08674501309149509,0.9308741959701696,
IFT122,1.8114225639580288,0.9806752247365332,1.4041381453383799,0.698417907092897,0.48491588080608283,
PLXND1,3.968336367478038,1.8702213642641226,1.0596661122897506,1.7649157055923075,0.07757793371539554,
PIK3R4,1.9455570989424287,0.9071185297746857,1.3041001007892155,0.6955896477775867,0.4866858511340515,
NEK11,1.9883692963911361,0.7351067256968007,1.2550895923191334,0.5857005987425031,0.5580767316617978,
MRPL3,4.772314576605371,1.113639597011305,0.8779922409576534,1.2683934379609365,0.2046574838447135,
CPNE4,1.736709765863658,-0.8487391877257184,1.4045036361526695,-0.6042983199749158,0.5456453231026115,
TMEM108,1.1013489074558096,-2.2572365908262153,1.981488109880347,-1.1391623192543505,0.25463545862305226,
TOPBP1,1.758845955432416,-0.9420287450560566,1.4098312631796253,-0.6681854557058674,0.504015218293526,
SRPRB,2.143882747672255,2.428858988383419,1.4108443585321748,1.7215640929452871,0.085148512423121,
RYK,3.5127947083353948,-0.039381789247509354,1.0021635681661771,-0.039296768011206656,0.9686537833811981,
EPHB1,1.3013384105164763,-2.4903410505173436,1.8945653612313036,-1.314465629678164,0.1886895571544135,
PPP2R3A,1.4260249158810947,1.780502752927976,1.575325616445852,1.1302442709876268,0.2583733099496641,
MSL2,1.5433209414653366,0.4524839112419625,1.422815501013701,0.31802008828241274,0.750469699094839,
PCCB,2.596737321867821,0.5651988986611328,1.148988529163553,0.49190995759773987,0.6227829986442048,
SLC35G2,5.560121429096747,-0.39682425360379,0.822833443120342,-0.48226558718731266,0.6296172901652201,
ARMC8,6.142550604045273,0.21982388727365867,0.8051485807531249,0.27302275943657306,0.7848357204730042,
CEP70,1.4566194461391764,-0.8152154243400105,1.4553623024876912,-0.560146035764799,0.5753798320061935,
PIK3CB,4.0822489428212565,0.6839195518218074,0.96044713074357,0.7120845384714958,0.4764124280455784,
COPB2,3.8338044012189076,-0.6731515800176432,0.9614119502642424,-0.7001697657623547,0.48382129069181457,
RP11-319G6.1,3.7643213882082676,-1.041319321751592,0.9963638113771398,-1.0451195736548442,0.2959677085894423,
SLC25A36,6.0110191882092465,0.2411751385825978,0.7629734165739592,0.31609900599887986,0.7519273611897275,
ZBTB38,4.015172026068851,-0.5681824518336085,0.9478539544882238,-0.5994409256227539,0.5488788926548509,
RNF7,2.154062560883668,-0.41579978129405315,1.225099779119744,-0.33940074790709107,0.7343078552419473,
ATP1B3,4.961029889108653,0.129737576905609,0.8752644189246284,0.14822672337692855,0.8821638425608473,
GK5,1.9197928644392974,0.010183064764615925,1.233096583958621,0.008258124219211719,0.9934110450751216,
PLS1,1.2241586337151826,2.359619952520718,3.8757668967211343,0.6088136916894916,0.5426479372433066,
TRPC1,3.6582082390827573,-0.14645169302728245,1.0659788361134686,-0.13738705503876752,0.8907248626048307,
C3orf58,3.4773374290692147,-0.7778011150197962,1.0069591156934143,-0.7724257151038205,0.43986232830171057,
GYG1,1.6472129127806632,0.21223057699475653,1.6084407942636985,0.13194801931886468,0.8950254067155919,
HLTF,2.4824242069051707,-0.9403551962088875,1.168507460060434,-0.8047489882180584,0.4209645440301486,
HPS3,6.379477748042422,-0.023729443548284004,0.764829458215498,-0.031025797049775778,0.9752489665022193,
COMMD2,1.8938483889204922,-1.1719298036890458,1.441846813556351,-0.8127977207221145,0.4163340425633767,
ANKUB1,5.143239126835088,-0.20062357736337907,0.9487741820324553,-0.21145556146311348,0.8325318049677156,
SERP1,5.944316463468819,-0.6753679095265911,0.8687472696121293,-0.7774043535447581,0.4369202447313053,
EIF2A,2.4361939988448023,-0.3413502692695373,1.1920824304084214,-0.28634787373939125,0.7746116945028577,
SELT,2.951450137736693,0.02973680391172674,1.0410938671524659,0.02856303821389417,0.9772130912807304,
P2RY14,1.873417626689393,-3.9011166745737453,2.1455825911252946,-1.8182085792035279,0.0690322592490262,
DHX36,5.41981820709537,0.3941917026439099,0.798873623114871,0.4934343696402511,0.6217057023904726,
SLC33A1,2.8029918126918383,-0.27065831397618273,1.0640446672812243,-0.2543674361601292,0.7992117059363014,
GMPS,1.1142989134859569,-1.1001453224353877,1.7032682864658188,-0.6459025458156825,0.5183424707914847,
KCNAB1,3.9714826415332296,-0.5840983371978766,0.9762206630733087,-0.5983261359773269,0.5496223406962766,
SSR3,3.8441485790911325,1.1636734661260477,0.949752435765638,1.225238727803797,0.22048528669822276,
GFM1,1.3943567308938507,0.03202650091445653,1.4683790523878324,0.021810785752068598,0.9825988904484413,
IQCJ-SCHIP1,3.1341368188773884,-0.7373246998136354,1.1438140675873085,-0.6446193666501261,0.5191738813755554,
SMC4,2.1859852055101556,0.9931359816708206,1.2775143114953116,0.7773971475187388,0.4369244948644345,
KPNA4,5.243800099701889,0.4579399705881643,0.7997217530285985,0.5726241268965309,0.5668992200843226,
PPM1L,3.457168282413703,-0.07910906318824466,1.0399243278531825,-0.07607194203404899,0.939361862453971,
NMD3,2.040132708623224,-1.6255928219892477,1.3427082755889987,-1.210682060685265,0.22601728033945223,
LINC01322,2.957263967712969,0.2795252732268181,1.119114515043568,0.24977361071573262,0.8027624286235635,
PDCD10,3.1434976439704303,0.605504796020657,1.1048701440831348,0.5480325441530768,0.583669556876719,
SERPINI1,2.15047319850442,-1.2730764652515039,1.3562247057502228,-0.9386913981538746,0.34788921111346205,
GOLIM4,5.540422813341565,0.9951608587579888,0.8641724334812275,1.1515767226560192,0.2494950511902112,
MECOM,5.455268330425206,-0.027597473059685306,0.8683871165570285,-0.03178015027342121,0.9746473764271294,
PRKCI,3.579123277514713,0.02476220942950872,0.9698548671388924,0.025531871075265264,0.9796307273261711,
NCEH1,2.7919317404996744,0.14600652263255487,1.0540978087148722,0.1385132588507722,0.8898347915732859,
LINC00578,4.341372808868394,1.0398015683970807,1.071068298403023,0.9708079026775777,0.3316439465464863,
KCNMB2-AS1,5.982120989069188,-1.9162499762677265,0.910014360340388,-2.1057359749256697,0.03522729305167964,
MFN1,2.944762229018204,-0.9356884716151165,1.0948961734903653,-0.8545910509781777,0.3927775835482956,
ACTL6A,1.8740269688987423,1.0005750501409358,1.2609373321407749,0.7935168740243378,0.427476742077443,
NDUFB5,0.9196589278817532,-0.029075224514045605,1.751534883026161,-0.01659985467364017,0.9867558404965732,
USP13,1.2313627048539229,0.16864847706039982,1.7177969491567728,0.09817718976808376,0.9217915948756416,
SOX2,3.623999049128623,-2.079239922475484,1.1885057727967252,-1.7494571503701937,0.08021202945150856,
DCUN1D1,2.9353143553111605,-1.115581692023635,1.10296699575681,-1.0114370568796296,0.31180729258334905,
MCCC1,6.321974543015485,-0.07656289489243605,0.7927754507026112,-0.09657576407617167,0.9230633039737631,
YEATS2,3.0416922664989396,-0.23561815011076814,1.0524280910548263,-0.22388052173200082,0.822850272458857,
PARL,2.752663066938746,-0.9953588891512181,1.1175817189882926,-0.8906363375845852,0.3731242983112649,
ABCC5,6.106682200741813,0.8937611477621784,0.8697556655146219,1.0276002597043767,0.30413790200402624,
MAGEF1,2.754559181015267,0.5755035172941438,1.069240779864043,0.5382356604162822,0.5904143637082834,
C3orf70,1.6313092086586682,0.3754355237397506,1.3543877355350702,0.27719944140769215,0.7816269685220067,
SENP2,2.3349331894550676,-1.2393703458464118,1.236302587144553,-1.0024813979472,0.3161111464381753,
DGKG,2.5708282391172967,-1.2689934539856764,1.2018633338543825,-1.0558550362926933,0.29103444930475875,
DNAJB11,4.922465174255145,-0.01580317252268778,0.9297807500875488,-0.016996665634559267,0.9864392758268797,
TPRG1,4.606334350157008,2.192247637448547,0.9618285427348287,2.2792499286985066,0.02265221263996266,
CCDC50,5.904179673511205,-0.944715320134354,0.8145900264719395,-1.159743293477332,0.24615333787088423,
FGF12,2.9523656080435807,-0.7831915661954152,1.0663922562861712,-0.7344310328386726,0.46268607905784453,
MB21D2,3.9390852260511644,-0.9905134056885364,0.957954403160354,-1.0339880503923446,0.3011417496345167,
ATP13A4,1.4338901409876434,-1.1917447227951579,1.671150019170339,-0.7131285097832287,0.4757662391398445,
OPA1,4.774774168870366,-0.013683593672803768,0.8460150042932084,-0.016174173747941428,0.9870954391324617,
PPP1R2,3.2540862318101897,-0.8358769971238471,1.0359084951575346,-0.8069023480657257,0.41972274591997993,
TNK2,6.1054145568743685,-0.7593006128300744,0.8073940932176051,-0.9404336980025827,0.3469951438480937,
TFRC,3.530204289337503,0.8832738542810795,1.1054572229896904,0.7990122420949771,0.4242833134894495,
PCYT1A,1.1512618881901078,-0.16971919097525262,1.6147430338750688,-0.10510600598038167,0.9162916936212325,
UBXN7,3.6422629619539446,-0.018704796300311733,0.9398651110377243,-0.019901575322504934,0.984121888469188,
RNF168,2.0028827719632414,-1.8808663755175024,1.4691676275618548,-1.2802258504966373,0.20046571693074444,
PIGX,3.5088829912320336,0.45557737644122787,0.9745408401499618,0.467478999003391,0.6401572139323154,
PAK2,4.264777245484959,-0.9871962728845922,0.942198918072025,-1.0477578077723153,0.29475020623883563,
SENP5,6.437306403525599,0.5057148108968313,0.8164167772324796,0.6194321638160383,0.5356316978614699,
NCBP2,2.3710708143601678,0.522495624124966,1.1776149069287827,0.4436897164350896,0.6572669313962765,
NCBP2-AS2,1.9406171662662228,-0.9584071533100509,1.3154176493711405,-0.728595327703133,0.4662492373971574,
RUBCN,4.441063005392402,0.17853781856009165,0.8736557608855862,0.20435716966956846,0.8380743975179867,
FYTTD1,1.703719416240962,0.07866940211982881,1.336073426781872,0.05888104691170721,0.9530468542296286,
LRCH3,4.742431637040597,-1.2930696185688066,1.025616588779908,-1.260772917203948,0.2073906740459016,
IQCG,2.6695184316752463,-0.6646882925147783,1.1359014927464153,-0.5851636755117523,0.5584376668364701,
ZNF595,2.4612583968250004,0.7932104108491523,1.2086856961537167,0.656258623208092,0.5116577352868756,
ZNF718,4.538837727643464,0.9023236964041863,0.8629052332594339,1.0456811033534446,0.2957082901435939,
ZNF141,2.9332378443062272,-0.48512476468041854,1.0541428054573525,-0.460207822098583,0.6453670569648756,
ZNF721,6.237942674277033,-0.5625142108301389,0.7795299871846182,-0.7216068914317687,0.470536200987822,
PIGG,1.9856124397472834,0.82329797635306,1.2685177855829546,0.6490235972329775,0.5163231239064174,
ATP5I,2.8829640077348344,1.0374143513830634,1.1565257542190155,0.8970092949496085,0.36971395719631506,
PCGF3,1.589931521776218,0.4007476134940333,1.4219340596491756,0.2818327690898037,0.7780717428977306,
RP11-440L14.1,4.865600523967302,0.5070440706216336,0.8641744855332932,0.5867380709680756,0.5573796346785878,
GAK,5.6699395889317294,-1.1252495726688072,0.8277836578199838,-1.3593522438365322,0.17403499636205066,
TMEM175,2.878207424419004,-0.38498014064998215,1.084308274156724,-0.3550467609862929,0.7225545601032837,
CTBP1,1.8104583647079782,-0.12594712282598128,1.3006612935419948,-0.09683314437919405,0.9228589021995721,
MAEA,1.0263653740321816,0.9060638897988487,1.7619733715133354,0.5142324534794998,0.6070894804267823,
TMEM129,1.477082710686864,-0.012135243973345831,1.470340157732136,-0.008253358183499065,0.9934148476918427,
FGFR3,4.829411279667347,-1.4390333127077886,1.0083011739969787,-1.4271859934501083,0.15352629067112245,
LETM1,1.4068424244041848,1.0265194545080853,1.445185170578434,0.7103030638608214,0.4775162202669925,
WHSC1,2.5548891422270206,-0.22764124655957452,1.1476164730340717,-0.19836003744154695,0.8427633816635689,
NELFA,1.5654896333506823,-0.605154212068793,1.3835796192113916,-0.4373830054057294,0.6618336068952689,
C4orf48,3.1007753855874167,-0.7547021769305639,1.0689773122222852,-0.7060039238453263,0.4801856972969959,
NAT8L,3.8502051016194465,-0.053799320465081325,1.1129949370907561,-0.04833743503425695,0.9614473205665488,
POLN,3.398285332702045,1.9612745807234317,1.176173730266876,1.6675041537260102,0.09541419916433981,
MXD4,4.779472952552806,-0.4147832337954638,0.9128327135485139,-0.45439128948725993,0.649547220644469,
ZFYVE28,1.7935844625395392,0.03091203952151413,1.3040316311745923,0.023704976767833803,0.9810879362358232,
RNF4,3.8637406553482987,0.7389417492196333,0.9459637990238656,0.7811522491475286,0.43471295456980896,
FAM193A,4.707874784124087,0.11171904068453518,0.8785096341861379,0.1271688281347456,0.8988067765835028,
SH3BP2,3.261312709814041,0.6864003176963858,1.0100730656070849,0.6795551144449516,0.4967861987346125,
HTT,6.480614596025639,-1.151581940288686,0.8328437144821875,-1.3827107298332328,0.16675358056167155,
LRPAP1,2.2862075970262707,1.3033255836947273,1.1804482950455542,1.1040937490993041,0.2695524725602819,
STX18,3.3075489166708034,-0.4729368144146137,1.0060022450739898,-0.4701150685601403,0.6382728089806858,
STX18-AS1,2.333162757484233,1.2163159043053984,1.267580729484538,0.9595569544513457,0.3372782421627393,
STK32B,4.805887739387818,-0.3384646688496025,0.8679605948535103,-0.3899539574221417,0.6965705936650683,
WFS1,2.450611199199938,1.814716750503524,1.2667330862386368,1.4325959984924983,0.15197332596762264,
MAN2B2,1.3277443081034022,-0.3886379840806568,1.4941093146317996,-0.26011348719583527,0.7947762346400651,
MRFAP1,2.0664484857023124,-0.5013507345564695,1.248045304376058,-0.40170876233304076,0.6878983751254515,
BLOC1S4,1.3961493882876532,-1.6235836137095605,1.6595742239626328,-0.9783133470420285,0.3279193706347914,
KIAA0232,6.0195248701962,0.8142538998559397,0.7816748040410099,1.0416785799497517,0.29756072315091964,
SORCS2,2.5328757569248315,1.2872399411586153,1.2698677608732998,1.013680306580402,0.31073532407627547,
AFAP1,2.0598994264348227,0.645668887407767,1.2233972732028464,0.5277671460860869,0.5976609626509167,
ABLIM2,1.8961956607840882,-0.06475200445253163,1.3068438300109895,-0.049548387470281834,0.9604822769022515,
SLC2A9,6.465802160904913,0.41062129759649285,0.7638650525479008,0.5375573816695108,0.590882659736296,
WDR1,1.5971903206545146,0.10433555509920843,1.4116603249033775,0.07390981616370765,0.941082145045302,
HS3ST1,2.0976523581697437,1.0936620968841946,1.2752511948919862,0.8576052320239761,0.39111048503365853,
RAB28,3.903889562360573,-0.2760016230632529,0.9473346194920531,-0.2913454416046158,0.7707871366566381,
BOD1L1,6.622540088429577,0.21528605987650384,0.790273525465924,0.27241967867970396,0.7852993432841301,
LINC00504,2.4279780133526363,0.509784968527641,1.1882139068360054,0.42903467599121475,0.6678979897819872,
CPEB2,5.124550523292021,0.4170714930707473,0.8779620979681597,0.4750449866070106,0.6347549087572817,
RP11-665G4.1,1.4960878515997926,0.056831172145068054,1.5155022783767156,0.03749989225086553,0.9700864260591241,
CC2D2A,1.599641023671424,-1.1873574641927729,1.4715557951732023,-0.8068722015756262,0.4197401159031614,
FAM200B,1.674766514890753,-1.769071465120476,1.507707188601458,-1.1733521458907803,0.24065461899014384,
TAPT1,5.603294845266835,-0.18609617742243487,0.819341032381756,-0.22712908308945398,0.8203233699164588,
TAPT1-AS1,5.592202089315941,-0.3701445315848797,0.8195392891672523,-0.4516495261148368,0.6515214851632696,
LDB2,2.067467412691919,1.7363573123437515,1.257720456296432,1.3805590134525962,0.16741459288466776,
LAP3,4.476375280498451,1.8338407840992361,0.9035737500117434,2.0295418985726426,0.04240312594553116,
MED28,2.101482844013354,-1.2191253517460956,1.274523487502762,-0.9565342370698788,0.3388023956358034,
DCAF16,2.073674782264021,-0.01675718279932766,1.3032433320530932,-0.01285806141277459,0.9897410340030401,
RP11-608O21.1,2.879201416976093,2.0921696119532838,1.3562052016450357,1.5426644945879469,0.12291220081445704,
SLIT2,2.8446433067973818,-2.139106234234451,1.386100691244394,-1.5432545757653682,0.12276902022167524,
PACRGL,1.9904489157407708,-0.9340113780613308,1.2861846926997997,-0.7261876022647802,0.467723771182762,
DHX15,3.6110265871699254,-0.3053436709126392,0.9875798392773476,-0.30918378319273065,0.757181729102554,
CCDC149,2.3278782446609463,-0.18812723142210014,1.1547055108101927,-0.1629222599709442,0.8705796440715038,
ANAPC4,3.69512964078009,0.2292113136019936,0.9404207650186411,0.2437327227642088,0.8074378283859573,
TBC1D19,3.1976153025603153,-0.20148540260367706,1.0679623807423844,-0.18866338949469016,0.8503566471787133,
STIM2,4.8519732806429365,-0.45294743040277496,0.8638363626143182,-0.524344019313997,0.6000392852536125,
PCDH7,1.7134349169325613,-3.7936965131891824,2.1462822452684724,-1.7675664612855426,0.07713340905557023,
C4orf19,2.6681800404132194,-1.363512930022838,1.1993850926975445,-1.1368433194014047,0.2556037904054016,
RELL1,1.6584532259885005,-0.049484187578539555,1.3424488018900302,-0.03686113579070643,0.9705957278194692,
KLF3,5.0432915563818534,0.097465376937834,0.8366655534893465,0.11649263738820227,0.9072621208849561,
FAM114A1,2.3024071523521843,-0.48400916944904565,1.232475922858764,-0.3927128802048905,0.694531556407553,
WDR19,1.324613259447573,0.009514133593853169,1.495850899643823,0.006360348879770424,0.994925210043492,
RFC1,3.054970807491736,-0.1891260108492285,1.0179342275279097,-0.18579394005497576,0.8526063569297806,
UGDH-AS1,2.2092053267016962,1.4976321893601185,1.2014340280337568,1.246537183411655,0.21256724702127805,
SMIM14,3.853782848522981,-1.0196147918831255,1.029424895230985,-0.9904703068739579,0.32194429561369264,
N4BP2,2.1923699256462394,0.07945874703900492,1.2111304327247612,0.06560709308595382,0.9476906418168951,
APBB2,3.44338577064816,-0.9826900504552218,1.051170757029565,-0.9348529188845983,0.34986410328115036,
UCHL1,2.6131823042847278,-0.4745316199743866,1.1954088845740194,-0.3969617643786248,0.691395656583918,
LIMCH1,4.118141153247937,-0.9223490401527031,1.0175118375787027,-0.9064749972320211,0.36468449288118476,
TMEM33,1.241974509710704,0.6565663067018163,1.6343916864266355,0.40171906903008353,0.6878907890416156,
SLC30A9,2.604244400146824,-0.2996676414506575,1.1736259942320981,-0.2553348706686832,0.7984644693973476,
ATP8A1,3.8060276100533668,-1.4463402764896378,1.0340831607647187,-1.3986692089832014,0.1619122017481498,
KCTD8,0.8826959531776023,-1.0551574940221051,1.9212709566606376,-0.5491976497974419,0.5828698171051199,
GABRB1,4.863565560439782,-1.672913505179531,1.0010046218708946,-1.6712345464028202,0.09467535911735937,
ATP10D,6.0588675935511285,-0.6987130733101148,0.7812348791691172,-0.8943700440682212,0.3711239346553651,
SLAIN2,2.5639506448871567,0.20671068348782948,1.1760981268875954,0.17575972511312882,0.8604827117046565,
DCUN1D4,3.4288987985962494,0.5644057826768333,1.003804082178596,0.5622668732845566,0.5739342048524668,
USP46,1.6886321726699312,0.12159633409575343,1.4836809444810928,0.08195585078318905,0.934681821268298,
CHIC2,2.0477879249364643,-0.14950780683103992,1.207252069725817,-0.12384141686747752,0.901440838289732,
EXOC1,6.143306156618145,-0.4950236876354966,0.7968822705721286,-0.6212005285047815,0.5344676917526798,
KIAA1211,1.9460274102586357,-0.2838487396717122,1.4459933586669091,-0.19630016830326122,0.844375229666052,
AASDH,4.108703387909201,1.5958480670452635,0.9234885302241183,1.728064848469718,0.08397659872685856,
SRP72,1.7882896728226327,1.0201586921667574,1.2851940363748486,0.7937779535954917,0.42732470935623845,
HOPX,1.4375818029096596,0.13338821634742012,1.4450429557617654,0.09230744028443327,0.9264537771187638,
POLR2B,5.030851701362989,0.8448473252534477,0.8454086161714665,0.9993360714484311,0.31763191706917726,
CENPC,4.067503207503471,-0.006554466036448983,0.9171623527522204,-0.007146462146838391,0.9942979967240939,
UBA6,5.1954059691383,0.22656921625561968,0.8493892031061423,0.266743697032027,0.7896665070968738,
UBA6-AS1,4.073391112803153,-0.2193633132665623,0.9032990036599134,-0.24284684515067978,0.8081240443979538,
YTHDC1,5.829780366422265,0.3133933454484192,0.7939353038693593,0.39473410984629487,0.6930391267003406,
GRSF1,3.041875797301458,0.859935165464253,1.044660617965716,0.8231718040054176,0.4104103006347085,
SLC4A4,3.0055546415938394,-1.6565481260293882,1.13710388375905,-1.4568133568879864,0.14516790786185757,
RP11-692D12.1,2.1891516469342656,-0.07121723213343771,1.1927762418605414,-0.059707118262474906,0.9523889022984267,
MTHFD2L,3.318187225047779,-0.12203423513459684,0.9991105220666888,-0.12214287852976018,0.9027858639278158,
RCHY1,3.8463448224687977,0.39669012229992345,0.9369200090455498,0.42339806863985735,0.6720048537690753,
THAP6,1.3410228490961993,-0.3041630323199195,1.5194374290385797,-0.20018134771918702,0.8413387542932697,
G3BP2,3.681395676515566,-0.5221467199381565,1.0023627570149611,-0.5209159221888,0.6024253431335231,
USO1,3.8192584233302145,1.0442631263820585,0.9261327947811807,1.1275522606115993,0.2595090578183902,
NAAA,2.2615202815097413,-0.25832234904448126,1.2007366138859634,-0.21513656372022208,0.8296608475450648,
SDAD1,2.0086612091712364,-0.2076204198077804,1.248423950238998,-0.16630602109806816,0.8679161278812615,
NUP54,1.9397653129469774,0.29080438707274925,1.3279338571929922,0.21899011422711687,0.8266577485792417,
SHROOM3,0.8319901249608413,-2.8807547524934227,2.4872687888240685,-1.1582000165954667,0.2467824215688299,
SEPT11,2.892441275413765,1.3897583310011314,1.1149358574069852,1.2464917347203301,0.2125839217367006,
CNOT6L,4.917090128976296,0.23248271144303848,0.8864075819901854,0.26227518374906295,0.793109293023333,
MRPL1,2.823864843461926,0.7707691821674575,1.117106584797495,0.6899692407660275,0.4902135309077015,
PAQR3,5.940292144399664,-1.3883823078646527,0.9599538345489301,-1.4463011218836743,0.1480927612398125,
LINC01088,2.3834145500748005,-0.3361158744940945,1.1428063272374167,-0.2941144675901561,0.7686704360247115,
RASGEF1B,4.085508613097905,-0.3195709875840224,0.9910969680893899,-0.3224416962954521,0.74711810045518,
HNRNPD,6.54596404145956,0.08037807730282229,0.8274242202579564,0.09714252415497791,0.9226132111394594,
ENOPH1,1.7940487750593526,0.093645368958726,1.2911390527891398,0.07252926689532914,0.9421807151817551,
LIN54,2.500669002652225,-1.0974251558725105,1.2489558400493057,-0.8786741057467548,0.37957800250938967,
COPS4,2.9327735317864136,-0.5732619071949995,1.0901643285188534,-0.5258490781604083,0.5989930718283369,
HELQ,2.4398794805282815,-0.3355904641367104,1.130630763951826,-0.29681702889787037,0.7666062038661164,
MRPS18C,1.8400115120479021,-1.6520662749082462,1.5402048065725087,-1.0726276582558316,0.2834382100412015,
MAPK10,5.492170397151263,-0.5821205416148514,0.8300541080176899,-0.7013043318405521,0.4831131109308504,
RP11-778J15.1,1.5939691514908487,0.23315814713197747,1.378808027891861,0.16910123992276602,0.8657170096585903,
PTPN13,3.926445639132613,0.5242675273260042,0.9586965334813298,0.5468545144543532,0.5844786871814747,
C4orf36,1.7886667552863014,0.42263974359552375,1.3208630293244061,0.31997242273613724,0.7489892358952626,
KLHL8,4.624143213516349,0.6001305816726168,0.8518221076401797,0.704525717623332,0.4811054400249656,
HSD17B11,4.866357797239341,-0.1460932909332935,0.8686088043192688,-0.16819227505733983,0.8664320179872039,
PPM1K,4.783751731261204,0.5817408575880891,0.8378499094171098,0.6943258584258902,0.48747787805499676,
HERC6,2.2838990077178,0.5863426981466702,1.2735807765024576,0.4603890926784405,0.6452369623304597,
PYURF,3.027865472717029,0.22788713381247488,1.1151974455986928,0.20434689364817712,0.8380824271759473,
CCSER1,3.9057562950777815,-1.6894981979536083,1.1106984363909589,-1.521113330674498,0.12823139973062722,
SMARCAD1,6.578038739333226,-0.4280638373150847,0.746446349881608,-0.5734689939645078,0.5663271870476414,
PDLIM5,4.84856126882767,-0.5171430063604878,0.8451866240827898,-0.6118684224584124,0.5406248154490697,
BMPR1B,1.599263941207755,-1.0482972036124258,1.521104213749905,-0.6891685619804505,0.49071719816605175,
STPG2,4.931877255858757,-0.05156709946736061,0.8701536403385272,-0.05926206255633061,0.9527433776762753,
TSPAN5,5.521713498103151,-2.2509883079545174,0.9399572156865881,-2.3947774115551543,0.01663045771931788,
EIF4E,4.908534511842791,-0.005019103405510854,0.8385832185039489,-0.005985218037710135,0.9952245154465884,
METAP1,2.001177344625583,-0.11632274343371876,1.3352719269910684,-0.08711539655884402,0.9305797872287854,
ADH5,1.5414766646766787,-0.47914344941147546,1.3951626673165094,-0.3434319600402381,0.7312735193199433,
H2AFZ,2.262432861364937,-1.184984781668286,1.2667108163430087,-0.9354816950954395,0.34954011248546046,
BANK1,3.3804721657160726,0.6793727607672992,0.9612288531872161,0.7067752476578848,0.4797061589868089,
CISD2,1.1974982764890132,0.02396738461280842,1.5993169121854798,0.014986013359951776,0.9880433388527994,
RP11-556I14.2,1.8713441875782955,0.21351541462447943,1.35909475313356,0.1571011985236448,0.8751650930271498,
INTS12,1.9397430875240094,-1.954879013706898,1.4435240839893098,-1.3542406637957938,0.1756596096589439,
GSTCD,2.4726274749538204,-0.17753197321266523,1.225221397329641,-0.14489787200876064,0.884791506596162,
AIMP1,2.9271205952419623,0.7675600283227602,1.0658194000028671,0.7201595582897959,0.4714267607604664,
PAPSS1,2.55179059588778,-0.6716317779970313,1.1374932298099993,-0.5904490333619102,0.5548896455714002,
OSTC,2.6261263115184814,1.0133528317222653,1.1649639260398583,0.8698576917888137,0.3843781788739472,
ETNPPL,2.5392472841861964,-3.1025298566652544,1.654262075504808,-1.875476626470143,0.06072718210403889,
SEC24B,6.630188148806474,-0.0020964982642247398,0.8161671764053601,-0.002568711809090797,0.9979504667602739,
CCDC109B,1.9576359166820556,0.41123130683472015,1.2451316847750304,0.3302713374521677,0.741194948353957,
PLA2G12A,1.7126095671335104,-1.1514676796171408,1.3897005254925343,-0.8285725294728807,0.40734633776539153,
GAR1,1.6379810721927264,0.8100812331684698,1.422550514847697,0.5694569189025951,0.5690460991003546,
ELOVL6,2.5304694792244526,0.5386133761291444,1.159903926583061,0.46436033518382447,0.6423896031480234,
LARP7,6.231399613805937,-0.532694309742412,0.8058632349678949,-0.6610232191119058,0.5085974231731255,
UGT8,4.209866739412611,-0.2382201331193734,0.9009935050068184,-0.264397170229957,0.7914738917997399,
SNHG8,4.603480217068973,0.8986812972869972,0.9313711802407574,0.9649013372463275,0.3345942315879016,
METTL14,1.6974958200422858,-1.3709301365641269,1.465167794243122,-0.9356813205632352,0.3494372909090605,
C4orf3,1.9007552212097807,0.6924062866964907,1.243197916922631,0.5569557970386961,0.5775576305891368,
PDE5A,4.477851556435129,-1.174165868650579,0.9831861973831512,-1.1942456797865344,0.2323818792327511,
RP11-679C8.2,3.0576922713673085,0.42391632126159584,1.0249719158316972,0.41358823077373363,0.6791756939497485,
ANXA5,3.3084231768551597,1.3568732213047632,1.1195854308846531,1.2119425493350826,0.22553437305854263,
FAT4,0.8698331772035992,-1.7787828033412132,2.010481311229294,-0.884754706948054,0.37628894277090585,
INTU,2.0482036899552587,-0.37003510452429994,1.2527360711981659,-0.29538153568962366,0.767702436765976,
MFSD8,2.132645143473967,0.019906345454520084,1.2464951763437897,0.01596985358010709,0.9872584419855914,
LARP1B,3.063483875920616,-0.7159385618102682,1.1086507434400381,-0.6457746644256772,0.518425298122261,
PGRMC2,1.448226110083029,-0.4543557624269534,1.4744054424087003,-0.30816202203152715,0.7579590491551006,
RP11-420A23.1,1.0484793381779711,-3.1777121524173397,2.319683675120144,-1.3698902943103894,0.17072114987877218,
RP11-745L13.2,2.6343713536276527,1.4327794609514377,1.2736665241311955,1.1249251148598554,0.26062076843492843,
PCDH10,1.7214998994682027,-0.10724425389010123,1.431824572798691,-0.0749004144275008,0.9402939468196854,
SLC7A11,1.5138136070874773,-2.247777643549698,1.8471906613912619,-1.216862823384308,0.22365641243382828,
LINC00499,2.555795723285822,-0.24166201091201941,1.1614059452718817,-0.20807712574215131,0.8351687472808044,
RP11-371F15.3,2.9733215907725867,1.678620182208614,1.123989744613682,1.4934479520411994,0.13531996884689923,
NDUFC1,1.8558146754682767,0.2267694293685792,1.2750248313658228,0.17785491214760177,0.8588369210955619,
NAA15,6.315245242732321,0.1659566235127531,0.8303580372061916,0.19986152488043335,0.8415888819887463,
RP11-83A24.2,5.043258872623121,-0.35610621850374985,0.859319531459532,-0.41440489301914574,0.6785776061001926,
SETD7,1.7775906379097073,0.013002211579425773,1.3273235211678192,0.009795811926836071,0.9921841979012823,
SCOC,1.4450950614271998,-0.05737951621285142,1.404498065443892,-0.04085410839972685,0.9674122030693542,
ELMOD2,2.5900432329107943,-1.2959592706575258,1.1774701434576158,-1.1006302604429266,0.271057609860501,
ZNF330,2.8767729138527467,-0.5061637528058004,1.099768457529865,-0.4602457447658296,0.6453398396508756,
INPP4B,4.159183136618819,0.41204200777314753,0.8911597447604694,0.46236604626244454,0.643818843885396,
RP11-284M14.1,2.181077775150538,-1.0436680271236947,1.2429348823557214,-0.8396803742008123,0.40108762080686367,
SMARCA5,4.084731992242015,1.774710616006004,0.9492084228056444,1.869674323749006,0.06152905719363676,
HHIP,4.8488809145422325,-0.27839735577493585,0.9196930089725995,-0.3027068304954682,0.7621132918967315,
ANAPC10,2.4749109483876306,-0.8734426327848597,1.153860281464641,-0.7569743467347398,0.44906523164512824,
ABCE1,2.980845126183748,-0.3483724998104699,1.0627916672908395,-0.3277900180554724,0.7430704351656776,
OTUD4,4.471999225345871,-0.4667263641759175,0.8881249813073249,-0.5255187884580093,0.5992225956909443,
LSM6,2.111395211682354,1.1696823608893019,1.3077373919289137,0.8944321452520522,0.37109071980618735,
SLC10A7,4.732758941088611,0.5701513035230134,0.8809275569758787,0.6472170146206757,0.5174915009039159,
PRMT9,1.4618270057999385,-2.6375607699818358,1.7949519581541962,-1.4694325148925547,0.14171551356600895,
NR3C2,6.467833051311385,-0.8084664250404533,0.7682628283625894,-1.0523305243903969,0.29264793177710413,
DCLK2,3.358145470850595,-0.35491327059048167,1.072593956798645,-0.3308924764500687,0.7407257050899906,
RPS3A,6.23067502429263,0.41137368578424166,0.8147328945603288,0.5049184690232003,0.6136161015588151,
KIAA0922,6.176376531297201,0.8248596844559997,0.7724349690959187,1.0678694226148777,0.2855794171751065,
RNF175,1.566456940945434,-0.3395991328635015,1.4360468237513244,-0.23648193585803914,0.8130587229145698,
GUCY1A3,2.1699751542537498,-1.7838832719899191,1.3710633178534315,-1.3010947406738358,0.1932260277748954,
CTSO,1.2805112182378584,-0.8951369383420335,1.6737810374087478,-0.534799306681018,0.5927886425373033,
GRIA2,3.466045278573514,-1.6111465105257154,1.0865121436731402,-1.4828610245247318,0.13811133857136743,
FAM198B,2.5777350714065848,0.25079331045836073,1.1113409953324613,0.2256672897982451,0.8214602007915931,
RP11-597D13.9,5.005386426408477,-0.5622884481949053,0.9255659956080219,-0.6075076773164374,0.5435140492244314,
ETFDH,2.1873073701456085,-0.7932410333089377,1.2139955961621585,-0.6534134356142929,0.5134897794005141,
FSTL5,1.4991641725160656,-1.8537821341356142,1.6013080345064452,-1.1576674157555116,0.24699978606631579,
NAF1,0.8698331772035992,-1.7787828033412132,2.010481311229294,-0.884754706948054,0.37628894277090585,
TMA16,3.073808900263709,1.673329989331099,1.1183638599488712,1.4962303855273003,0.13459362889841825,
TMEM192,2.0379689675621466,-1.0906364422691102,1.2681668543490037,-0.8600102096415172,0.38978341460132604,
KLHL2,4.681488221508436,0.4688328712018717,0.8432198926414488,0.5560030963373244,0.5782087380694192,
DDX60,2.1629202094596285,-0.5677864193994279,1.1965094817256567,-0.4745356623338598,0.6351179732939622,
PALLD,2.709325493079394,-0.0643930900757766,1.0974853477076438,-0.05867330275550074,0.9532123240082777,
CLCN3,5.8899827717598265,-0.5223706020636437,0.7971789821506711,-0.6552739268844808,0.5122914045892835,
C4orf27,1.4664384035134947,0.5320978630353757,1.447007838855023,0.3677228614437984,0.7130798921814572,
MFAP3L,2.2251831061470977,0.815846563899485,1.3134259399175792,0.6211591678710727,0.5344949023361905,
GALNTL6,2.989793076709688,0.9711421922904843,1.0510221427440816,0.9239978424764286,0.3554874391116494,
GALNT7,4.070456724153175,-1.4296519699326578,1.0118038425573432,-1.4129734537469236,0.15766352962330576,
HMGB2,2.077653406141869,0.3513762183521554,1.2817929536551347,0.2741286861892774,0.7839857295124127,
SCRG1,1.6001440187463623,-1.3128788649145742,1.5273734048947105,-0.859566403806198,0.3900281011107808,
CEP44,2.511000025791711,0.5685046234783132,1.1240355893686884,0.5057710172661102,0.6130174068694754,
WDR17,1.4823775004037707,-1.2011248046146226,1.5958153365804362,-0.7526715510758476,0.4516473094822636,
SPCS3,1.5975320103499027,0.8329314649246714,1.4189717569447577,0.5869965070468266,0.5572060526241396,
RP11-130F10.1,1.3370177216981567,-0.9898652826807436,1.5815573856681957,-0.6258800924017899,0.5313935930561091,
TENM3,2.7442699123247416,0.6137829011593736,1.2009936055550428,0.5110625887768253,0.6093072311725499,
TRAPPC11,2.644754188525598,-0.24794005404627997,1.0895080029048974,-0.2275706588526294,0.8199800323001794,
STOX2,1.3992744381470885,-0.7290571064632593,1.5675194976220734,-0.4651024166329278,0.6418581154720204,
IRF2,3.80394510025204,-0.4140643543636454,0.9395026639283656,-0.44072717434595443,0.6594105212219381,
PRIMPOL,3.1488144776681612,0.013709672182506863,0.988982622837336,0.013862399465801105,0.9889397597255979,
SLC25A4,1.292999802199885,-0.2218085491775699,1.5130053376105732,-0.146601299852559,0.8834467276359135,
CFAP97,3.4298173772478386,-0.6635882726168782,1.0299261810599603,-0.6443066355823083,0.5193766135921257,
SNX25,1.4383746503921226,-0.6762558071412698,1.6036153170881389,-0.42170700163254987,0.6732388932533833,
ANKRD37,2.125670272799646,-0.6555205356101093,1.2712322948975245,-0.5156575538878608,0.6060936052163628,
UFSP2,1.2823879973431038,-0.9028416854811957,1.6324705548817977,-0.5530523553893857,0.5802275601327496,
CYP4V2,1.9669358337970044,0.1534091016542654,1.2276749414877468,0.12495905591129682,0.9005559648494467,
AF146191.4,2.5083332896556954,0.7397886151741032,1.0892476851219028,0.6791739154270591,0.497027672821687,
FRG1,3.457884202263047,1.0565955940000682,1.0076782307142136,1.0485446264440816,0.29438775281486407,
SDHA,2.672772284597644,0.06121717530490518,1.1021874372126035,0.05554152881629775,0.9557070457816303,
PDCD6,1.0561020521746238,1.0576004326821256,1.7480815345037617,0.6050063522822766,0.5451747759675348,
EXOC3,2.3411242833371553,0.4810949702887118,1.1975117180361514,0.4017455220210114,0.6878713188733983,
TPPP,4.252211915331956,1.1052150425023868,1.004861537980233,1.099867992483685,0.2713896423183456,
ZDHHC11B,1.229431198009121,-2.0918100064124228,1.8219979660295258,-1.1480858076756628,0.2509331424432856,
BRD9,2.28114504152564,0.3196991495474996,1.1645600342347342,0.27452354550152763,0.7836823117036892,
CLPTM1L,2.1683024106748228,1.1851981982901678,1.3144696532074092,0.9016550480250275,0.3672401390057267,
LPCAT1,2.0776474073454754,1.3656204228142201,1.265788995133948,1.0788689331824282,0.28064615979464813,
MRPL36,1.3570166737260312,-0.2758481775336161,1.50191216906647,-0.18366465311022323,0.8542765398681037,
NDUFS6,3.6322189262996947,1.8269328067159465,0.9880410652963711,1.84904542015968,0.0644512544785447,
ICE1,5.9663372242914745,0.8908881975627448,0.8357200134178969,1.0660127593680844,0.28641787411290776,
MED10,3.1590817023778626,0.014644248227099435,1.0250148837158413,0.01428686398582986,0.9886011195841646,
NSUN2,2.3287583221995543,-0.32789267751159107,1.1631191169082966,-0.28190808038919285,0.7780139934745693,
PAPD7,3.160420093639889,0.5895277903615321,1.0086820176960805,0.5844535542609018,0.5589152048693732,
ADCY2,5.045403678048076,-1.0709240032761838,0.9068771243930847,-1.1808920684738686,0.23764560259104694,
MTRR,1.1925229510445263,-0.7836547417900079,1.618523659062465,-0.4841787374575312,0.628259025449275,
CCT5,2.717335747875479,0.8489258395580669,1.1314658155676034,0.7502885441856683,0.45308094064853854,
MARCH6,5.774946606540894,-0.6366956664589944,0.8234433979419536,-0.7732112104490715,0.43939739266485955,
DAP,5.010385364921465,-0.14055079132861087,0.8633851667342385,-0.16279037067574997,0.8706834902192117,
OTULIN,2.5811530820182456,-0.4080581163476975,1.0968813722966642,-0.372016634299569,0.7098804644206376,
FAM134B,1.9637560561980132,-2.02705901489231,1.4522060600100029,-1.3958480622772966,0.16276025364270075,
MYO10,2.554514950215044,-0.11128125562577933,1.1050628773800915,-0.10070128850007838,0.9197875885002214,
BASP1,4.227626500023043,-0.558716449143362,1.0167350372580681,-0.5495202079886113,0.5826485004320623,
RP11-774D14.1,2.140790200129408,0.6190565996572108,1.3237253727342633,0.4676624112586878,0.6400260256127983,
DROSHA,1.8624478564472096,0.23716278379152125,1.2818966374668892,0.18500928769122157,0.853221750807478,
PDZD2,6.55239441864497,-0.17507393519119552,0.7680461270129085,-0.22794716233007323,0.8196873174684556,
SUB1,4.1513221896094965,0.7042371016674646,0.925516879170194,0.7609122183691281,0.4467095001252962,
TARS,2.4821434251878762,0.30715453400763526,1.2098326729462687,0.2538818308317225,0.7995868518997142,
C1QTNF3-AMACR,3.9239786348962844,0.08517281323156917,0.9213088361410176,0.09244762439088604,0.9263424026131232,
BRIX1,1.3446182102718414,-0.5902820220352978,1.506216708454865,-0.39189714117620683,0.695134215388417,
LMBRD2,2.7493322863832295,-0.14743887874268818,1.0989382802905971,-0.1341648401798327,0.8932722279733178,
NADK2,1.6393254622511468,0.606101346221508,1.3299181645579627,0.4557433399843543,0.6485745524002307,
RANBP3L,1.9837550082258872,-1.5776133262306222,1.4271607464583813,-1.1054209066116776,0.26897724885822394,
CTD-2282P23.2,2.5620889352685348,-0.11230882420029527,1.255250574942958,-0.08947123900373348,0.9287074098434034,
C5orf42,3.5209070812321044,-0.43431972537411434,0.9893121862799027,-0.4390118017319497,0.6606529849549989,
LIFR,3.141653367181773,-0.004995664405495437,1.1804361915370092,-0.00423204950958911,0.9966233231152658,
TTC33,1.4949208121053534,1.0252046789324283,1.4210262610163347,0.7214537176809034,0.4706304064872593,
PRKAA1,4.176234389351239,0.6461625989335072,0.9356184655094603,0.6906261716218488,0.48980049606800613,
PLCXD3,2.2663536491585274,-1.0551216210457253,1.293504970402341,-0.8157074345972809,0.4146674858493157,
OXCT1,1.87753510001824,0.20474028642664,1.2620182851995363,0.16223242470236374,0.8711228267891029,
ZNF131,4.382715115595138,-0.24786652108133883,0.876187815636763,-0.2828919971926381,0.7772596294343801,
HMGCS1,2.0941055444951204,1.380787565264244,1.2327013197395316,1.120131489399235,0.2626577335431233,
C5orf28,3.8818303259543394,1.384931195219177,0.9891021296847121,1.4001902873878556,0.16145634356069516,
PAIP1,1.576508132536028,-1.3109097141341013,1.5198289064850317,-0.8625376899600455,0.38839170202888706,
NNT,3.7670428520838395,-0.6172590276318198,1.009942779949129,-0.6111821777298228,0.541078980804194,
EMB,3.7527422757567344,-1.4299940189156939,1.004493192771123,-1.4235975208261296,0.15456301393282282,
NDUFS4,4.257263986967419,-0.9525838687062597,0.9378486582391595,-1.0157117146115728,0.3097666878804409,
SNX18,2.9283526393695776,-0.7199364613613747,1.0750356568699118,-0.6696861232096724,0.503057899607813,
DHX29,3.800084821101391,0.039579247943352665,0.9526078855860325,0.041548310214757474,0.9668587800982832,
SKIV2L2,4.816157854549211,-0.42716382065241687,0.8632972044587895,-0.49480505490598753,0.6207377358404744,
PLPP1,4.981138271086235,-0.8422175194276318,0.9844712386124729,-0.8555024122539777,0.39227306955788255,
MAP3K1,5.584224518278588,-0.3488342953870127,0.7957924259952085,-0.4383483481270442,0.6611337830663222,
ERCC8,2.7710792144533873,0.05080837317294083,1.215904748589828,0.04178647483025866,0.9666689171180092,
NDUFAF2,3.2187027973618325,0.766613953002527,1.0607221120217074,0.7227283605329785,0.46984678807491886,
KIF2A,6.043361875951756,0.13516004520429847,0.824301180940948,0.16396924853366332,0.8697553522392527,
IPO11,2.291795347495403,-0.8436926619239848,1.1995062833274979,-0.7033666047863742,0.4818273126588337,
RNF180,1.7029294592101916,0.43134451142299673,1.3839632521520495,0.31167338493436164,0.7552887568472517,
SREK1IP1,3.3893978908190454,0.622345893471639,0.9963170624439913,0.6246464272578135,0.5322031412818942,
CWC27,6.031813696729134,-0.48968880931354486,0.8069977879427689,-0.6068031618300704,0.5439815495736429,
PPWD1,3.181498673663915,-1.0134881411017458,1.107837788605663,-0.9148344202785621,0.3602785619941209,
TRAPPC13,4.420229632875247,0.2053751567887512,0.920133205060481,0.2232015491444543,0.8233786463111745,
NLN,3.1244820447217383,0.9741055565691707,1.0027859123708713,0.971399323177674,0.33134946545266064,
SREK1,4.549578154121064,0.34499545389019215,0.8986865349002697,0.383888531197897,0.7010610670865491,
MAST4,2.0640139837825724,-1.857960368474123,1.4806205957467256,-1.254852440801752,0.20953233151768147,
SLC30A5,1.5793197169194368,0.04077454064931731,1.374967145236905,0.029654919967045404,0.976342264748956,
MRPS36,1.149010917072886,-0.00827943758362711,1.6079716734363907,-0.005148994674721572,0.9958917147986345,
CDK7,1.0507525347181612,0.4295641428218622,1.740796312291542,0.24676301287448987,0.805091636850473,
CCDC125,2.333965881860316,-1.3664924146026294,1.2236588925317282,-1.116726583644059,0.2641112478362123,
AK6,1.2076366981357516,-0.5264497934617973,1.639762697519809,-0.32105242682863117,0.7481706612371493,
RAD17,1.4157325752967338,-0.47061675158378163,1.504678162556108,-0.31276904476656336,0.7544561349735605,
GTF2H2C,4.568046294836306,0.1195706155146441,0.9197924256986842,0.12999739090460216,0.8965684909314298,
GTF2H2,4.601925974129983,1.0182676394022088,0.9333618651673408,1.09096769152835,0.2752870992605898,
BDP1,3.6387708760188775,0.811571022309584,0.9742912187017276,0.8329860792454096,0.4048525803571379,
MCCC2,2.01224341561414,-2.0245624271865434,1.4766192600469024,-1.3710795206086073,0.17035016827961857,
MAP1B,2.9092279475260594,0.8548872905233859,1.1193919344215861,0.7637068521179979,0.44504195650538714,
MRPS27,4.707743090609432,0.04512884653886808,0.9217137795765322,0.04896188766929563,0.9609496687253625,
BTF3,4.717325885637703,-0.5358212794489201,0.9506321558394318,-0.5636473331535652,0.5729941669425627,
ANKRA2,1.8593228065877743,-0.4630042890871118,1.2806736699404182,-0.3615318249719716,0.7177019186041795,
HEXB,4.015680789434601,1.4377718772675325,0.9727286819847409,1.478081096913812,0.13938607304805353,
GFM2,1.8659559875667073,-0.3979577214330156,1.3122327133338305,-0.30326764253725447,0.7616859032364316,
NSA2,1.780305921546742,-0.03363657030803251,1.4137920534266843,-0.02379173813186015,0.9810187302013308,
POC5,3.242036652129712,1.8377110263936627,1.0873797835348356,1.6900360428071075,0.09102105937420145,
IQGAP2,6.261827046859622,1.8689218875786375,0.8322615578376793,2.2455943927463533,0.02472999997604317,
S100Z,4.601748260681716,-1.0957866290130316,0.9151757212439646,-1.1973510699383165,0.2311697466132583,
AGGF1,1.112047942368735,-0.8298607587238116,1.73278387720816,-0.4789176363187734,0.6319972238343933,
WDR41,6.035693310851059,-0.05944919612775663,0.7958774964047756,-0.0746964154613078,0.9404562597548326,
TBCA,5.255305149442591,-0.5954997360479156,0.8386229749876221,-0.710092322544234,0.4776468869476669,
SCAMP1,1.6375388036537382,0.653112852853572,1.3399617090961549,0.4874115793160363,0.6259666893472754,
DMGDH,0.9196589278817532,-0.029075224514045605,1.751534883026161,-0.01659985467364017,0.9867558404965732,
THBS4,1.2476434914395866,-0.6557933325205644,1.576009874296696,-0.41610991353288074,0.6773295760681366,
SERINC5,3.315426102919274,-1.5345633490239838,1.1306898156016036,-1.357192156371809,0.1747201623448842,
DHFR,3.8932170564972473,3.3510364876123697,1.18527122274398,2.827231795820118,0.004695232796014199,
MSH3,5.1358038097904535,-0.019187339694847545,0.8501190930595661,-0.02257017852144997,0.9819931318581445,
RASGRF2,0.9810090632718834,0.47433401164526484,1.688421143309907,0.2809334706123149,0.7787614281767539,
CKMT2-AS1,1.8753166312176066,-0.44662905382630347,1.2725074571119959,-0.350983447153972,0.7256007666728672,
ATP6AP1L,1.8971111310909763,-1.3824024222830542,1.3869235330678131,-0.9967401874169959,0.3188906375557716,
TMEM167A,3.4471497745818405,1.3087897443339938,1.0273849493398541,1.2739039492207436,0.20269745864062916,
VCAN,1.6064637342492694,-0.4891583140299165,1.4695025991655417,-0.33287339151879386,0.7392298556170536,
COX7C,4.799248559612491,0.045924853607042786,0.8371033038067556,0.05486163224801283,0.9562486988504397,
CCNH,3.5313769282931844,-1.0302105118746925,1.065138392777667,-0.9672081288780798,0.33343999932671053,
TMEM161B,3.7467420500556528,0.6986977037202557,0.9616611988526068,0.72655286971534,0.46749990877515235,
CTC-498M16.4,1.2894429421372249,-3.3422308967857437,2.2441309576893973,-1.4893207926809102,0.13640291495733822,
LINC00461,2.532610994862562,-1.5781311976734556,1.2427876934813729,-1.2698316904415892,0.20414458971441074,
CETN3,1.3521314687893815,-0.7373815749754727,1.4831361456290681,-0.4971772666646961,0.6190640511351488,
ARRDC3,2.887971835495909,0.914813366575409,1.1000072962855518,0.8316429987914661,0.40561048378920517,
NR2F1-AS1,1.2334423242035573,-3.2634666354394435,2.262340210483374,-1.4425180705876979,0.14915627751552155,
KIAA0825,1.54230201447573,-2.6330567910914886,1.7552189172794788,-1.5001301348623934,0.13358069631870492,
SLF1,2.7172057876725666,-2.513072065423173,1.3913822019848785,-1.8061694779753152,0.07089187092845582,
MCTP1,3.625476471283793,1.6689354043104137,1.063685483065174,1.5690121101409775,0.11664511725311195,
RHOBTB3,3.0528070664306584,0.157113614119957,1.0064695078406138,0.15610370000880122,0.8759512819341442,
CTD-2337A12.1,5.590535525975551,1.042580615122502,0.8172363155409856,1.275739459072307,0.20204763492681177,
LNPEP,5.93297865592379,-1.314783334484827,0.833657827425329,-1.5771258797454193,0.11476656344421901,
CTD-2215E18.1,2.491369266979419,0.7700713087312188,1.167009604870067,0.659867155778,0.5093390828845221,
RGMB,1.4207079007412204,0.3134902287782107,1.4598725200575982,0.21473808464169333,0.829971527907668,
CTD-2007H13.3,1.5658638253626587,-0.804133795148031,1.4709937065146999,-0.5466602553000081,0.5846121642834102,
PAM,2.38124481021733,1.0690187696623061,1.186888986697044,0.9006897710267283,0.3677532888462105,
PPIP5K2,4.423607985233975,-0.8279703045044196,0.9308691301177313,-0.8894594070379177,0.37375622988861457,
TMEM232,3.061232904803394,-0.5942797554953043,1.044105040995705,-0.5691762151905452,0.5692365601435363,
SLC25A46,5.951855200745306,1.4202125034005688,0.8889331767049086,1.5976594648711424,0.11011878457615072,
WDR36,2.5129800801375324,1.8931703743423005,1.2083434804924764,1.56674853210671,0.11717348189201003,
EPB41L4A-AS1,1.5580311025726985,0.9818486620714016,1.4685248111332858,0.6685952151626857,0.5037537256581592,
APC,5.910886891671564,-1.6627543968583915,0.9715956853399961,-1.7113645335678227,0.08701384009917211,
REEP5,3.357784433571357,0.5086365130259829,0.9771326595319288,0.5205398755882672,0.6026873427248708,
DCP2,5.317752371188242,0.22972534377092813,0.8867984837497517,0.2590502216462461,0.7955964913830574,
MCC,1.4196564714350257,-1.698042622177593,1.6101839822411523,-1.0545643484877758,0.29162461624423663,
TRIM36,1.758839956636022,0.14233363839321653,1.3090828065806985,0.10872775784519662,0.9134184247918875,
PGGT1B,4.409952361777509,-0.741787528449826,0.9367087311905937,-0.7919084169387264,0.4284140788230959,
CCDC112,2.262026167036373,-0.2698399418526752,1.1898096477077154,-0.22679253137049968,0.8205850715032429,
ATG12,3.1565050867496836,0.3028617008570856,1.017335334521318,0.2977009552111838,0.7659314143146325,
AP3S1,4.500656094050019,0.15140884950500302,0.9094337891397741,0.16648694090002902,0.8677737594047624,
SEMA6A,2.0548368709341918,-0.3093285491151039,1.2486731208133468,-0.2477258010596215,0.8043465676153033,
SEMA6A-AS1,2.7928443203548703,-0.5500991997770698,1.108030039826045,-0.4964659621172658,0.6195656965113054,
DTWD2,3.089688809875059,-0.381422032905826,1.070455586883237,-0.356317476016341,0.7216028230989432,
HSD17B4,6.0460922290754135,-0.011156611398243498,0.7877803059403116,-0.014162084675278503,0.9887006689977885,
SRFBP1,5.450351854904764,1.0345674099509587,0.8686010391241014,1.191073189360006,0.23362485393982468,
SNX24,4.526816346652942,0.5447324833919049,0.9154075380433986,0.5950710047201727,0.5517960093649112,
CEP120,2.2981417479606474,1.6821311686656668,1.3338826714950325,1.2610788074638628,0.20728045518381244,
CSNK1G3,4.18930717411855,-1.1952746797998532,0.9646113582269432,-1.2391256536693633,0.21529896794992842,
LINC01170,2.662079248481112,-1.5699690495853666,1.23678438231774,-1.26939592060763,0.2042998904155372,
ZNF608,2.621111146378919,-2.6724489612923925,1.4251435255742548,-1.8752139088696642,0.060763301442413306,
GRAMD3,3.1482051354588116,-2.8051241342211326,1.3192971346189162,-2.1262262007651542,0.03348442950069074,
ALDH7A1,1.5658090976231023,-2.6963691491613484,1.7694625525985288,-1.5238351019079883,0.1275499085426877,
PHAX,1.3330938255598648,0.23300622707456212,1.4582876011944912,0.15978070915758008,0.8730538206958915,
MEGF10,2.2268498509296304,-1.000796990851013,1.2414629831656208,-0.8061432394053903,0.420160262262837,
LINC01184,4.973944502370521,0.8326038913096542,0.8458890822792703,0.9842944054392818,0.3249707794695115,
SLC12A2,4.91173074657394,0.0796191068614006,0.9277521944062052,0.0858193678672565,0.9316100099469078,
CTC-575N7.1,4.7027178300183925,0.2701910042492599,0.9665588461180373,0.27953911480342897,0.77983112461506,
HINT1,4.096056800967043,-0.08106132703212028,0.996699263538131,-0.08132977518651402,0.9351796952428981,
C5orf56,3.0083012213440727,0.1379298378885269,1.1356207642146252,0.12145765755165341,0.9033285507275483,
RAD50,4.938899698336289,-0.2009286174818338,0.8820638676689387,-0.2277937288292229,0.8198066022111142,
KIF3A,1.0880349736947317,-0.7037252272211838,1.7426264714352027,-0.4038302176378657,0.6863375740850082,
SEPT8,3.1832660228194527,1.0621015521727817,1.1134548126650061,0.9538793492936525,0.34014471769965415,
SHROOM1,3.0444464141332426,1.5393185622119803,1.1512751241533503,1.3370553483851202,0.18120457078382135,
UQCRQ,4.082809374645301,0.23325714740201373,0.9492787133327458,0.24572040237064843,0.8058986775196141,
AFF4,5.55570960737014,-0.24276188624346626,0.8242264881027999,-0.2945329830423847,0.7683506637102674,
ZCCHC10,3.483615753007447,0.7355749415515493,0.9500339154402089,0.7742617706555376,0.43877600609666234,
C5orf15,3.562282059105005,0.9639579872755171,1.0179829287975946,0.9469294228873859,0.34367474383472085,
VDAC1,1.7779677203733757,-0.33263980629538864,1.3603439350275588,-0.2445262537879068,0.8068232714027932,
SKP1,4.627419266332309,-0.4887907608669054,0.9613765856550555,-0.5084279856200751,0.6111532306820715,
CDKL3,1.821566984401161,-0.512816231603499,1.3256744846234876,-0.3868342021753152,0.6988789549552387,
JADE2,1.2272349546314556,0.19721132643414946,1.5756801733266312,0.12515948970646115,0.9003972875259207,
SAR1B,2.406553440006591,-1.154846782347024,1.2483632704568772,-0.9250887219105478,0.35491975906035356,
SEC24A,1.2210053596363855,-0.1193630755238015,1.5478536199691426,-0.07711522199765962,0.9385318836572577,
C5orf24,1.8433200927098559,0.9678349659233788,1.396396031312925,0.6930948987397202,0.48824999880269326,
TXNDC15,2.1576581035014537,1.7324523624245232,1.3238323268871452,1.3086644941646088,0.19064802386777802,
PCBD2,2.423763033074024,0.11564104800869984,1.167133822401391,0.09908122426849654,0.9210737795874021,
SMAD5,3.878805854938505,0.7998465595151558,0.9222037074659049,0.8673209108137611,0.38576620243807114,
HNRNPA0,2.7171479389757347,0.6970877034353575,1.188554378021605,0.5865004717711672,0.5575392445874209,
RP11-381K20.2,1.4788722597359651,-0.46800839503293584,1.5910585123978298,-0.29414907835640586,0.7686439897132765,
BRD8,1.5051008067589098,0.521811081651064,1.425727927492779,0.3659962546772143,0.7143678703118398,
FAM53C,1.4396583139145926,-1.0453507894448917,1.5392041978383928,-0.6791501679328498,0.497042717963348,
KDM3B,5.483241781596598,-0.4966681067462027,0.8192468418816503,-0.6062496446192615,0.5443489911560393,
EGR1,1.1129605222239305,-3.1814990269505325,2.284765789179571,-1.3924836593832957,0.16377598649097835,
ETF1,1.8451703682949072,0.6751364197451645,1.3211366533936793,0.5110269388188594,0.6093321936361309,
HSPA9,3.6737862986937952,-0.02408385627941782,0.9379210161884814,-0.025677915158879443,0.9795142391984444,
PAIP2,3.709787964599588,-0.3736037457837329,0.952019951816734,-0.392432684914625,0.6947385398444497,
PURA,4.90155057047824,-0.645183546106323,0.889522428921682,-0.7253145341016783,0.46825909132133325,
CYSTM1,1.9904489157407708,-0.9340113780613308,1.2861846926997997,-0.7261876022647802,0.467723771182762,
PFDN1,3.289216890867605,-0.6300993610900668,1.0847143368923475,-0.5808896772723314,0.5613148099784271,
CTC-329D1.2,0.9196589278817532,-0.029075224514045605,1.751534883026161,-0.01659985467364017,0.9867558404965732,
SRA1,2.205177973880686,-0.8067004153296574,1.2385442066285224,-0.651329529468795,0.5148337903041997,
APBB3,4.430235011503776,1.270857398006154,0.9654679909616051,1.3163123064705455,0.18806924200354347,
NDUFA2,2.3370880412680584,-0.7233752602008583,1.3464253005720028,-0.5372561403098608,0.5910906970453401,
HARS,1.0160405311312322,-0.5921489447788001,1.7683871804807096,-0.3348525432184106,0.7377363224288171,
TAF7,3.3195377953447363,0.3990459326222751,1.0021122661077217,0.39820481808111086,0.6904792147031638,
DIAPH1,2.6838544007706315,-0.3229635552107566,1.112496890912638,-0.2903051306020398,0.7715828141311225,
HDAC3,2.244182066821489,-0.16630298657006506,1.1989312669889884,-0.13870935820009142,0.8896798228186742,
KIAA0141,2.9362491605893237,-0.3753396978437843,1.085966810333156,-0.3456272275288381,0.7296228810362957,
RNF14,1.8921358056464896,-2.1539061271553734,1.5034117881034008,-1.432678753884583,0.15194966390824804,
GNPDA1,4.600285732867644,2.9267116246687817,1.1560860506711017,2.5315690151004255,0.011355346835313527,
YIPF5,1.226354877092848,0.43267253188609345,1.5307897585614714,0.282646607390873,0.7774477489307128,
PRELID2,3.9109798999229746,-1.3714205189835043,1.004626771061933,-1.3651044930186904,0.17222021009132182,
LARS,3.9444894712471843,-0.1350274356486864,0.9278582104387347,-0.14552593718477647,0.8842956388119037,
TCERG1,4.5112292163516745,0.1879017282446017,0.8989769784023152,0.20901728604724168,0.8344347443352386,
JAKMIP2,1.1574914831851777,0.22425643918917856,1.5426213163637947,0.14537361620140637,0.8844158945775031,
RP11-373N22.3,2.8853376016764813,0.5395872324116343,1.0974609679482248,0.49166872277966117,0.6229535524930647,
FBXO38,3.2003040826771563,-0.35814961275043417,1.0360485465106544,-0.3456880606190311,0.72957715796873,
ARHGEF37,0.9600399131975647,-0.4593172082146407,1.8045211082900448,-0.25453689962645404,0.7990808007805554,
PPARGC1B,1.7895468328249085,0.2602846971880902,1.3160325830741446,0.19777982744172368,0.8432173297713561,
HMGXB3,1.9762092473917587,-0.2994005251746519,1.2919262076398081,-0.23174738882464516,0.8167342222078917,
DCTN4,6.6293537283171915,0.17824781067181306,0.7788583886441003,0.22885779144283375,0.8189794474675911,
GM2A,1.5002156018222603,0.03211956402935981,1.4585765393314758,0.02202117143888897,0.9824310672658491,
ATOX1,3.744059268735206,0.29196620421937697,1.0416064989611964,0.2803037466745431,0.779244476530401,
G3BP1,5.287515987757706,0.6201373163101132,0.8525533834772131,0.7273882531329935,0.4669881484823277,
CTB-12O2.1,1.859404037847525,1.0793459284765035,1.306743947991207,0.8259811955783142,0.4088147589738167,
LINC01470,2.520354670646216,1.6418724723924922,1.2025641228830424,1.365309708771493,0.1721557287878519,
GRIA1,1.7094785184776813,-0.7491462615682766,1.3392088803658144,-0.5593946340645843,0.5758924226765549,
MFAP3,1.7726700402047768,0.8706258790439938,1.3373914348698202,0.650988077494858,0.5150541831876065,
LARP1,4.270304294947547,0.3806577595903018,0.8706055833854852,0.4372333084633513,0.6619421559622245,
FAXDC2,2.855981114342409,-0.4693950359800161,1.1411149027556835,-0.41134773969428656,0.6808175685337582,
MRPL22,1.7637636626856537,-2.3229609715417663,1.7739535226830407,-1.3094824311002082,0.1903709851588763,
SGCD,3.163321954443873,-0.9309202605630602,1.1373458640221308,-0.8185023483278311,0.41307040167142817,
CLINT1,4.313081099627973,0.8497046159853515,0.8853774514941166,0.9597088953998484,0.3372017450559286,
TTC1,2.8435470402269303,0.4525862905325025,1.1545823259114245,0.39199135512076366,0.6950646013184067,
PWWP2A,3.5799973562569263,0.4998545882768086,0.9465963287859979,0.5280546449169818,0.5974614091287567,
ATP10B,2.92517304321273,-0.781385232524831,1.119409840080545,-0.6980331997694499,0.4851564317828786,
RP11-541P9.3,1.9040860017652974,-0.529131446029346,1.4020289022033403,-0.3774040928812497,0.705873325714341,
TENM2,3.6664089736461563,-1.8290045612235484,1.0992293818485939,-1.6638970822883923,0.09613299820549005,
WWC1,1.1067856549684167,-0.9697071131933089,1.6538217979155236,-0.5863431685418148,0.55764492702344,
RARS,2.806554671550892,0.0811761196214667,1.1006892158510087,0.07375026342808728,0.9412091032210422,
FAM196B,2.0103991388254827,-3.9579759457329127,2.1319718981608733,-1.8564859833036382,0.06338431908199893,
NPM1,3.4320358460484726,-0.18647680881154804,0.9788319504637392,-0.19050952384952421,0.8489098809001747,
STK10,4.318398114767848,1.359286840748179,0.9150113931716697,1.4855408915035846,0.13740059962174278,
SH3PXD2B,2.2982185196810287,2.8628842804422705,1.3851662144888917,2.06681642282088,0.038751455385626424,
ERGIC1,4.63050432058393,-0.151526706621992,0.9631780493202041,-0.15731951816067358,0.8749930385230587,
CREBRF,5.5473427748341875,-0.05664555439634104,0.7897879297967655,-0.07172248683379794,0.9428227603405822,
BOD1,1.6606140765978854,-0.4695759338946525,1.3969894106776126,-0.33613421140170546,0.7367696608537693,
SFXN1,2.303458581658379,0.6423291084927549,1.151394671055468,0.557870489277096,0.5769328243561389,
THOC3,2.633822919396397,0.5730687459583079,1.1395307885919683,0.5028988700396638,0.6150353756189685,
SIMC1,5.746116690899396,0.048631771458216386,0.8257298264935667,0.05889550055946207,0.9530353418660066,
ARL10,1.536127147220216,-1.0137735699054435,1.431363084376517,-0.7082574512161811,0.4787853947112488,
FAF2,1.5045136899725282,-1.2348921399829764,1.52025371542838,-0.8122934530273496,0.41662326635266556,
UIMC1,3.6079827685702406,0.0359918421033313,0.9643183412270998,0.03732361043504732,0.9702269802011687,
ZNF346,1.1658848192413254,-0.23416324922852902,1.6161101107407423,-0.1448931280562316,0.8847952521966554,
PRELID1,2.6571748774027557,1.470415512517875,1.2030846702988285,1.2222045121335021,0.22163029799081124,
LMAN2,2.350975743028062,0.7490440936892917,1.144381441365632,0.6545405811504863,0.5127635911387411,
FAM193B,4.037028409618121,0.8840695290897397,0.9350260333190353,0.9455025823736514,0.34440235305923395,
RMND5B,1.2978302793969785,-1.9932663958977561,1.895464322700841,-1.051597949919499,0.29298404876381245,
NHP2,1.3837449260370696,-0.5112299455392447,1.4741976058436146,-0.34678522303439213,0.7287526793571631,
PHYKPL,6.0059655219567025,-0.49593158681533783,0.7892081588532291,-0.6283913581632997,0.5297475968580305,
CLK4,3.1287607979007306,-1.0833098381451072,1.0609279264172133,-1.0210965431021106,0.3072087007602953,
RUFY1,2.1446754137125748,-0.462428695363521,1.2168616306485327,-0.3800174840890227,0.7039324366198538,
RP11-1379J22.2,1.984241546168669,0.711290059297077,1.2524360654267856,0.5679252449941983,0.5700857292275923,
MAML1,2.540272209972197,-1.0077516570768263,1.1910442188218888,-0.846107676903579,0.397492678496947,
MGAT4B,0.9810090632718834,0.47433401164526484,1.688421143309907,0.2809334706123149,0.7787614281767539,
SQSTM1,5.451048401640853,0.24803708282383338,0.8138111753379202,0.30478456224300493,0.7605302400180687,
C5orf45,2.783025362980552,-1.3924889833934428,1.1747535548442627,-1.185345622195666,0.2358808222265142,
TBC1D9B,4.23738494875442,-0.5402517278323132,0.9304980908968677,-0.5806048750853292,0.5615067858709389,
MAPK9,2.579863419699382,0.6692099542599105,1.0993228500997176,0.6087474250164159,0.5426918668658356,
CNOT6,2.449234125382787,0.4460128875038178,1.1156591121836077,0.39977523836189127,0.689322070219861,
DUSP22,3.2150823203115295,-0.05687987130651913,1.0137239320768578,-0.05610982389454593,0.95525431793329,
EXOC2,5.74564192004382,0.29166827772643733,0.7811689887845618,0.37337411227787026,0.7088700240856767,
WRNIP1,2.07284943246497,1.6509149170024888,1.3050998925761208,1.2649720733205854,0.20588133898739214,
SERPINB1,3.2493460565630765,0.9350084797183883,0.9869689590744064,0.947353481709549,0.3434586868138455,
NQO2,2.8927667384825786,-0.492712608502412,1.1120744735259112,-0.44305720545876,0.6577243578868017,
RIPK1,2.0659841731824993,-0.6437238872676816,1.337754108593934,-0.48119746606069264,0.6303761616236006,
TUBB2B,2.465588987291856,-0.9211019758828797,1.2669833157665848,-0.7270040295089202,0.4672234873034862,
SLC22A23,4.987706522024837,-0.7593258599342252,0.8578091500509261,-0.8851920731891771,0.37605304686771623,
LYRM4,4.000809553453272,-0.8781762923491618,0.9404507933434584,-0.9337822867128429,0.35041620843131005,
SSR1,6.300554273296071,0.6050996111599848,0.7619952382654147,0.7940989402209615,0.42713783453751786,
RP11-69L16.4,1.930491899352223,0.8077092158776034,1.2537532951729387,0.644232975488364,0.5194243707062371,
RIOK1,2.0629078522662265,1.080629537536935,1.2754924776535197,0.8472253317596452,0.3968695364868535,
SNRNP48,2.7958881389545547,-1.0695221712406577,1.116200858781365,-0.9581807457202017,0.33797162453191476,
SLC35B3,1.8828846174747031,0.5908096103725892,1.2752738622322028,0.46328057672134276,0.6431632662815148,
GCNT2,6.557137484343776,-1.2698186456218572,0.8313708169041104,-1.5273793833063025,0.12666670002223326,
MAK,1.9260224594343676,0.23852013172615094,1.2578589521940935,0.18962390919116834,0.8496038503024828,
SYCP2L,1.3446182102718414,-0.5902820220352978,1.506216708454865,-0.39189714117620683,0.695134215388417,
NEDD9,4.284088540024832,-0.49716077126978486,0.9231549698254847,-0.53854530119008,0.59020063888374,
TMEM170B,2.7830800907201083,-0.39045326242429734,1.1313881531601437,-0.3451099088616939,0.7300117443781725,
HIVEP1,1.0241469052315477,-0.1533703728037619,1.7115657567841627,-0.08960822696752672,0.9285985465363903,
GFOD1,1.3886301309737192,-0.016183506879233214,1.4704084114779095,-0.01100613050966374,0.9912185556824252,
NOL7,1.990503643480327,0.2729523608685667,1.3016071493846235,0.2097041038823532,0.833898622320088,
MYLIP,2.5082845607125326,-1.0129989447353125,1.1780108808525738,-0.8599232496071382,0.3898313515173679,
NUP153,4.148123064426655,0.6730853484475099,0.892421382889148,0.7542236900111537,0.45071491483864934,
KIF13A,5.0315896396637525,-0.6827168095250865,0.8419504382185311,-0.8108752944765201,0.4174372892823336,
KDM1B,2.5922291993948403,-0.08102594094865387,1.1331626726403663,-0.07150424462875792,0.9429964464822029,
DEK,3.69237567458793,0.12734796366867537,0.9512896762745556,0.13386875401338943,0.8935063585331181,
E2F3,5.5412611364312125,0.07919540766253223,0.8323346758598524,0.09514851412470417,0.9241968641407403,
CASC15,3.2616381728828547,-0.9651250513810317,1.096930852473271,-0.879841285533127,0.3789452956194639,
MRS2,1.5357175624399593,0.495402792347301,1.4053133198976582,0.3525212387393999,0.7244473932524262,
ACOT13,0.9916533704452526,-0.16737297172212678,1.687392327429737,-0.09919031217658314,0.9209871666887209,
FAM65B,1.3863791598564974,0.160622860023874,1.54239976432471,0.10413828096906999,0.9170596121767371,
HIST1H2BB,1.9700728812492274,-1.296491899745997,1.4257139436913235,-0.9093632740865555,0.36315840108162856,
BTN2A1,3.331055999818176,-0.5222633497706703,0.9962897892106966,-0.5242082729608518,0.6001336874181259,
ZNF322,1.515718610412085,-0.24621233260181485,1.4666757010027651,-0.16787101090819168,0.8666847563983853,
ZSCAN16-AS1,1.7811859990853491,-0.23430426590219794,1.3376015403551609,-0.1751674611857768,0.8609480512088342,
TRIM27,4.887214782824998,0.022149956435068383,0.8932217078110137,0.024797825938814768,0.9802162251759884,
GABBR1,2.3521205570995325,-2.1454794787737126,1.4161335538894095,-1.5150262296103043,0.12976576177034685,
MOG,3.769410447229092,-0.4705057059008205,0.9966521136355035,-0.4720861968420952,0.6368652644353423,
ZNRD1-AS1,2.008196896651423,-0.26436714978902803,1.2613689455146042,-0.2095874888383061,0.833989645232097,
TRIM26,1.369879449700034,0.17080955022584357,1.5082807654533035,0.11324784757465758,0.9098340627517861,
HCG17,3.6719389135604366,-0.04711166888138619,0.99623863736569,-0.04728954199764978,0.9622824630358636,
PPP1R10,4.699719862522752,-0.1289833694708937,0.8725573022067904,-0.1478222337314478,0.8824830621251638,
MRPS18B,1.0530035058353828,0.32955782115932014,1.6283778155888902,0.2023841260943107,0.839616437177337,
MDC1,1.4187763938964182,-1.468715100156186,1.5528010425785972,-0.9458488627217965,0.3442256790882082,
TUBB,1.7059732778098764,-0.25294146013161195,1.414295714308228,-0.17884623249058829,0.8580584422023835,
DDR1,3.094223435868234,0.31310156697874614,1.1120252706072098,0.28155975880636264,0.7782811000622766,
PRRC2A,3.124972860761746,1.1684827300004232,1.0703421560173554,1.0916908424388703,0.2749690116672351,
DDAH2,4.1592096401390135,0.5511629685164228,0.9240582825450225,0.5964590967124075,0.5508685713022623,
LSM2,1.5903737903152064,0.5370883681479071,1.4574909685237416,0.36850202145122807,0.7124989381311013,
C6orf48,2.2607690070340962,0.21185766356277025,1.150655210609037,0.184119153686911,0.8539199808747462,
SKIV2L,1.473951662031035,0.31657238519593656,1.4388049416265483,0.22002453288633833,0.8258520483588231,
PBX2,2.076357563584468,0.6768539356491041,1.2203216112463202,0.5546520928674122,0.579132650349774,
HLA-DQA1,5.899248811525228,-1.2064933303317595,0.8991588602874535,-1.3418021927138146,0.17966014107362271,
PSMB9,2.308985605591561,-1.4245502979463622,1.3031021141211725,-1.0931992838543554,0.27430631141529127,
BRD2,2.6310142254646802,-0.4673453507146784,1.1538261247235622,-0.4050396681966676,0.6854483526954109,
RXRB,1.8580656465854986,0.11296279978563262,1.3114854676476042,0.08613347427192819,0.9313603138745616,
RING1,3.8724314116960414,-0.10139803682999594,0.9507496427020211,-0.10665061786594389,0.9150661603010981,
PFDN6,1.3302822411764557,-1.375777305485089,1.6586829347115954,-0.8294395973419134,0.40685570281714756,
RGL2,3.1216128421470803,-0.4022736602056736,1.1358641688625022,-0.3541564838765236,0.7232216135926968,
TAPBP,4.401730377488949,0.15966140869673268,0.9992706711792657,0.15977793935282023,0.8730560026498031,
PHF1,1.9625536239352932,0.028002593922074076,1.321093915591983,0.021196520240974768,0.983088890105519,
CUTA,2.4988337965537966,-1.2195083301342609,1.2026427759839322,-1.0140237437808832,0.31057142268807947,
LEMD2,2.4246696141328257,0.1601385280106143,1.1772023739054784,0.13603313377574988,0.891795087457262,
C6orf1,2.4962958634807433,-0.6214516838795671,1.1455297661324981,-0.5425015588880705,0.5874730338443768,
C6orf106,2.4441715698821556,-0.3592857784468748,1.1813847586598325,-0.30412257802822,0.7610345062434241,
SNRPC,2.097597630430187,-0.4205637808158311,1.3382549827819685,-0.31426281704669007,0.7533214363381588,
UHRF1BP1,2.4580045439026033,-0.11265159609150675,1.1777890386493994,-0.09564666709811394,0.9238012000908468,
TAF11,1.719803361378631,0.27242811764163877,1.3113248712748378,0.20775028645402788,0.8354239512653983,
ZNF76,3.0724378252429507,-0.025307737718601488,1.03275266632214,-0.02450512939243035,0.9804496922813001,
SRPK1,2.0877947182403003,-0.24341787670260395,1.202307058970062,-0.20245899322185149,0.8395579132132557,
MAPK14,5.9914460475882025,0.6119213915041446,0.7891954370674651,0.7753737068956646,0.43811886714008774,
KCTD20,1.8073273160521495,0.17633636411028222,1.264953251931484,0.13940148684627712,0.8891328974991372,
STK38,3.7690169076332665,0.6718137479596746,0.9648743800513592,0.696270687510549,0.48625932660071947,
CDKN1A,4.763193899278884,-1.8318806228685458,1.0326909953689094,-1.773890380649771,0.07608128418675904,
C6orf89,3.631528534272738,0.10144797227427971,0.9537558439059713,0.10636681591256518,0.9152913207463971,
TBC1D22B,2.103788542870132,-0.23004143227971788,1.19552865971465,-0.19241816614804066,0.8474146637459138,
RNF8,1.334799252897523,-2.3471777175655415,1.8436051695778137,-1.273145549978603,0.2029663980122769,
GLO1,1.8361351877128218,-2.0957917528965506,1.5166093833222845,-1.3818929092377825,0.16700458547254515,
KIF6,2.0473236124166516,-0.2131589748347443,1.2077241608473308,-0.17649640683282636,0.8599039713049712,
DAAM2,4.763227558735423,-0.6053209205204384,0.9163525432449279,-0.6605764615187463,0.5088839684558427,
OARD1,2.545296264359846,1.2419232611646132,1.0961853321066275,1.132950081331511,0.25723521691127327,
TFEB,5.587787558579785,0.5282284330043828,0.8216152522901107,0.6429145899276301,0.5202795218289394,
USP49,1.3196379340030864,-0.7511536379277424,1.5664577806579076,-0.4795237045024348,0.631566108822208,
MRPS10,1.241884389202867,0.46488775007153244,1.5634962384018087,0.29733857917479634,0.766208030818305,
TRERF1,5.5259860839604364,0.11147493559559007,0.8518530434835432,0.13086169785779914,0.895884714739465,
RPL7L1,3.8036227455279277,0.5223720637709057,0.949846761759429,0.5499540397477386,0.58235089754729,
C6orf226,1.9832551214956504,-2.9299401131799927,1.7342210388288053,-1.6894848162831126,0.09112655920564386,
RP3-475N16.1,1.7522615033966453,1.7389262394251772,1.5196946788286814,1.1442602673093984,0.2525157158369128,
PEX6,2.1848506683323055,1.2301643986789117,1.2160698514122028,1.0115902447958405,0.3117340121163793,
KLHDC3,1.8647535553039878,1.6685024777206479,1.3595940923029592,1.2272063310413786,0.21974505049180304,
KLC4,2.009983555248832,-0.5404092697569469,1.3558491459784612,-0.39857625117059425,0.6902054634463137,
CUL9,0.9334017813943634,0.14464632238635924,1.8215496220039278,0.07940838977926419,0.9367077956376069,
DNPH1,1.191178560986106,-0.8081210788055205,1.6926033658935649,-0.47744267504684684,0.6330469319914945,
ZNF318,2.153652976103411,0.9090413497351247,1.2401186201358712,0.7330277402298235,0.46354151038754343,
TJAP1,6.3405937503586385,1.099541506376317,0.830062332183459,1.3246493230020442,0.18528748864791356,
YIPF3,1.8259878768179973,-0.20304834133548397,1.4107630922189691,-0.1439280219729254,0.8855573077277255,
MRPS18A,1.8336459835829306,1.3130742286026886,1.3176596647248742,0.9965200148073571,0.31899754727107976,
TMEM63B,3.091556699732218,0.49891080204383187,1.0267278456522402,0.48592312379225794,0.6270216727581405,
SLC29A1,1.215710569919479,0.9632394703156436,1.5631490666390355,0.6162172827104251,0.5377511233640541,
CDC5L,1.6330693637358824,-0.0070821944179659,1.4248834457263146,-0.004970367533714906,0.9960342368120746,
SLC25A27,2.0854861289318296,-1.2758587153336103,1.3225111583552458,-0.9647243482772159,0.3346828964923889,
PTCHD4,3.2501166786225713,-0.6011962255122575,1.0073196699392482,-0.5968276441464861,0.550622459376957,
EFHC1,1.6753271281569397,-0.21079788768322888,1.346179613372708,-0.15658971922409187,0.8755682054557632,
TMEM14A,1.3410228490961993,-0.3041630323199195,1.5194374290385797,-0.20018134771918702,0.8413387542932697,
GSTA4,1.2729432319807616,-3.338957200882479,2.2611099480590466,-1.4766894479185604,0.13975890201160676,
ICK,1.7561571753155754,-0.928321664711004,1.5329992607149923,-0.6055591078876541,0.5448075633542002,
FBXO9,2.4460218454672074,-0.45084335772654344,1.1505563368402316,-0.3918481375407421,0.6951704248716777,
ELOVL5,2.056632418779687,-1.628341618935909,1.3835925201289683,-1.1768939158359477,0.23923785078726367,
GCLC,2.495470513681692,0.5446154467059917,1.0952592318595695,0.4972479855580167,0.6190141865407979,
KIAA1586,1.6820475391920173,0.34006802038088996,1.338980202665749,0.25397539090111665,0.7995145700930528,
ZNF451,6.191235974661922,-0.2826116172466668,0.8130497331243208,-0.34759450219689525,0.7281447357346005,
RP11-203B9.4,0.9947519167844936,0.609276851975396,1.7744389003267493,0.34336310586022567,0.7313253114728535,
KHDRBS2,3.5872236528186345,0.7829894341781263,0.9438844425507431,0.8295395059825164,0.4067991916445608,
PHF3,4.051099616651238,-0.38444856261823673,0.9260095008670114,-0.4151669742678474,0.6780196735275393,
EYS,1.517882351473162,-0.8268526221712369,1.475562170597853,-0.560364475755177,0.5752308572301341,
RP3-525N10.2,1.6001469091980551,-1.1976555291238113,1.468499430213257,-0.8155641769298382,0.41474944513781953,
COL19A1,1.600521101210031,-1.3864973506783707,1.4811411876800693,-0.936100732469711,0.3492213259545117,
B3GAT2,4.496186654132163,-0.14023178086374405,0.9075020233065788,-0.15452503384267383,0.8771957741171603,
KCNQ5,2.3251629610239117,-0.14233149397317194,1.1457633430151688,-0.12422416447589876,0.9011377899405997,
RP11-398K22.12,1.273503845246949,-0.8013785171490228,1.7179289103871938,-0.4664794406238875,0.6408723604059025,
OOEP,6.45275469698844,-1.2018897763011365,0.8359736245316224,-1.4377125557932868,0.15051562908238023,
MTO1,2.245094646676684,-1.2238290893933608,1.2654933457647564,-0.9670766689443022,0.33350570784402067,
SLC17A5,2.2736317830080996,0.4496953555180974,1.1338032694609,0.39662555897542817,0.6916436019268903,
COX7A2,2.9501693646659155,0.07668793614231817,1.0639264653767955,0.0720801095169286,0.9425381553512389,
TMEM30A,2.7958821401581613,-0.3353326491872585,1.0797112120646373,-0.31057624060977496,0.756122791784022,
IRAK1BP1,2.6106027982048565,0.1641346881500581,1.092956800208564,0.15017490912608533,0.880626621000405,
BCKDHB,6.208719037597567,0.09358985540271937,0.7845400505921251,0.11929264201627847,0.9050435126944875,
FAM46A,1.8477984218757981,0.08570357874385813,1.2570301026096835,0.06817941636077883,0.9456428122024252,
IBTK,6.387029689115088,-0.0012056977088124434,0.7490832019554141,-0.0016095644724979526,0.9987157539122927,
UBE3D,4.83396056319942,0.31338111356078385,0.8332669583320995,0.37608729162627547,0.7068520017850122,
SNAP91,1.8717537723585522,-1.4199137562120023,1.4470306678379021,-0.9812603062059377,0.32646439178122466,
CYB5R4,5.666447684438805,0.2516612454263779,0.7865296333567736,0.3199640989397067,0.7489955459052282,
CEP162,3.038599900398235,0.04611716496229514,1.0256084605063363,0.04496566354330521,0.9641346777805831,
SNX14,6.240745369412355,0.18361317529668464,0.7715343559518483,0.2379844447369548,0.8118931589470975,
SMIM8,1.7251528788350938,0.7047053443215349,1.3059566762914012,0.5396085162049374,0.5894670422833226,
RARS2,2.6034606233545907,0.6437577296066729,1.1059590756772506,0.5820809682423901,0.5605121438358722,
ORC3,4.261446646371586,0.5357600148886539,0.8819107252013191,0.6074991488127698,0.5435197073483551,
RNGTT,5.980668889760229,-0.3763889120986521,0.8150899404422183,-0.46177592609528023,0.6442420164403212,
PNRC1,3.6825567172136116,-0.36370185833787855,0.9678208351233644,-0.3757946152208212,0.7070695913207776,
UBE2J1,3.3146850927246745,-0.3411570439819451,1.0047534418928188,-0.33954304584341766,0.7342006750918013,
ANKRD6,2.714675010535857,0.24348661687955728,1.0965396088371413,0.22204999702452158,0.8242749626956304,
LYRM2,1.7473215707204393,-0.2845234514579853,1.3078855984071418,-0.21754460161080066,0.8277839520944171,
MDN1,3.9507455697624483,0.09043680984572458,0.9051127443115483,0.09991772893940756,0.9204096411287191,
CASP8AP2,3.3680737022618827,0.5099811567486188,0.996658137854916,0.5116911580597128,0.6088671752836287,
BACH2,2.3961353682531032,-1.502918238833614,1.3129069086379066,-1.1447256686255367,0.2523228149240667,
MAP3K7,2.3255400434875804,-0.41168188015453183,1.1902345942021604,-0.34588297312135424,0.729430665270475,
FUT9,3.9420298534527825,-2.3472113581078404,1.1361331409553441,-2.06596504713711,0.03883178006424719,
UFL1,3.4226752023975737,-0.16728697865839032,0.9747999107032039,-0.1716116064656924,0.8637428821904481,
KLHL32,5.631306761100344,-0.3571535533184108,0.8469050594325918,-0.42171616445141563,0.6732322044018817,
MMS22L,2.2264563113338043,0.8133927061469856,1.2578831157973203,0.6466361587431034,0.5178674502068688,
RP11-436D23.1,3.8484598345867127,-1.2635419515880235,1.019598549481052,-1.2392543636229494,0.2152513135883285,
FBXL4,3.686152078389254,-0.48629151537332344,0.9671258427333256,-0.5028213432896685,0.6150898863478096,
USP45,3.9784898586114004,1.406072186077032,0.9334278924160683,1.5063533000257572,0.13197650224512597,
CCNC,3.330230650019125,0.2667266311484426,0.995898446719159,0.2678251301898645,0.7888339260575417,
GRIK2,2.0628072860352007,-3.125454265521879,1.7349714711252557,-1.801444183687236,0.07163289738152133,
HACE1,3.7093723810229378,0.8156885718632394,0.9695219384720329,0.841330700725313,0.4001626961559319,
PREP,3.957520889979225,2.7505790640749317,1.0818187764628386,2.5425506784679257,0.011004664135045009,
ATG5,4.20977062010838,0.2134295868191278,0.9782681403915781,0.21817084499317016,0.8272960002491478,
QRSL1,3.1203645713928907,-0.9011343269993747,1.0807654595144849,-0.8337926782043845,0.40439782195091756,
SOBP,1.8651205913796194,-1.5601528399695472,1.5199594568776076,-1.0264437205282484,0.30468247877292454,
SEC63,3.2029737092648642,-0.6520257248255437,1.0286015219545113,-0.6338953529706898,0.526149118501088,
OSTM1,2.48750898782877,1.3300235203092203,1.1425443568146652,1.1640891772615587,0.24438787413732732,
SNX3,2.9918665158207856,-0.8288346532578889,1.0666632951551691,-0.7770349434751264,0.43713815443656023,
LACE1,2.284740402701282,0.12995630602698036,1.1663898138917002,0.11141755910348414,0.9112852366013803,
CD164,3.839331450681495,1.0590317792081883,0.9858783353053477,1.0742012896349766,0.28273247451785033,
MICAL1,3.686001075432729,1.318460842914567,0.9582750991785999,1.3758688335371605,0.1688622458574407,
AK9,2.4287221318919365,-2.3346799401476046,1.4094042908063549,-1.6565012291908638,0.09762035634069285,
FIG4,3.8121547495929313,0.4864774634136267,0.943197857732927,0.5157745635501392,0.6060118701077706,
CDC40,3.4998478106499484,-0.9264720391768458,1.037377401845335,-0.8930906317496357,0.3718086394581628,
GTF3C6,1.6179821201648519,0.018434004296473072,1.3546965026925504,0.013607479062531163,0.9891431375946745,
TRAF3IP2-AS1,6.07988547256861,0.2040955180249577,0.7774158387200077,0.26253069188942046,0.7929123262081759,
FYN,4.443172018713923,-0.6042732041088759,0.9393504085623399,-0.6432883816314148,0.5200369937279705,
TUBE1,1.401028594427909,0.41448295508172045,1.5885530206368452,0.26091855273143844,0.7941553172730784,
HDAC2,2.712711001374467,-0.11816148104872408,1.1050974407989838,-0.10692403826697265,0.9148492427312823,
RP3-399L15.3,3.9437543978687084,-1.0893602438722294,1.042533043212032,-1.04491675440418,0.29606144553029046,
HS3ST5,2.091718614378592,-0.9969843521708386,1.318273447918365,-0.7562803860952659,0.4494811052569718,
NT5DC1,4.208899431817859,-0.3530053535898905,0.8998593101829113,-0.3922894941411856,0.6948443252806097,
TSPYL1,2.072385119945157,1.7280646682842116,1.3298205123661764,1.2994721108711365,0.19378195849174595,
RWDD1,1.244225480827926,0.5600981703819484,1.5853311189280987,0.3533004327579538,0.7238632211285201,
ZUFSP,1.5615657372123906,0.3953126112085936,1.401508971560421,0.2820621339073256,0.7778958675859482,
KPNA5,3.8609130257804587,-0.3372042840981037,0.9381167500839959,-0.3594481007485599,0.7192598965127698,
GOPC,1.7653919063552046,-1.1850935617888927,1.481516760100744,-0.7999191056794428,0.4237576674860065,
NUS1,2.253659334500419,0.17881218850739042,1.307835154254127,0.1367237972811405,0.8912491186620513,
SLC35F1,5.56525206112439,0.05676164061380431,0.8630484393761599,0.0657687773062118,0.947561914496836,
CEP85L,6.182151909223935,-0.634102699001889,0.8210553190242446,-0.7723020414208716,0.4399355566175548,
MCM9,3.623225318724428,0.35725301503821033,0.9486698447177906,0.3765830831741949,0.7064834614643394,
RP11-351A11.1,1.5171117294136673,2.384518705716376,1.5635617166600682,1.5250556983512988,0.12724520578185497,
FAM184A,1.1023162150505612,-2.0890646066873315,1.9058037971572424,-1.0961593264760239,0.2730090557626954,
TBC1D32,4.38599101249836,0.23189693395950312,0.8908676146250064,0.26030459537707595,0.7946288281609212,
GJA1,4.184460651737026,-1.5307054513598304,1.083490814624543,-1.4127535099503898,0.1577282120196727,
SERINC1,4.252911352519738,-0.12416884705075028,0.9332963900923318,-0.13304331653791798,0.8941591233339383,
RNF217,6.075500372255206,0.25808431941560095,0.7720915717571198,0.3342664637929601,0.7381784944182062,
HDDC2,2.024690608011493,0.7144615111660062,1.2889151079712504,0.554312310211467,0.5793651269449607,
NCOA7,6.440978886389078,-0.8696935035341671,0.8210193040119497,-1.0592850853620233,0.2894699653071333,
TRMT11,1.0053962239578629,0.008369737926666558,1.7507062196091367,0.004780778084249445,0.9961855055085369,
RNF146,3.1915752371641575,0.022636850305906713,1.0399494734503156,0.02176725974080529,0.9826336109378645,
ECHDC1,6.116296941147669,-0.6170072848329645,0.8168809033416303,-0.7553209804623428,0.45005641308741506,
PTPRK,6.517155988356744,0.0317618954040378,0.7684047123810398,0.04133485244464193,0.9670289485702988,
LAMA2,1.9313172491512738,-0.5281282643928978,1.2581409606971132,-0.41976875476677233,0.6746543924026172,
ARHGAP18,6.402581426648074,0.6206375523550863,0.7683032975485149,0.807802796545847,0.4192041149975654,
L3MBTL3,1.283268074881711,-1.1632988511382436,1.5991211559535605,-0.7274613601397608,0.4669433775347913,
AKAP7,3.820409236198079,-0.8964413193159848,0.9774494862558932,-0.9171229121514922,0.35907823599769806,
MED23,3.4314974582052535,0.2820799121068144,0.9911394369924871,0.28460164289573375,0.7759493524356063,
SLC18B1,3.3977881549813573,-0.6054410799930318,1.0412899685889616,-0.5814337007524013,0.5609481897205733,
RP11-557H15.4,6.269556494409007,0.8862053785941824,0.9241153363411663,0.9589770278057714,0.33757031805937976,
HBS1L,2.884895333137493,0.46258456904571066,1.043454133402999,0.44332046252679225,0.6575339570583375,
PDE7B,1.6978092855183118,-2.470527109445227,1.8105966805029174,-1.3644822925219353,0.17241582354594331,
MAP7,6.48871497132956,-0.7284817398280812,0.7784200137640203,-0.9358466212932213,0.34935216359371,
ARFGEF3,2.704295621337495,0.07460501406591255,1.16299258323265,0.064149174415662,0.9488514469253491,
REPS1,3.432699890467973,-0.6890779957389844,1.031089945266062,-0.6683005676688808,0.5039417510579858,
HECA,2.8038983937506394,-0.3086511203467967,1.1099071783530285,-0.2780873269103445,0.7809453238666342,
RP1-225E12.2,1.776210673640863,-0.9398064342427397,1.4206607790528352,-0.6615276835257713,0.5082739670962471,
CITED2,0.9279975361983444,-3.0624188116405904,2.4564755243506595,-1.2466718195574553,0.21251785577637883,
VTA1,3.2747684199286766,-0.14660603773222297,1.0367974162119333,-0.14140278075524737,0.8875517576190217,
HIVEP2,2.024226114049536,-1.3284900183226336,1.3191196475738338,-1.0071035032842048,0.3138850378721926,
PEX3,2.4661981480590627,0.4394302062581999,1.124393712626351,0.39081524676243684,0.6959338042248617,
FUCA2,2.3901084575896845,-0.0632354749002554,1.150681975708294,-0.05495478006538796,0.9561744895966218,
SF3B5,1.6246212999401788,-1.09298914282193,1.408027422541484,-0.776255579489417,0.43759809528476057,
EPM2A,1.8699671137611436,-0.8851731093872968,1.2965790112544235,-0.6826989344296907,0.4947971031983044,
RP11-545I5.3,1.733865679163661,-1.0286556889323526,1.4097163935764705,-0.7296898110992655,0.4655798105278951,
STXBP5,5.851820255244649,-0.17325259007472021,0.7768793258101282,-0.2230109417496118,0.8235269906575114,
SASH1,3.9707799145586034,-0.13409778156968874,0.9862107519285539,-0.13597274346021676,0.8918428283824659,
PPIL4,3.1599230973613444,-0.19956126589028986,1.0106858991571983,-0.1974513209857802,0.8434743716891819,
GINM1,2.26298747583473,0.7961362241930221,1.1390404635869018,0.6989534170594298,0.48458114308086353,
LATS1,3.4234264768732188,-0.4428698193252371,1.0152955375592494,-0.43619793739061186,0.6626931243139641,
NUP43,1.4922380307849068,0.1421878001473961,1.4876148224980146,0.09558105901945317,0.9238533090284147,
PCMT1,1.4005315981493645,-1.1757749397486497,1.5506237771600815,-0.7582593257418277,0.44829575189056825,
PLEKHG1,2.1340636088557936,-0.9072087384542602,1.2502730125544876,-0.7256085105769836,0.46807880230966814,
AKAP12,1.2258905645730351,0.42851623966607855,1.589643617903383,0.2695674897441845,0.7874930141147656,
RMND1,1.226354877092848,0.43267253188609345,1.5307897585614714,0.282646607390873,0.7774477489307128,
ESR1,4.603354304457704,0.4580183382631421,0.8629930031141374,0.5307323890348687,0.5956042381003886,
SYNE1,4.57630656234484,-1.1875293248997663,0.9446163736558243,-1.257155135162254,0.2086974655496645,
OPRM1,1.714363723414331,-0.3872584953445703,1.3475761503929389,-0.28737410886327264,0.7738258836187861,
TIAM2,5.095287046917478,-0.15842821327306073,0.8336327484955154,-0.19004557289643592,0.8492734192191358,
TFB1M,4.006765341225248,0.0877383069252163,1.043962377631443,0.08404355253134527,0.933021804322446,
TMEM242,2.2322318707026816,-1.7688645394647542,1.3954071614625077,-1.267633267419117,0.20492894594502364,
SYNJ2,1.1098842013076577,-0.09599685832510899,1.6421523637834785,-0.058457948508465196,0.9533838574103705,
GTF2H5,2.1705208794754562,1.9804934601550568,1.3279799314746634,1.491357974028874,0.1358675356084517,
TMEM181,4.661554455555881,0.4730439948548129,0.8950361014298144,0.5285194575940884,0.5971388457900331,
DYNLT1,5.0208390108853775,0.467907836657034,0.9232906777076094,0.5067828019435635,0.6123072246963943,
EZR,1.8874281327159645,0.422906091181201,1.3155037382527321,0.32147844121135677,0.7478478473330158,
RP1-111C20.4,3.4471495931396974,-0.07465853254836369,0.9923283952487876,-0.07523571118777266,0.9400271714407537,
WTAP,3.679551399726909,-1.0272819942298563,1.0101867323172924,-1.0169228731339093,0.3091901212760031,
TCP1,2.3500471179884355,0.7757722796157382,1.231208557625248,0.6300900646045263,0.5286356596987551,
MRPL18,2.410107409617558,0.440353630497305,1.1577587813790604,0.3803500673713563,0.703685574714248,
AGPAT4,2.3087533713752855,0.01852923384791805,1.1502123350896016,0.016109402831673357,0.9871471121142064,
SFT2D1,4.152163584592978,0.43974202217271613,0.9082742884839273,0.48415112895766815,0.628278617511534,
MPC1,1.893154732636096,0.3480690074712288,1.2674696726569803,0.2746172275203842,0.7836103293883857,
RP11-514O12.4,4.284859149471752,0.10674660221924395,1.0802812354264741,0.09881371509438694,0.9212861787198862,
RP1-167A14.2,1.8562789879880899,0.2564652489291083,1.2644628984630137,0.20282544410029604,0.8392714697470236,
FGFR1OP,2.388764067531264,0.04263953163060421,1.1231036416119418,0.03796580302188812,0.9697149475952578,
MLLT4,5.26626621187883,-0.4752352046750083,0.9341458743269421,-0.5087376797734275,0.6109361073366983,
WDR27,1.381868146931824,-0.5338117106477365,1.53160062298148,-0.3485319231645359,0.7274407436812266,
PHF10,1.3614373847007244,-3.4143602556261525,2.223983291041835,-1.5352454622204825,0.12472354499857738,
ERMARD,2.023400764250485,0.0962227765197289,1.213367911846538,0.07930222612636455,0.9367922356874492,
PSMB1,3.629481417239692,0.6548279739624792,0.9618140352712792,0.6808259704567372,0.495981615033964,
PDCD2,1.2219179394915807,-1.9849167002970456,1.8280063823725998,-1.085836854530447,0.2775511779108565,
FAM20C,2.9658127917944164,3.022551171524784,1.343643192265999,2.24951920935749,0.024479482078149886,
PRKAR1B,1.2978850071365347,0.2928046765320497,1.5352252430916258,0.1907242457415576,0.8487416420137347,
SUN1,2.7230683465920045,0.024830829069426984,1.077761669257866,0.023039257915458435,0.9816189579634895,
ADAP1,1.6811189141523908,0.27531354897974075,1.4581692676695224,0.18880767485914224,0.8502435563678246,
COX19,3.1127640828192065,-1.0887272923108167,1.0677616826886533,-1.0196351020663819,0.30790155086992077,
C7orf50,1.9592390444769456,-1.3194298928620218,1.4024422093396376,-0.9408087435440897,0.34680287935950604,
MICALL2,3.6437212670308465,1.7082288180504894,1.0283266013541101,1.6611734207800104,0.09667862207689776,
INTS1,1.8460769493537088,0.8262284999714219,1.3967576439958003,0.5915331865360502,0.5541632259447122,
MAD1L1,3.601759353813708,0.44154616394800084,0.9822158992935623,0.4495408435819186,0.6530415513075536,
EIF3B,2.1846733177683237,0.5445306913540592,1.2231509762170087,0.4451868182603238,0.6561847519556101,
BRAT1,1.3507930775273553,-2.3383117294112865,1.8229963237916293,-1.2826749560020279,0.19960597748190967,
TTYH3,1.9704439649165024,-0.46166491062494674,1.2418899794230556,-0.37174380844865357,0.7100836043153189,
GNA12,1.8606611978498009,0.33785642873612526,1.2898307235390136,0.2619385804434252,0.7933687948486392,
FOXK1,3.7760718524273873,0.10754017988676279,0.9379247069273645,0.11465758295147564,0.9087165360228536,
AP5Z1,2.175408793421656,-0.17007333565199928,1.2040905637056927,-0.14124629889016316,0.887675371452337,
MMD2,1.358306336044895,-2.422689318119297,1.799427085104501,-1.346367039917375,0.17818417511605256,
RBAK-RBAKDN,3.5538235369735376,0.6978200270438696,0.9424875753746698,0.7404023620857423,0.45905588598934177,
WIPI2,1.8237307254622384,-1.121503067678628,1.3656776368973191,-0.8212062915715374,0.41152877342196303,
FBXL18,1.381493954919848,-0.32511867714029596,1.4571276679187797,-0.22312298661150543,0.8234397885451177,
RNF216,6.442793769205848,-0.6641571562100068,0.8759858701471759,-0.7581824991063161,0.44834173667496624,
CCZ1,2.478596611513253,0.6385613381737356,1.100230671308136,0.5803885992511991,0.5616525915861804,
EIF2AK1,1.4090121642616562,-1.0653391275100588,1.534408048540882,-0.6942997519617575,0.48749424651746454,
USP42,1.9472238437249618,-0.8755917876447289,1.3349280442253393,-0.65590935139342,0.5118824509768178,
CYTH3,3.6355661639873684,-0.04595076443372514,1.0005995579112328,-0.0459232307973912,0.9633714382091273,
DAGLB,3.7382349804231665,0.4232229358972155,0.9511100143101797,0.44497789901220863,0.6563357259044302,
C7orf26,1.229431198009121,-2.0918100064124228,1.8219979660295258,-1.1480858076756628,0.2509331424432856,
ZNF316,1.8948512707256677,0.05993045505577457,1.330480628833055,0.045044214667250504,0.9640720664915345,
ZNF12,1.3731006188637005,0.04530104118641842,1.4456497151156993,0.03133611186219675,0.9750014914386916,
CCZ1B,2.1153129275821083,-0.7350801297931725,1.2208707636306122,-0.6020949568873278,0.5471109312817541,
C1GALT1,4.325805026150976,-0.1375501888910419,0.9276280719142344,-0.1482816152891925,0.8821205238346184,
MIOS,4.122710977954675,0.2473167602271341,0.925022249209882,0.26736303957919116,0.7891896540386651,
GLCCI1,5.881401639416509,-2.0258025061305194,0.9128968937392264,-2.219092342217127,0.026480442918776412,
ICA1,2.447344191544803,-0.7414856437642304,1.225646105181424,-0.6049753192455773,0.5451953958139178,
NDUFA4,4.790000673840123,-0.20624574110827895,0.976344605640159,-0.21124277219010187,0.8326978363396091,
TMEM106B,1.9361061533415498,-1.436717684442624,1.397451846211125,-1.0280981690624684,0.30390365182326484,
DGKB,1.3134559108112283,-3.42149547851514,2.338108414269199,-1.4633604915983185,0.14336876338578203,
BZW2,1.857936843522536,-0.29056166585121884,1.3705150096208405,-0.21200910884704877,0.8320999280216478,
ITGB8,1.5694947607487248,-0.008971966484122455,1.3926595862927003,-0.006442325585110204,0.994859803436075,
SP4,1.8425036321588915,0.865166159223351,1.2782508133215063,0.6768359935365393,0.4985100183044354,
RAPGEF5,3.4460465079877824,-0.6137409128504586,1.0955177167923646,-0.5602291076108465,0.5753231753522408,
TOMM7,4.203052918082853,-1.0762797819428462,0.9371508688372345,-1.1484594612586074,0.2507789390067592,
FAM126A,6.399753615638091,-0.7121020642395531,0.7756215955359278,-0.9181049990588712,0.3585638979343406,
KLHL7,2.28510143998052,-1.2996892109573777,1.254751021997121,-1.0358144270635707,0.3002887256266501,
NUPL2,5.185061972708219,-0.2553092061886815,0.8277207904866302,-0.30844846368856,0.7577411096645634,
GPNMB,1.7869452827642123,1.254124399913468,1.3868941703659472,0.9042682756266497,0.36585316444525307,
MALSU1,1.4566194461391764,-0.8152154243400105,1.4553623024876912,-0.560146035764799,0.5753798320061935,
CCDC126,2.826724975346354,1.7601159279581957,1.1058697888496287,1.5916122727153446,0.11147185077981035,
CYCS,2.588385377376348,-0.8756557248368166,1.202525736063193,-0.728180444356661,0.4665031351341309,
AC003090.1,3.229972878347304,-2.191769422297648,1.1933066840851623,-1.8367193040387166,0.06625134398516784,
CBX3,4.206503456540506,0.8617572190279323,0.914481645578125,0.9423450139156584,0.34601602903276796,
SNX10,3.5616237574469096,0.26778830553914407,1.0454275576951642,0.2561519481364469,0.797833510838023,
HIBADH,3.382532450094432,-1.8359552567542072,1.098626641005105,-1.671136661199604,0.09469468747611823,
CREB5,5.744278195014124,-0.39745774210584345,0.8436767104035288,-0.47110194841782493,0.63756793379968,
WIPF3,1.643830294937283,0.05297472148802663,1.527114426221904,0.034689425087212754,0.9723273934115715,
FKBP14,1.5175052690094935,-0.5023986188143021,1.4672707795165454,-0.34240347850438263,0.7320472710684682,
PLEKHA8,1.8585299591053115,0.15439544251446585,1.316379356347982,0.1172879548512547,0.9066318697856931,
MTURN,2.774177760792629,0.3596671204511803,1.127051637104575,0.31912213124074296,0.7496339020644398,
RP4-777O23.3,3.094016291997214,-0.9734731556442224,1.0789609619026408,-0.9022320454741929,0.3669336152037683,
GARS,1.0582982955522895,-0.985282616434505,1.7262450660451902,-0.5707663620969978,0.568158027615056,
PDE1C,4.956409420704868,-1.0295999820726889,0.8863436174191084,-1.1616262156551882,0.24538732854235845,
LSM5,1.3762316675195294,-0.3496970544960174,1.5038104436328512,-0.23254064764388244,0.8161181200760695,
KBTBD2,3.5294143323067337,1.0281669613892068,1.0382932476386486,0.990247180868727,0.3220533165657312,
NT5C3A,3.0228930377242356,-0.34232327503570187,1.084871511699768,-0.3155426899350989,0.7523496433954687,
BBS9,6.2633841547208995,-0.2574244022735175,0.8093387174836961,-0.3180675738260393,0.7504336796823816,
DPY19L1,2.989793076709688,0.9711421922904843,1.0510221427440816,0.9239978424764286,0.3554874391116494,
HERPUD2,3.6943944114888763,1.0875880194992793,0.9365539804982356,1.1612657061376168,0.24553386124746823,
AC018647.3,1.2854865436823448,-0.04774027589235322,1.4731060164583198,-0.03240790232269341,0.9741467606573818,
EEPD1,3.8877922810480228,-2.3400471873223876,1.1265885359890637,-2.0771089999313674,0.03779150011558146,
ANLN,4.259260861329683,1.0336180458434387,1.0402352651707232,0.993638728133103,0.32039878245583375,
STARD3NL,2.3353073814670435,-1.4423559819201643,1.3457766870725218,-1.071764725734499,0.2838257204896434,
YAE1D1,1.85083935002379,-0.4303709114205277,1.3620656940783595,-0.31596927614547826,0.7520258284485438,
RALA,3.2150498179949416,0.4475369767030826,0.9998240828242747,0.44761571999635463,0.65443055601455,
MPLKIP,2.285620480239889,-0.0039622380982987995,1.1587639100273737,-0.0034193661573436464,0.9972717458518121,
SUGCT,1.8295861284453323,-0.6431801022477586,1.3264712647168242,-0.484880539334612,0.6277610875922136,
GLI3,1.5924472294263037,-3.730313884538816,2.200862416783658,-1.694932793659269,0.09008817064732301,
STK17A,4.094237458610903,-0.5679369787040036,0.9220461074798011,-0.61595290527968,0.5379256026393004,
COA1,6.240176212564291,-0.4774968580980173,0.9120868438266669,-0.5235212648114469,0.6006115568975015,
URGCP,1.2747550064528312,-0.10834150722918343,1.6471915719715113,-0.0657734710841862,0.9475581774954425,
SPDYE1,1.8321787892579422,-0.06837093883333652,1.281868090282654,-0.05333695358487363,0.9574634373891919,
DBNL,1.6290907398580348,-0.3762428985308222,1.3456756996705062,-0.2795940348948463,0.779788984119936,
AEBP1,3.546320918233904,2.524343305418996,1.367965359828023,1.845326920950944,0.06498999663905414,
CAMK2B,2.315425234909344,0.22789441155912002,1.196852258093475,0.19041148146567752,0.8489867013531007,
NUDCD3,4.779834015361449,1.6694305141592016,0.9034377825259363,1.8478643980237508,0.06462196197959845,
DDX56,2.603873497921692,0.9342741805446854,1.24656445612942,0.7494792394816107,0.45356840696751954,
TMED4,1.4882329033868646,-0.5964381658577936,1.461850397323347,-0.40800219157163686,0.6832720659306267,
OGDH,3.647899441366239,-0.10795609719494108,0.9622231263009172,-0.11219445287077816,0.910669227369386,
ZMIZ2,3.0120429998547844,1.4975189136227631,1.1182044213735418,1.3392174856394254,0.1804998816595027,
PPIA,6.495987106382739,0.15880059888746978,0.7418729679603366,0.2140536260865079,0.8305052386080947,
H2AFV,3.139585745424926,-0.2627765741375792,1.1496151823576508,-0.2285778564603439,0.8191970369313484,
PURB,1.7927043850009319,0.270661748602,1.4103993802666988,0.1919043303541578,0.8478171453579192,
SNHG15,1.6256048341615046,3.7806796480405076,1.8101500570843974,2.088600131930518,0.03674373330715433,
TBRG4,1.7691973018535598,0.4001209677947301,1.3936000296628763,0.287113202696704,0.7740256432926798,
HUS1,3.8955614123797453,0.10285748541914363,1.0358715364861402,0.09929559969188306,0.9209035720896404,
COBL,2.912632621962839,-2.602760015959403,1.3506032006452302,-1.9271093202770242,0.05396600746435633,
SEC61G,1.5810191454607014,-0.7531056037329172,1.4309531175867574,-0.5262964904140245,0.5986822211100837,
LANCL2,1.2885303622820297,-1.0010025148093233,1.581247125618077,-0.6330462193997994,0.5267034608821133,
GBAS,4.420142402819102,0.019751906753385333,0.8993701809703579,0.021961931995648776,0.9824783220747298,
CCT6A,3.4089870766245194,0.4962635550079554,0.9694976983463249,0.5118769810948841,0.6087371092885143,
SUMF2,4.062304537090795,-0.027873709899351725,0.9308456438926174,-0.029944502702713666,0.9761113137235544,
CHCHD2,3.969053982497145,0.009966090944946101,0.963787005557491,0.010340553345789651,0.9917495791676826,
ZNF736,2.8533145596485365,1.4520486599811946,1.097231218768226,1.3233752696275758,0.18571061174582837,
ZNF680,1.925407118428624,-2.849553497623419,1.7004237630917018,-1.6757902115190249,0.09377929212256324,
ZNF107,1.2160300341918988,-0.9129829398829203,1.6957112273255628,-0.5384070855760367,0.5902960357021427,
ZNF138,1.4104052832632388,1.6205333514415086,1.5184575499283341,1.0672233487975953,0.2858709914490515,
RP11-479O9.4,4.271225764050828,-0.6501320147165741,0.9469306337313284,-0.686567728994852,0.49235517030954645,
VKORC1L1,4.209547275140191,0.46056579729986086,0.9012722527352416,0.511017393359337,0.609338877541274,
GUSB,2.7461658449591195,0.8379946670767305,1.0667424448923104,0.7855641922651044,0.43212284937232026,
TPST1,2.241057016962054,-0.7432057896549467,1.2486831353665515,-0.5951916612029666,0.5517153636623517,
LINC00174,1.2569494073509297,-3.338542610977527,2.2429476619032647,-1.488462110678316,0.13662906721204982,
RP11-792A8.4,1.3089936268297169,-0.2036326275537576,1.5198121981935124,-0.13398538832350507,0.8934141286765506,
TMEM248,3.0959389095939294,0.5474458770323883,1.040159273095783,0.5263096635220564,0.598673069876719,
TYW1,5.603316889247661,-0.16982053834511085,0.8037830744107173,-0.21127657915615164,0.8326714575516858,
RP11-166O4.6,1.7575015653739954,-0.9091452391044242,1.384146199313907,-0.656827464869729,0.5112918622512782,
TYW1B,4.297270780271254,-0.9832161820562512,0.9287608905637117,-1.0586321969904309,0.28976731775110354,
POM121,4.6237114033131235,0.25735839453734555,0.9007595228235237,0.2857126547279002,0.7750982114886583,
NSUN5,2.6355931208616483,1.6877234632940934,1.165760312998237,1.447744827539558,0.14768842797252113,
BAZ1B,2.3309767910001877,0.22895499436704841,1.1419054325520683,0.20050258790288097,0.8410875342377291,
WBSCR22,1.58019379566165,1.0253986748022157,1.3687705088483713,0.7491384919338633,0.4537737370065468,
LIMK1,1.6979541337657047,-0.13978267650760037,1.3488907523526144,-0.10362787072548607,0.9174646690930914,
EIF4H,3.903225517941072,0.23873091732233348,0.9280406058685321,0.25724188770696155,0.7969920499942582,
CLIP2,6.1643302158741635,0.7736124827773212,0.7763957396265725,0.9964151569783343,0.3190484715725832,
GTF2IRD1,1.39172867731296,0.7502048605121728,1.5306989907491644,0.49010606595161005,0.6240588458937397,
GTF2IRD2,1.4406256215093443,-0.8356719604057069,1.4765381571355018,-0.565967060429321,0.5714161727611358,
GTF2IRD2B,4.031149393566526,0.3432567736200171,0.9459830166801109,0.36285722636402384,0.7167115405169713,
POM121C,3.091198552904673,1.0989386768070402,1.0880669390664808,1.009991791267812,0.3124992228804254,
SPDYE5,3.3380724434993145,-0.1496612230239817,1.0112489961309914,-0.14799641195846033,0.8823455999031471,
HIP1,4.238748455891107,0.6663599378259162,0.917575175560033,0.7262183585330869,0.46770491921905644,
RHBDD2,2.8572649593070225,0.9859461774969994,1.2560675980991007,0.784946748876497,0.4324847910003059,
POR,2.8230808852275495,0.25140938487276127,1.044374199623684,0.24072730345440438,0.8097664760539609,
TMEM120A,1.1356422555722518,-0.4119385327158217,1.6374014790766227,-0.2515806526253571,0.8013652146822379,
STYXL1,3.68179655348988,0.6625751858681961,0.9944521631175192,0.6662715517567801,0.5052375456772789,
YWHAG,4.8562847431100655,1.2511872103474626,0.9523475641088264,1.3137926293939544,0.188915998675938,
DTX2,3.867691055006785,0.43391538399203416,0.9109887878987449,0.47631254056692435,0.6338517324694555,
SPDYE16,4.135553249204878,-0.26293666424485046,0.9945592811444679,-0.26437505458928673,0.7914909314623267,
CCDC146,3.7901757432192356,-0.556587450677719,0.9581635097504069,-0.5808898429274406,0.5613146983249454,
RSBN1L,5.253496434251782,1.068451097658453,0.8726932933006835,1.2243145511264082,0.22083358977795697,
PHTF2,4.7223689121123416,-0.07933955636737652,0.8668393309825508,-0.09152740713489106,0.9270735298847792,
GNAI1,3.3421485743269272,-1.815002962494668,1.1801020107560904,-1.5380051435822883,0.12404735714863346,
HGF,2.1679827649602594,0.3460392846071562,1.2565070995843632,0.27539779498390554,0.7830106379636761,
CACNA2D1,3.4465655482471518,0.11024063391869011,0.9912564222891063,0.11121303372149828,0.9114474163343642,
PCLO,2.4713703149515442,0.2739848468166346,1.1088882025368165,0.24708067611309803,0.8048457884056013,
GRM3,5.192014617959572,-0.8025512414127336,0.8998158374982311,-0.8919061078587777,0.3724432605775124,
KIAA1324L,1.9140662645191657,-0.01710030862184337,1.2875625470989098,-0.013281147902580094,0.9894034886575194,
DMTF1,5.419434944393164,0.17684127958070023,0.8085185289811747,0.21872260590433265,0.8268661383596668,
TMEM243,3.0229891570284657,-0.8395141702285335,1.0868257136791635,-0.7724459953993712,0.4398503208212866,
CROT,2.1940753529838974,-1.554487779025856,1.3655134198310022,-1.1383907008531937,0.2549573753221407,
SRI,2.377936229555376,-0.8944006356503303,1.240951658564385,-0.7207376931064601,0.47107091669454493,
GTPBP10,2.6958210540215966,-0.9203535567241768,1.1805065781450839,-0.7796259451347722,0.435611079745027,
CDK14,2.546946963957948,-1.0747192383487338,1.178952231784659,-0.9115884506379528,0.3619854044178248,
MTERF1,3.9740751209036964,-1.2665077673627794,0.9804964510914017,-1.2917005114633664,0.1964608802841149,
AC007566.10,2.170433467977169,-0.6549711146110812,1.204807157444683,-0.5436314936908508,0.5866950831111704,
PEX1,1.3347932541011291,-0.7314933974640588,1.6398848106466422,-0.4460638898018789,0.655551095963517,
RBM48,1.2841481524203184,-1.4401513376969777,1.7053594983465132,-0.8444854818548952,0.398398172760246,
FAM133B,6.012773344490068,0.47163873057096617,0.767194136488244,0.6147579968870022,0.538714552086957,
VPS50,4.578380026985343,-0.013065571258859278,0.8758140844308673,-0.014918201809177018,0.9880974385944398,
BET1,1.859813622627782,-0.22371294812274897,1.462703033901408,-0.15294488555619426,0.8784417387329237,
CASD1,4.211962403946676,-0.5482559710146222,0.9545250767039023,-0.5743756601008541,0.5657136200330877,
PPP1R9A,2.599168689913455,-2.4529407251037902,1.446015323355647,-1.6963449041545808,0.08982058119285571,
AC002429.5,1.4249512611519322,-3.5514096907131143,2.196387167431207,-1.616932453155187,0.10589286221286433,
PON2,5.847802009564734,-2.2578516133415283,1.0438903219731168,-2.162920343081478,0.030547306824292797,
PDK4,5.91035609724182,0.4083804774812786,0.9317489148876198,0.43829455656573985,0.661172771397518,
SHFM1,5.022171221908867,0.3761591311767521,0.8563292660475234,0.4392692695333813,0.6604664383483606,
ASNS,2.401659527263998,1.770448971192402,1.3314269900348372,1.3297379311396396,0.18360463264831905,
TECPR1,2.4349043365259377,0.9301805523571444,1.2503002717175864,0.7439657283920437,0.45689720901760944,
BRI3,2.4839521277661096,0.17024025663756198,1.1811676308350652,0.14412878595158002,0.8853987741309819,
TRRAP,3.800442967928936,-0.6390681205156501,0.9766794724588849,-0.6543273802066653,0.5129009094743449,
ARPC1A,3.200752350012538,-1.127553217846898,1.0763833855653777,-1.0475386678833238,0.2948512077542519,
PDAP1,2.641191511108687,1.6645303442429942,2.772156918798398,0.6004459318141669,0.5482090843611276,
ZNF789,1.232529744348362,-0.9035796722343491,1.599728668275526,-0.564833080855136,0.572187303911172,
FAM200A,3.798089697268946,-0.6324842575284942,0.9879722071070326,-0.6401842612359779,0.5220528137004348,
TRIM4,2.065535905847117,0.4423062594271029,1.22447391223795,0.36122146417860984,0.7179338977721792,
ZKSCAN1,5.6148352751632435,-0.014351636700909625,0.790655114364888,-0.018151576382880806,0.9855179327121572,
COPS6,3.494172830124672,0.21520449266194738,0.9654687037006872,0.22290157292210344,0.8236121121712838,
MCM7,2.116861353166848,2.2030207628423866,1.3690162084622495,1.6091999124809007,0.10757263555527526,
AP4M1,1.1196484309424197,-0.43140239490311105,1.6225862677664453,-0.26587331809294407,0.7903367747979382,
LAMTOR4,5.15319423726343,0.5448925453724374,0.9773771639104525,0.5575048870513211,0.5771825210089415,
GATS,2.5753939797815257,0.19779120347766538,1.1424353169059156,0.17313120537392693,0.8625482969726143,
SPDYE3,3.381961559934624,-0.6496363862568291,1.1285713819199013,-0.5756272014905089,0.5648671909145491,
PILRB,3.941382035659857,0.2671700786951407,0.9580947146154621,0.2788556022901882,0.7803556417049389,
ZCWPW1,1.5566867125142778,1.2709137551414005,1.4194477634326623,0.8953578904995694,0.37059580324759567,
TSC22D4,5.094723543199599,-0.6036253897629353,0.8758912272735718,-0.6891556519430714,0.49072532150721404,
SAP25,3.2575661642397313,1.978270198675829,1.1100860362737526,1.7820872743488667,0.07473500069393774,
LRCH4,2.261649084572704,0.06188089035460787,1.1890171959675495,0.052043730372001044,0.9584938488082339,
GNB2,2.402075110840649,-0.7469010018441349,1.2946915364844678,-0.5768949443140933,0.5640104260723313,
SLC12A9,5.27467543720667,1.3439554088065737,0.8398158652837169,1.6002977132999772,0.10953255391216786,
SRRT,5.349314753367505,3.073304970395299,1.082479902337189,2.8391335153287445,0.004523622479341115,
TRIM56,3.239904181652427,0.09862377613573668,1.0604082150536394,0.09300548103613844,0.9258992068618384,
SERPINE1,11.697699944119691,1.3397175228429918,2.5795821345882177,0.5193544740752567,,
PLOD3,3.5988292687903614,1.4947875518419327,1.027004926521215,1.4554823577188116,0.14553577087908395,
ZNHIT1,3.4249650375120644,1.688153742689199,1.3109795768990125,1.2877040744466466,0.19784899471947626,
FIS1,2.0940243132353697,-0.041626122334421416,1.2156082483940378,-0.03424304037868651,0.9726833453914778,
PRKRIP1,6.085183370630218,-0.3174438856555885,0.7696116932918899,-0.4124727942967881,0.6799929174083911,
SPDYE2,4.019398929347406,-0.6534972656316728,0.9889496745346549,-0.6607993131088015,0.5087410233847227,
RP11-514P8.6,3.169693507234643,0.2693549453394399,1.003998932592219,0.2682821032926737,0.7884821809448187,
RP11-577H5.5,2.1340311065392057,-0.14179076051075643,1.23901828342242,-0.11443798885606561,0.908890601036154,
FAM185A,3.9992267489400386,-0.38606100055617376,0.9578465236906167,-0.4030510013949489,0.686910705514477,
FBXL13,1.199749247606235,-0.13503184850541192,1.5593003577601603,-0.08659771533649675,0.9309912819770293,
ARMC10,1.761506692772038,-0.2672393634763693,1.4061591805495717,-0.1900491545857018,0.8492706125899137,
NAPEPLD,2.624755236497723,-0.6445898333343515,1.1075865440490948,-0.5819769450952985,0.5605822102269425,
PMPCB,1.857568831749097,0.9857481307213571,1.3901633577397945,0.7090879825260549,0.478269880046022,
DNAJC2,2.1975420925387206,-0.1177298938648221,1.2242840082758069,-0.09616224100699018,0.9233917191045965,
PSMC2,3.6933754844992692,-0.14485231254531566,0.9598658085026618,-0.15090892004089337,0.8800475639008748,
ORC5,4.104498865966352,1.0292430187055528,1.000345601098359,1.0288874340782477,0.30353257389861155,
LHFPL3,3.732778897939284,-1.2033499489398851,1.0413498830844428,-1.1555673731633829,0.24785815990696924,
LINC01004,3.2951444544202197,-0.03665650286742284,1.0034563116366235,-0.03653024296357914,0.9708595643988089,
KMT2E-AS1,2.379496652732903,-0.44409783120360524,1.2280600914730282,-0.36162548908410563,0.7176319144775523,
PUS7,1.7846943116469902,1.3051814995480013,1.422911168144221,0.9172614065923987,0.3590056756857054,
EFCAB10,2.3878839899926567,0.18048099440061782,1.138730743792519,0.15849312524884474,0.8740682374532919,
ATXN7L1,5.5762347682063025,-0.2956855841921583,0.8334298059530448,-0.3547816289747827,0.7227531922212629,
CDHR3,0.7653451998538046,-1.6510751972036688,2.132691719164867,-0.7741743367626556,0.4388277023261261,
SYPL1,1.3148815321293992,-0.8964073129910749,1.6385199259121574,-0.5470835592628198,0.5843213267782115,
NAMPT,4.188616408285847,-0.39440596943279177,1.036450621761456,-0.3805352239188161,0.7035481547028484,
HBP1,1.5876583252360283,-1.919464497911833,1.564429403455558,-1.2269422280558413,0.21984430547520128,
BCAP29,2.2103501407731674,-0.995715070891469,1.2585696656615244,-0.7911481565608093,0.42885754037303625,
SLC26A3,4.177631967892191,2.543637006417993,1.143682061602841,2.224077033133799,0.026143261831419094,
NRCAM,4.053705626251304,-0.6912465053518874,0.9728987914627157,-0.7105019673347779,0.47739291138650364,
PNPLA8,2.1517152890200726,-1.435713180650844,1.3373557530620444,-1.0735461954409649,0.2830261235469326,
ZNF277,4.124970838319984,-0.3991443994478732,0.9195525210515992,-0.43406373242434493,0.6642421610357924,
IFRD1,3.7368296823866527,-0.6731046042593021,0.9974304643952936,-0.6748386261365912,0.49977829688902586,
TMEM168,6.080210935637424,-0.55941142538351,0.7740240758138003,-0.7227312985004387,0.46984498271956143,
C7orf60,4.507352892016595,0.12277850811361149,0.8961164561747303,0.13701177706044868,0.8910214861554765,
ST7,3.7869483938170325,-0.9798916524174096,0.9871424494243958,-0.9926547612138308,0.3208782281805196,
CFTR,3.6043164404158934,0.05284084795089716,1.1948951815528344,0.04422216171482713,0.9647273168376996,
LSM8,3.664399151522702,-0.11358708869426722,0.9735983384062316,-0.11666729924807379,0.9071237046865211,
ING3,1.811796755970005,0.8254755438156,1.2879301774831806,0.6409319062844772,0.5215669249760362,
FAM3C,1.8299603204573085,-0.7981715165039144,1.3146155733764473,-0.6071520318703494,0.5437500224067935,
PTPRZ1,3.6621584572991,-2.048796346794193,1.1539629961972129,-1.7754437131397,0.07582465166242146,
AASS,1.9554114490850278,0.7305456334357057,1.265710374212735,0.5771823067264509,0.5638163081080906,
CADPS2,4.3378072536123655,0.10063221017409477,0.986333534068375,0.10202655257903732,0.9187355991433861,
NDUFA5,1.901074685482201,-0.696630281539674,1.3163826396575617,-0.5292004471594159,0.596666406528202,
WASL,2.3030267714551536,-0.001718072983748571,1.1861406382044903,-0.001448456387388673,0.9988442994156213,
GPR37,3.3755709155949916,-0.169370481895125,1.0074999163829796,-0.16810967340144417,0.8664969993822914,
POT1,3.0844205236783466,0.27072498138744777,0.9936505309046981,0.27245492551688,0.7852722449188242,
ZNF800,4.0680963230862455,0.19742469375921598,0.8900776379460025,0.22180614964645698,0.8244647919752613,
ARF5,1.655319286880979,0.6574696573563942,1.3756878951203309,0.47792065314268506,0.6327066809642082,
RBM28,2.249250621118514,-0.18111524372170906,1.2316198446124635,-0.14705450266490147,0.8830890009823076,
METTL2B,1.6286811550777776,1.1345457572289883,1.3488461897225792,0.841123150937123,0.40027894679367715,
CALU,2.3914248048708857,0.7764358299849455,1.3071860620481577,0.5939749914165938,0.5525288398571739,
ATP6V1F,3.2862543035276706,0.5629863504299425,0.9821376233149718,0.5732255206044505,0.5664920068284143,
TNPO3,6.3229996993070685,-1.4477795680734067,0.866482534201881,-1.6708698801493551,0.09474738197016686,
ZC3HC1,2.97513475289019,2.1580782204721856,1.1451661015948447,1.8845110918553067,0.05949587589808396,
KLHDC10,4.897881133979192,-0.14452958753244224,0.8565413971064504,-0.1687362549208818,0.8660041003409773,
TMEM209,2.381682619216949,0.7699526072653062,1.1525016501987122,0.6680707200137651,0.5040884510072376,
MEST,1.2717111878531464,0.78098457067526,1.5361996407146399,0.5083874191716032,0.61118167392951,
COPG2,4.124055368013095,0.16606216414173505,0.9163569249724529,0.1812199587477632,0.8561949291516034,
AC016831.7,5.379994919064649,-1.1585340753473345,0.8861786423334153,-1.3073369408867432,0.19109830343363732,
AC058791.1,3.7026842908623046,-0.9680628912782432,0.9922874989295366,-0.9755871078921919,0.32926911581388896,
RP11-138A9.2,1.3614373847007244,-3.4143602556261525,2.223983291041835,-1.5352454622204825,0.12472354499857738,
PLXNA4,2.020682590161757,0.5166699268312224,1.4254798298856546,0.3624533409726795,0.7170132849367639,
SLC35B4,1.633095867256077,0.2581620283125192,1.38158609918384,0.18685916749236706,0.8517710548588904,
AKR1B1,4.359571947566121,0.8536683261003845,0.9670169743914664,0.8827852547651389,0.3773523087689049,
CALD1,1.9923744237891787,1.3732987742407705,1.298189565093789,1.057856888675234,0.29012069234628735,
AGBL3,1.4028372970061425,0.23074087235393184,1.4156328886946086,0.1629948514170958,0.8705224884359645,
C7orf49,4.301363319167584,0.40523106323283203,0.9234938019093369,0.4388021472315362,0.6608049043249807,
WDR91,3.858366203459319,0.9224553847087907,1.0496029031046956,0.8788613121973975,0.37947647758530034,
NUP205,1.8518095480702346,-0.3639232891925912,1.3184620420533333,-0.2760210590710886,0.7825318915194549,
C7orf73,2.5714213547000715,-0.9861296146058711,1.1770580338288175,-0.8377918388595668,0.402147623079386,
MTPN,1.7282839274909225,0.4758320452584032,1.316026199774424,0.3615673041615464,0.7176754013421327,
PTN,3.061555259527507,-1.6949945684502086,1.1327141292309915,-1.4964010112604083,0.1345491861958512,
AC090498.1,3.889099583168399,1.1814305458451542,1.1105566626265728,1.063818340480672,0.2874110012177462,
TRIM24,2.9149930485591735,-0.3948486028189019,1.0504294238167555,-0.37589255771626423,0.7069967735542222,
ZC3HAV1,6.125515409109859,-0.8790824824516508,0.8321130089850699,-1.056446027113396,0.2907644870473891,
UBN2,5.835217269847611,-0.7537841022066242,0.8478414201793323,-0.8890626056547066,0.3739694344183754,
LUC7L2,3.2407531445199798,-0.48278744113011646,1.042601058995131,-0.46306057045005466,0.6433209515709175,
KDM7A,5.600601605610625,-0.15129271569912936,0.8418782233332857,-0.17970855107774306,0.857381379952146,
MKRN1,2.6002779553039073,-0.655959762891501,1.1381126881615355,-0.5763574817456028,0.5643735771218551,
NDUFB2,3.217333291428752,-0.13416947702527396,1.0701598477546042,-0.12537330503175453,0.9002280208412684,
TMEM178B,1.6521335104855934,-0.6121967775537283,1.4161314772762896,-0.4323022172568286,0.665521775876319,
AGK,2.711885651575416,0.7957855520634695,1.124409193681413,0.7077366109556601,0.4791088374641964,
RP5-894A10.2,4.004814680851314,-0.6238683102608841,0.9323688887837868,-0.6691217583146504,0.5034178113502026,
KIAA1147,5.186641487434608,-1.0311209454260548,0.8690326274316644,-1.186515802603897,0.23541866458225824,
SSBP1,3.309712657731881,-0.778422452255334,1.0108249890078422,-0.7700862767741635,0.4412487159079085,
GSTK1,4.255622358059546,0.5985136079601511,0.9138343687866424,0.6549475795650329,0.5125015050512498,
ZYX,2.0511450530994373,2.9481178892715203,1.5453233377091689,1.9077676608714742,0.05642125226795671,
TCAF1,2.4248204611766133,0.4620820040831272,1.1673373187352036,0.3958427411399712,0.6922210438633638,
PDIA4,5.686041355313055,4.592679457271778,1.3386163714537063,3.430915350515425,0.0006015482825040155,
ZNF398,1.975648634125572,-1.866795013663416,1.4577714860388433,-1.2805813747503043,0.20034074546763325,
ZNF862,4.61043886111672,-0.2918825508551245,0.9186268399327879,-0.31773788677509174,0.750683769830257,
TMEM176B,5.780386425947337,0.2683186353490596,0.7837752511579082,0.3423412961211263,0.7320940611362565,
ABCB8,1.4266638444259347,-1.7982498132210087,1.7530049416513467,-1.0258098939111038,0.3049812015506458,
FASTK,4.069876801445118,-0.35495897532131443,0.9857966532372412,-0.36007322012675796,0.7187923787218746,
TMUB1,2.3836406295819446,2.516492788307515,1.2963901365736616,1.9411539144833094,0.05223961114315001,
AGAP3,2.33673607467905,1.2935622135642204,1.1898291001776944,1.0871832041854028,0.27695585206908435,
NUB1,1.9521415509781994,-1.8012784376262168,1.4443396902599641,-1.2471293628315427,0.2123500680615047,
RHEB,4.218672732142852,-0.06416016442486609,0.9599401383167384,-0.06683767233378883,0.946710932263882,
GALNT11,5.468612851748986,-0.091955589122203,0.8552987908651172,-0.10751282487981985,0.9143821515125128,
ACTR3B,1.0476539883789202,-0.3161524860474859,1.658768850166956,-0.1905946606217406,0.8488431737167039,
DPP6,5.610852385800744,-1.0040973919310094,0.8905469566551284,-1.127506398654568,0.25952843669044645,
PAXIP1,1.98514812722747,0.8475778132020233,1.2314257711600876,0.688289812550818,0.4912702957660475,
PAXIP1-AS1,1.9681353756080318,-1.7932696550396081,1.4501224899940213,-1.2366332274779088,0.21622327832555222,
INSIG1,1.4583736024199971,0.03919755254048392,1.4443102835037402,0.02713928785814285,0.978348639111727,
AC009403.2,2.5043281622576523,0.2889868418788072,1.1104772894574946,0.26023660692780753,0.7946812684977137,
LMBR1,3.8897400145193988,0.1149196684137503,0.9586524210101591,0.11987626160966265,0.9045811693420245,
DNAJB6,6.077664113316284,0.0684132691999026,0.7648313353405832,0.08944883144652778,0.928725217088023,
PTPRN2,1.9989234830566687,0.21377612657505574,1.2431560097846759,0.17196242860305475,0.8634670665656059,
ESYT2,3.002191358721735,-0.18299391801832998,1.0363170401353898,-0.17658101809695484,0.8598375051352618,
WDR60,2.4541282195675227,-0.26709769953121,1.2335386185587318,-0.21652966150608832,0.8285749069771035,
GTPBP6,2.1576581035014537,1.7324523624245232,1.3238323268871452,1.3086644941646088,0.19064802386777802,
LINC00685,3.6937850692795267,-0.8196716428658288,1.000185110398208,-0.8195199412031733,0.4124898294553392,
IL3RA,2.381483043229999,-1.5815560408965428,1.2748966110417068,-1.2405367048581823,0.2147769467264944,
ASMTL,1.5411897027208472,0.2514049982418307,1.4398145621725682,0.17460928986749522,0.8613866484737812,
AKAP17A,2.8152939753996535,-0.9572871561280676,1.1303394492293934,-0.8469023679397336,0.3970495425199546,
DHRSX,4.107261539964456,-0.7335937379239005,0.9679383331682214,-0.7578930524661912,0.4485150097769177,
CD99,5.451144520945085,-0.09340062090883897,0.877596347679109,-0.10642776847903505,0.9152429621298411,
PRKX,3.7858422623006867,0.5394743497192455,0.9274265869141525,0.5816895453841265,0.5607758147720034,
NLGN4X,0.8933402603509716,-1.8848810520321788,2.0485020182075715,-0.9201265291803031,0.3575066423941776,
PUDP,2.454502411579499,-0.3660716795612903,1.150373501655593,-0.31821984688837823,0.7503181790149978,
TBL1X,3.6106495047062563,-0.11317029312445322,0.9423250978643276,-0.12009686824742415,0.9044064132130312,
MID1,1.5039975401648515,-3.657437940837388,3.6656958090515572,-0.9977472576437525,0.31840193122674465,
RP11-120D5.1,1.0560473244350677,-0.7218782378691341,1.7561306267336627,-0.41106181219093063,0.6810272107309289,
MSL3,2.210527491337149,-0.4020027481226003,1.1988510285931673,-0.3353233542238723,0.7373811783994695,
FRMPD4,0.6933507572903049,-1.516019510773685,2.21536484305941,-0.6843204700676156,0.49377282367910147,
RAB9A,1.7019652599601411,-0.6404951299293687,1.3412758024231772,-0.4775267911135329,0.6329870479288708,
TRAPPC2,1.4197111991745819,0.005088929332376792,1.5182701768426148,0.003351794305121436,0.9973256600804474,
OFD1,3.608398533589035,-0.0651264224418426,0.9762945222538381,-0.06670776180480262,0.9468143550517875,
MOSPD2,2.480437997850218,1.8765346961704756,1.1782770132953266,1.5926091021009638,0.11124791034107936,
CA5B,3.755518467371863,-0.29097117328342464,0.9543979473489765,-0.3048740560388389,0.7604620759547076,
ZRSR2,2.7613149848186254,0.17394377300064895,1.0936908507195229,0.15904290767927146,0.8736350686004013,
AP1S2,4.001451397979209,0.4560473677407752,0.8987918023713246,0.5074004530721842,0.6118738678745945,
CTPS2,3.992831982415918,-0.9130498553754085,0.9866249080167445,-0.9254275337633303,0.35474356213001856,
SYAP1,1.5761339405240518,-1.1085243687199864,1.4202587862428402,-0.7805087209863228,0.43509149629536514,
RBBP7,1.6254953786823922,-0.12057783612336585,1.380378124140667,-0.08735130904688143,0.9303922711230477,
REPS2,1.6872550988527795,-1.0584092419887903,1.4474126807789995,-0.7312422062097405,0.46463122443236116,
SCML1,2.388682836271513,-1.1459403860724662,1.2704373684500934,-0.9020046281151893,0.3670544092279321,
CDKL5,3.544356546188227,-1.221187679538623,1.0357031606946245,-1.1790904246344076,0.238362171058371,
PHKA2,1.6344402573144974,0.11070909041213485,1.3278034335611268,0.08337762022140324,0.9335512830165789,
PDHA1,1.1067856549684167,-0.9697071131933089,1.6538217979155236,-0.5863431685418148,0.55764492702344,
CXorf23,3.0613777530507877,0.352155580166568,1.0288053942652549,0.34229561988063645,0.7321284315436818,
EIF1AX,3.359658322224911,0.8549953653295899,1.0606227667502846,0.8061257896144067,0.42017032269266463,
MBTPS2,1.2876502847434221,-0.7733063491458773,1.5576251021652459,-0.49646500179722863,0.6195663738939103,
SMS,2.9163374386175938,-0.4769192232377852,1.092420171478955,-0.43657123485015475,0.6624223275828771,
PTCHD1-AS,1.7059763861545774,-1.3001663633771672,1.5142277199527103,-0.8586333127079272,0.39054285308997694,
EIF2S3,2.6892364205436827,-0.630206054015697,1.1225208258611916,-0.5614203669960478,0.5745110028593878,
ZFX,3.70088874301681,-0.20831996389104201,0.9435220225258989,-0.22078972076703574,0.8252561677222976,
PDK3,4.718408466065818,-0.7333690197703265,0.96562228603648,-0.759478142101021,0.447566584579845,
POLA1,2.9847852489486133,1.0628687958135175,1.0831126319737068,0.9813095743114916,0.3264401027342758,
GK,6.3875487293744575,0.37820570018415295,0.7405640639434306,0.5106995040648407,0.6095614880526377,
TAB3,1.8214797543450165,-0.9021519104637459,1.3145924611539521,-0.6862597627190369,0.49254931758306053,
DMD,6.344949275258011,0.2582787631098322,0.7563461849499042,0.341482205171616,0.7327405988891511,
TSPAN7,1.7018233021644409,-2.873108004051456,1.7483451823022473,-1.643329951736478,0.10031468448634727,
MID1IP1,3.455985379176976,1.3690346742843211,1.262305056501407,1.0845513667502253,0.27812040476935806,
ATP6AP2,3.9436906249683275,0.6901407388111173,0.9165501999291317,0.7529764751177617,0.4514640506841743,
CXorf38,2.863461870543361,0.07367281060523193,1.0282514725028955,0.07164863126906387,0.9428815373390251,
MED14,3.8636534252921546,0.48520880311358544,0.9559811158717929,0.5075506148163883,0.6117685318003667,
USP9X,5.545210148444165,0.31269259983255376,0.8793465874000017,0.3555965353286969,0.7221427386840076,
DDX3X,6.38426567653489,-0.7144469095947518,0.803899175087792,-0.888727009225664,0.37414981175856654,
CASK,5.9620408313109685,-0.5343970636841617,0.8170163768800516,-0.6540836619761149,0.5130579068326626,
MIR222HG,2.5527060661946677,-1.756082491918265,1.2455255001126697,-1.409912917687683,0.1585653978900824,
KRBOX4,5.09952133663796,-1.4777583345503127,0.8943454190711364,-1.6523351079330248,0.09846625612414149,
SLC9A7,1.2143721786574524,-0.2296061290400411,1.6868544628604987,-0.13611496077182877,0.8917304006167459,
NDUFB11,1.9299728590928538,-0.4723235618966508,1.2599683374942752,-0.37486938984194657,0.707757605138287,
RBM10,1.4922380307849068,0.1421878001473961,1.4876148224980146,0.09558105901945317,0.9238533090284147,
UBA1,3.4275575168825303,0.26052164525199223,1.1189626953242628,0.23282424547361336,0.8158978850611586,
USP11,1.8447546032761135,0.8325593633621692,1.264665360403344,0.6583238455243513,0.5103300586263941,
ZNF81,2.414528302034395,0.8846484174171901,1.259764116646911,0.7022333830017647,0.48253363004808336,
RBM3,4.1497323724600825,0.3443270891380137,0.940606449378802,0.3660692411426853,0.7143134088853449,
WDR13,1.637106993450513,-0.33062969404877046,1.4032016075483433,-0.23562522467918393,0.8137234980356813,
HDAC6,2.693412899709313,1.101758412671031,1.1605342642777061,0.9493544883457138,0.34244034934793033,
PCSK1N,2.2393355444399647,-0.4226918989653736,1.2473901420497182,-0.3388610224791452,0.7347144285699645,
OTUD5,1.496120353916381,-0.9144111385042897,1.4735720975287174,-0.6205404812142009,0.5349020110749454,
GRIPAP1,2.770211315949711,0.14841579151131803,1.0711539962704908,0.13855691341120632,0.8898002929155746,
WDR45,1.5246027625082395,-0.29908614896770586,1.4257879961555995,-0.20976901879812565,0.8338479544816533,
PPP1R3F,1.333973903098472,-0.00020641198663447116,1.4887485972967676,-0.00013864798059878537,0.9998893749172482,
CLCN5,6.107291180066876,0.5401580981189597,0.809343727567262,0.6674025877022304,0.504515013441063,
SHROOM4,2.6034058956150345,-0.21787465809210785,1.1530372049775994,-0.1889571794835021,0.8501263779531164,
MAGED1,4.240628343341054,0.4220447126349233,0.9138370739063129,0.46183802855670925,0.644197477608682,
TSPYL2,1.7611456554928002,1.5868828554431127,1.3766477172206153,1.1527152775489666,0.2490272686352678,
KANTR,2.4051349746247648,-0.2481668240450992,1.1375319423643249,-0.21816251025821057,0.8273024940110904,
RP11-258C19.7,1.3708821500630666,-1.0126789682052812,1.6180528857412189,-0.6258627126031051,0.5314049935841958,
KDM5C,2.3590821171283776,1.0672080042427015,1.1548095023718945,0.9241420355917872,0.35541236997573444,
IQSEC2,1.7557149067765867,-0.5908009383104014,1.3740226867419196,-0.42997902728324494,0.6672108973843476,
HUWE1,5.383319544911033,0.17259971545984612,0.7993749716313754,0.2159183381831461,0.8290514024454632,
FAM120C,3.97415207406622,0.2401142624961307,1.015448601705946,0.23646126657000707,0.8130747599083845,
MAGED2,2.058055149646165,-0.1956410152757829,1.28841056994027,-0.15184679467885204,0.8793077732251519,
MAGEH1,1.401028594427909,0.41448295508172045,1.5885530206368452,0.26091855273143844,0.7941553172730784,
RRAGB,2.74200987051729,0.11366686086880387,1.1362591662226675,0.10003603424971542,0.9203157177230492,
LINC01420,4.351107657143843,-0.789660145362508,0.9249481577564755,-0.8537344917556051,0.3932521184069524,
ARHGEF9,4.55519240811039,-0.5392115611197427,0.8822495782282719,-0.6111780321874271,0.5410817249551527,
ZC4H2,1.6802448354101778,-1.016104062732201,1.5329935383273112,-0.6628234479324019,0.5074436344131197,
OPHN1,4.405206162204597,-1.4065569140735974,0.9615750561079468,-1.462763520267207,0.14353209826032023,
YIPF6,1.3823193047188986,-2.5041763549695784,1.83360256406054,-1.3657138160976623,0.17202880612233062,
EDA,6.56297353974302,-0.40869914728430884,0.7829339602097206,-0.5220097326916725,0.6016635541263181,
IGBP1,2.4426303383757406,0.42745261301130305,1.3061787578412598,0.3272542984221854,0.7434755555250558,
NLGN3,0.7547008926804352,-0.7898165884633702,2.0379288850808166,-0.38755846400992006,0.6983428118538675,
ZMYM3,2.8280533202203437,1.0356698808709754,1.1217873678787456,0.9232318980640558,0.3558863691375689,
NONO,2.619867141109381,-0.9151718808734733,1.337072959855413,-0.6844591943377849,0.49368524809656433,
NHSL2,4.272300987867668,1.601106338964051,1.0339737972234004,1.5484979825055623,0.12150244708925467,
PIN4,2.6274767003732955,0.03738105873521465,1.1367181314924275,0.03288507300058288,0.9737662363783604,
CHIC1,1.9009874554260564,-1.0452167037066222,1.361013581096952,-0.7679693415433788,0.44250539937570743,
XIST,20.659295816862908,0.4298399808345449,3.7352401231045373,0.1150769339234031,,
RLIM,1.4798070650141286,0.7788050686141741,1.451466374445676,0.5365643202803128,0.5915685954581247,
KIAA2022,1.9934927343404556,-1.6800845915123181,1.390357751404983,-1.2083829430335902,0.22689999765764501,
MAGT1,3.30453778182985,0.8362070283950219,1.0609376780368314,0.7881773319073246,0.4305929864053264,
COX7B,2.2785169879447493,0.8459220387167428,1.1676638135169657,0.7244568418788735,0.46878531392438805,
ATP7A,4.1587126438604685,-0.08098147690897338,0.8923904054661106,-0.09074669159702069,0.9276938691291268,
PGK1,5.537460044559488,1.0750604695396533,0.875270165180188,1.228261298405316,0.21934889427444193,
BRWD3,4.273429163364838,-0.2024105468941052,0.9363162580600506,-0.21617754167110023,0.8288493588063033,
HDX,4.170756250273958,1.270211236759273,0.9256316799155658,1.3722642216341807,0.16998119930512812,
APOOL,1.9722853512534673,0.598684737563341,1.2130349187577165,0.4935428719368286,0.6216290550830162,
ZNF711,1.0266848383046014,-1.272586005707897,1.8406012718625473,-0.6913968957655547,0.4893161543512996,
CHM,4.382715115595138,-0.24786652108133883,0.876187815636763,-0.2828919971926381,0.7772596294343801,
KLHL4,2.0745223574860403,0.5826554871069881,1.2594590655634261,0.46262360011385834,0.6436341893423798,
DIAPH2-AS1,3.0016916534336406,0.5089822415995777,1.038979894951179,0.48988651664284066,0.624214204698583,
ARMCX4,5.243567839956209,-0.9552543358203512,0.86109815806768,-1.1093443028190415,0.2672816799323041,
ARMCX3,2.2852462882279134,0.10441161535019336,1.1795318793654248,0.08851953658629869,0.9294637573380589,
ZMAT1,3.7654083661954805,-3.967482961517194,1.581487926702014,-2.5087026556003242,0.012117543794696468,
BEX1,1.4516796949051136,-0.3704104426173292,1.7022545715653328,-0.21759991061543332,0.8277408541401317,
BEX4,1.3044694591723054,-3.48094418424852,2.235576532246879,-1.557067778283563,0.1194543942011464,
TCEAL8,1.0983598165956812,0.7421560742697763,1.6170314353513484,0.4589620572889609,0.646261413373562,
BEX2,0.6320006219001747,-2.5231098547389688,2.670438136843008,-0.9448299213258652,0.3447457134448798,
NGFRAP1,2.877607152899884,-2.8394462533200837,1.4643506993265343,-1.9390479716545814,0.052495497101221256,
TCEAL4,3.0664951922037127,-0.555605715096972,1.0296230283433003,-0.5396205211056334,0.5894587615486692,
TCEAL1,1.2846064661437375,0.17263640534847918,1.511686822145919,0.11420117104904885,0.9090783236210154,
MORF4L2,4.783374648797535,0.8562313933764829,0.879477767090494,0.973567980244782,0.3302710912670753,
SLC25A53,2.0976036292265814,-1.7816259782871848,1.5000046484858016,-1.187746971374835,0.23493311207844325,
FAM199X,1.6890964851897443,0.12798790981869,1.3637559107299293,0.09384957294167579,0.92522865191527,
IL1RAPL2,1.4694822221131794,-0.3910476432983669,1.4044030133154468,-0.2784440360713841,0.7806715195926774,
RBM41,3.282110326678629,-1.2243546064473316,1.0685346009319576,-1.1458258865735096,0.25186720184733713,
TSC22D3,3.8015106238617045,1.945435468274758,1.0185134004737229,1.9100735124053474,0.05612374887010347,
COL4A5,3.0393380201411415,-1.2941552647612011,1.1526929864890592,-1.1227232922645052,0.2615550324120268,
TMEM164,3.2443220021754278,-0.7011950666860439,1.0511743124711836,-0.6670587916457159,0.5047345807584419,
AMMECR1,2.7132404999695994,0.24105097045684692,1.1478215927698783,0.2100073495526009,0.8336619368331295,
ALG13,6.57886427057442,-0.2426492926918951,0.7976651791706136,-0.30419942982116127,0.760975959206035,
AMOT,1.8340555683631878,-0.03286782001441468,1.283890207405374,-0.025600179692029563,0.9795762427445567,
DANT2,2.5705087748448765,-0.09652807732890918,1.0903067224511511,-0.0885329562234575,0.9294530918907477,
WDR44,2.8882261136930096,-0.354601194494047,1.0998593447439595,-0.3224059478047131,0.7471451789032673,
LINC01285,2.686547821868985,1.5098999627181764,1.3665806495899024,1.1048743908171705,0.2692140205132486,
PGRMC1,2.8767729138527467,-0.5061637528058004,1.099768457529865,-0.4602457447658296,0.6453398396508756,
SLC25A5,2.3008305280774883,1.2252041133773133,1.2054178925971426,1.016414407735014,0.3094320875259091,
SEPT6,5.356219991039711,0.2047487738509688,0.8691337038735457,0.23557799328048915,0.8137601517029857,
UPF3B,3.571448713617622,0.21519657065695683,1.056994168555187,0.20359295922238682,0.8386715956371519,
NDUFA1,2.7750578383312354,0.2419040860730055,1.0677109850171331,0.22656326427991538,0.8207633603320408,
MCTS1,1.775659131064905,-1.6717802001342223,1.48406705501809,-1.126485622385738,0.2599600229168151,
GRIA3,1.2400430028659022,-1.0171129080382086,1.6683447413671941,-0.6096539179334681,0.54209108668412,
XIAP,2.906599712503026,-0.19955697189746524,1.0376154788503156,-0.19232266284093566,0.8474894673700677,
SMARCA1,3.4860989583409445,-0.4142479570823254,1.0016428898856606,-0.41356850956094005,0.6791901394066114,
OCRL,2.026499310589726,0.5344553063603621,1.2113609663441887,0.4412023510822828,0.6590665113033334,
ZDHHC9,2.5003009908787854,-0.18929657979998216,1.1508562874752652,-0.16448324770007447,0.8693507335360597,
RP4-537K23.4,1.7660722519941245,-0.45662966652715437,1.4115871458433962,-0.32348669926030454,0.7463266789741558,
FIRRE,3.2119512716557,0.12219751072690234,0.9914748477895103,0.12324822056690724,0.901910542119032,
RAP2C-AS1,2.6065104407506694,-0.5604810212933716,1.1443627186915153,-0.48977567351568,0.6242926465284266,
MBNL3,2.4660207974950814,-0.04500467091504828,1.11138915890232,-0.04049407046537849,0.9676992342491539,
PHF6,2.607375448802653,-0.5211556174858698,1.1513967693613085,-0.4526290427017266,0.6508158821179751,
HPRT1,3.3040347867549116,0.5430892580173946,0.995040149045474,0.5457963264481049,0.585205948731047,
FAM127A,3.6043622915199376,-0.9491328016253704,1.0428604643294928,-0.9101244453021003,0.3627568840236137,
FAM127B,2.966419036580525,-0.9442009068987589,1.2274430086876724,-0.7692421564307549,0.441749568686855,
ZNF75D,2.18727486782902,-0.1343080992248066,1.267839025453253,-0.1059346624677304,0.9156341921195675,
ZNF449,1.436524374807071,-0.5368774057175569,1.521197251100006,-0.35293082822055516,0.7241402985409304,
DDX26B,1.437868764865491,-0.630575414347892,1.5004686130074745,-0.42025231909649474,0.674301137969888,
SLC9A6,2.2758827541253215,0.38454713142014774,1.1712853899392024,0.3283120704170214,0.7426757186656597,
RP11-1114A5.4,1.465012782195324,-1.1531358863380947,1.516302644584727,-0.7604919047370694,0.44696060633770385,
ATP11C,4.2206587852850665,0.12648957928285495,0.9522166358377521,0.13283697692549817,0.8943223101278537,
LINC00632,0.9894023993280308,-0.0126876623501729,1.7893832059745396,-0.007090522761033126,0.9943426287655303,
FMR1,1.6588274180004767,-0.20011748717712943,1.3418603183343345,-0.14913436550947223,0.881447609344272,
IDS,3.3514645366263074,-0.9267701311578856,1.0564391672483524,-0.877258397728467,0.38034630329917574,
LINC00894,4.042534928827504,-1.0816193562541712,1.0425585430531445,-1.0374663019753658,0.29951859259744595,
MTM1,4.530128010130192,-1.1702015927575968,0.96586541805974,-1.2115576051043773,0.22568177129183964,
MTMR1,1.9071623226815702,-2.2714171473492146,1.5189394618824734,-1.4953967582975096,0.13481092607586762,
CD99L2,2.0349251489624613,-0.42746669928000997,1.2201446114949739,-0.35034101306750787,0.7260827892024377,
SLC6A8,1.9424585526031881,0.30054515967034257,1.3112213669553423,0.2292100840060354,0.8187056353015288,
BCAP31,4.342924536852553,1.4106682105156325,0.9787123281333058,1.4413512223823668,0.14948548312141122,
IDH3G,0.9810090632718834,0.47433401164526484,1.688421143309907,0.2809334706123149,0.7787614281767539,
SSR4,2.5848712474604567,0.5317088437169682,1.161397086558631,0.45781830337846807,0.647082984784489,
MECP2,3.0909724733975295,-0.5623021727277228,1.0354568723589497,-0.5430474100255873,0.5870971602638806,
EMD,1.885583855927307,-0.6156780942317489,1.4088330226688388,-0.4370128214807402,0.6621020496297148,
TAZ,4.686783011225343,0.12188680892590387,0.840163232392602,0.14507515233533458,0.8846515362835417,
ATP6AP1,4.833935628766903,0.5355958346065325,0.9295024566898077,0.5762177719399733,0.5644679942394157,
FAM50A,3.1191977133405953,1.375474765095267,1.209963398084759,1.1367903915709305,0.2556259210141688,
G6PD,1.2050662627461095,1.5385390632649318,1.6876384630820833,0.9116520492517954,0.36195191349028466,
BRCC3,2.5771804569367913,-1.6950309285637073,1.2510329233407373,-1.3549051323424208,0.17544778426162855,
TMLHE,3.634159478305321,-0.2639530250706231,1.013421547551676,-0.26045728523170536,0.7945110599592917,
FBXO25,1.1152337187641204,0.5354352500903843,1.642452728999341,0.32599735787622725,0.7444263541429407,
CLN8,2.738884820657855,-0.4133812368592421,1.1221154224012078,-0.3683945774264916,0.7125790401921022,
ARHGEF10,2.3706005030439603,1.446132309971705,1.1859577125719962,1.2193793207309778,0.22270025500522495,
ANGPT2,1.5205075146023603,-1.2378553730081583,1.549169434396783,-0.7990445367198685,0.42426458798875977,
MCPH1-AS1,2.007726403893073,-1.3225301571646269,1.336256783385945,-0.9897275535720491,0.322307303536862,
AGPAT5,2.770930088108768,0.2344196165315308,1.115453080645121,0.21015641141620628,0.8335455984710114,
FAM85B,1.0801475231652153,-0.30529115861389927,1.68626864533422,-0.18104538648608404,0.8563319513420193,
SGK223,1.6609911590615543,-0.7701017196865028,1.4080956207996425,-0.54691010206336,0.5844404950758753,
MFHAS1,1.4428440903099782,0.06595966613052666,1.416065398679135,0.046579533821002855,0.9628483439671642,
ERI1,2.449234125382787,0.4460128875038178,1.1156591121836077,0.39977523836189127,0.689322070219861,
MTMR9,2.6508224781411176,0.1283381810593767,1.30199932920239,0.09857008231947184,0.9214796251583296,
NEIL2,1.4499802663638495,0.470805618860026,1.4124380414882736,0.3333283337256637,0.7388864539028308,
FDFT1,3.800901463094499,1.206646101396101,1.0493720433892046,1.1498744501511031,0.2501955855422283,
SGCZ,3.052752338691102,-0.6698514216758246,1.0341095952375436,-0.6477567027331895,0.5171423233904344,
MICU3,6.226018981678419,-1.0267002349729442,0.8352410801994776,-1.2292262190070211,0.21898700117066594,
ZDHHC2,4.275951232695604,-0.01891153825221689,1.057851270326912,-0.017877312985947996,0.9857367277368927,
CNOT7,5.288218714732332,0.294866029048369,0.822416600640897,0.358536085991679,0.7199421676401682,
VPS37A,2.312381416309659,0.987981504971145,1.2094563112685313,0.8168806890882288,0.41399661448378977,
SLC7A2,1.741588972003914,0.9526632009312258,1.4533366159726182,0.6555007218982603,0.5121454217668593,
RP11-156K13.1,1.324613259447573,0.009514133593853169,1.495850899643823,0.006360348879770424,0.994925210043492,
LPL,1.9794437527303066,4.9295164961761655,2.143287245795728,2.2999793918644844,0.02144938760588686,
ATP6V1B2,5.20250364407919,1.0936235888995998,0.8215039939644396,1.331245614062029,0.18310820695831576,
XPO7,3.511456317073368,-0.5246872387301388,0.9636921614237268,-0.5444552313832077,0.5861282475863285,
FAM160B2,2.118205743225268,1.9384598476238657,1.2775237814663143,1.5173571527560474,0.12917653566668938,
LGI3,3.032463715697847,1.1919737977216165,1.1952158319342103,0.9972874905720188,0.3186249839536265,
SLC39A14,1.687812821667274,0.6936050753721593,1.358347586975532,0.5106241451177645,0.6096142654783459,
PPP3CC,5.63925493816581,-0.3949433964076001,0.7912063179102337,-0.4991661308402348,0.617662352639504,
SORBS3,1.5117399865342367,-0.710922425419372,1.4327241340284276,-0.49620328752364423,0.619750991779081,
BIN3,1.9162847333197996,0.7428439275154733,1.2333807838940498,0.6022827152942617,0.5469859643675147,
ENTPD4,1.8917291113179253,-0.8502822996915873,1.480817304666864,-0.5741979763552759,0.5658338385704884,
KCTD9,1.0530035058353828,0.32955782115932014,1.6283778155888902,0.2023841260943107,0.839616437177337,
STMN4,2.73190395118714,-0.24637502201109762,1.1204381829333172,-0.2198916689594473,0.8259555247375693,
PTK2B,4.809196320049772,0.6606407033006686,0.8402413206350312,0.7862511484217113,0.4317203660429655,
ELP3,3.855621126515245,-0.01624808616439267,0.9436460201959548,-0.017218412218830362,0.986262373539945,
INTS9,2.820829914110328,0.30911931382767904,1.0692259384105736,0.28910570041650063,0.7725004914792145,
LEPROTL1,2.8322905003925185,-1.721417056143055,1.2614764967345589,-1.3646049376259424,0.17237725203827226,
DCTN6,1.031660163749088,-0.3317773865448359,1.6969804028788944,-0.19551044076995938,0.8449933648449444,
GTF2E2,3.8040870580477404,0.5223318405215829,0.9381988395744933,0.5567389539284433,0.5777057980674263,
PPP2CB,4.0796533915569535,0.6351890878350036,1.0059476133847456,0.6314335651115685,0.527757075124687,
WRN,4.095871882518991,-0.09756766660245206,1.0364702018220942,-0.09413456019375185,0.9250022671983178,
NRG1,1.6481831108271077,0.22870112888438843,1.332127962634497,0.17168105114473778,0.8636882836109054,
FUT10,1.2303660032872845,-0.17791034447755597,1.6058995782779297,-0.11078547306696247,0.9117864652473184,
UNC5D,1.9974978617384977,-1.2225625084143872,1.329691149056381,-0.9194334408272041,0.3578689046882013,
ERLIN2,1.653477900544014,-0.6651759659765032,1.3546184580374498,-0.49104304022270584,0.6233960064818105,
PROSC,1.4232458338142742,-0.6086999060111923,1.5315001426231718,-0.39745337859949775,0.691033159649872,
ASH2L,1.6255501064219484,1.3282967297057784,1.3775103895016965,0.9642734746895659,0.33490883583741105,
BAG4,1.808704208427158,-0.92982468583802,1.396181881168049,-0.6659767601769238,0.5054259549440172,
DDHD2,2.3243923389644165,2.594312397797825,1.3052780975058396,1.9875552977983058,0.046860894396455785,
PLPP5,2.6376506962304576,0.5111013078758055,1.1431201165352014,0.4471107633246402,0.6547950880115541,
PLEKHA2,6.057722779479658,0.17859700476408988,0.7828489253222157,0.22813725482292826,0.8195395384883807,
GOLGA7,2.266528109270816,-0.4777525626781679,1.1856288607875092,-0.40295287882992226,0.6869828896813117,
GPAT4,2.6519479827707184,0.6711970779984409,1.069494247161228,0.6275836263542396,0.5302767376636415,
PLAT,2.4290903251075187,-1.407892440056307,1.2431746074431478,-1.1324977453906788,0.25742523172830944,
POLB,0.8933402603509716,-1.8848810520321788,2.0485020182075715,-0.9201265291803031,0.3575066423941776,
VDAC3,2.1202882530265956,-0.24005115952750863,1.2244965124041012,-0.19604070497204354,0.8445783061368723,
SLC20A2,5.771993089891189,0.37926143098876386,0.7842945810351739,0.4835701280610465,0.6286909790077988,
RNF170,2.1046686204087393,-0.376091606236612,1.2099618184772511,-0.31082931749856946,0.7559303807497403,
HOOK3,4.443978020929125,-0.2759248010129182,0.8982739071130253,-0.30717223201964833,0.7587122801081193,
HGSNAT,5.359995967036774,-1.3635019375614508,0.9081777965519067,-1.5013601331570543,0.13326243945329747,
PRKDC,5.152061164749759,0.2855040785353897,0.9091779606755998,0.3140244164335384,0.7535024944512223,
UBE2V2,3.2084431405362026,0.6261692084992713,1.0275839476110613,0.6093606366224351,0.5422854232125562,
SNTG1,3.0789677309813084,-1.1683637611202344,1.2767728049987748,-0.9150913588900851,0.3601436709606626,
ATP6V1H,3.961034838452973,0.08057206458956023,0.9634953732514949,0.0836247550599592,0.9333547841794406,
TCEA1,1.918454473177271,-0.8726094242486659,1.3049743337732516,-0.6686793768008987,0.5037000258223121,
LYPLA1,3.8053442180500165,0.1663531320771205,0.9246203454891088,0.17991506772341512,0.8572192458927803,
XKR4,2.021469257405683,-1.0892619819813103,1.2860517747091271,-0.8469814383854603,0.39700546752883525,
TGS1,1.3775700587815558,0.8275794281242262,1.477502204071003,0.5601206047909597,0.5753971769640847,
PLAG1,5.958349169388953,-0.8258286210241375,0.822133845736995,-1.0044941286705333,0.31514049983479975,
FAM110B,4.050145501931205,0.7935551233583785,1.094201727475776,0.7252365842896612,0.4683069025974055,
UBXN2B,4.947919809431751,0.8636385014524635,0.8591603308415245,1.0052122641725703,0.31479465094425685,
TOX,1.2970109283943212,-0.869934418093387,1.5814497354874357,-0.5500866695742658,0.5822599293977557,
CA8,2.567033146041967,-0.2524313130017045,1.236405030140325,-0.20416555000027375,0.8382241314320641,
ASPH,5.516641897441694,-0.5064392446542352,0.8143461600744419,-0.6218967675956621,0.5340097507334998,
YTHDF3,3.2247593198901474,-0.49038599726317994,1.0412985778222001,-0.4709369701520062,0.6376857461048456,
ARMC1,1.063647813008752,-0.29324669683243904,1.6527053424177707,-0.17743434918861187,0.8591672285910583,
MTFR1,1.9197928644392974,0.010183064764615925,1.233096583958621,0.008258124219211719,0.9934110450751216,
PDE7A,6.475443767715251,0.5355950103897243,0.8079430291211684,0.6629118527977302,0.5073870100751641,
CSPP1,3.238173638440108,0.01654525066890733,1.0346430365160937,0.015991264701900862,0.9872413605633343,
PREX2,3.200290927944417,-1.2402315853808685,1.0644680109922056,-1.1651187002085965,0.24397094831921895,
C8orf34,1.4023729844863295,0.18542441251141642,1.4645665687963212,0.12660702248844216,0.8992514385317535,
TRAM1,2.9994760750846994,-0.14463520456301118,1.0373907629227954,-0.13942210566393412,0.8891166051607422,
LACTB2,1.3330613232432766,1.1516227485159565,1.5201427837158212,0.7575753809789775,0.4487052230369043,
KCNB2,1.3157556108716124,0.4206808361935064,1.60541421047344,0.2620388143128786,0.7932915178958596,
TERF1,2.2676951487652555,-1.0847005829785314,1.2658927629703738,-0.8568660906420849,0.3915188949510755,
STAU2,6.51286389900287,0.03291167573646662,0.7634934508009177,0.04310669030879271,0.9656164861632264,
RP11-463D19.1,1.9100611371211234,-0.5944444291423786,1.3016030179223044,-0.4567017907589565,0.6478854035354016,
TCEB1,3.8774038466888356,0.429532992284219,1.0191636418349985,0.4214563536733386,0.673421876114147,
GDAP1,2.7966334146338063,-0.643317068011811,1.158448604936729,-0.5553263781149332,0.5786714394849806,
ZFHX4,1.3516671562695686,-1.0451742198584615,1.5887435922827184,-0.6578621150293658,0.5106267364656192,
PEX2,1.9224596005753132,-0.3484997866069093,1.2660944446141784,-0.2752557584383911,0.7831197516810288,
RP11-38H17.1,1.5677953322074603,0.7175313365442064,1.3535600924774798,0.5301067462995881,0.5960379218905814,
ZC2HC1A,2.0019673016563533,-0.543938773608382,1.247219875269616,-0.43612099549872624,0.6627489448367259,
IL7,1.3437381327332343,-0.36315807141576767,1.5023211436342279,-0.2417313188691873,0.8089883601646886,
TPD52,1.5210134001289912,-1.2353217620579051,1.500681713246825,-0.8231737290815678,0.4104092060582736,
ZNF704,2.219281864672534,-2.9149591773034267,1.658550378407891,-1.7575342993811336,0.07882678084374832,
FABP5,2.0790242997204835,0.45392570061786863,1.2549545572363203,0.3617068825324724,0.7175710833140653,
RALYL,2.3215260268414517,0.10555942146541306,1.1898058905401265,0.0887198679252572,0.9293045424781139,
C8orf59,4.709448517947091,-0.6630528155547664,0.897498375577337,-0.7387788475140604,0.4600412981917402,
CA2,1.7953386188203595,0.808640980868565,1.358586206256449,0.5952077072067111,0.5517046390947622,
WWP1,2.9434338841442145,-0.04828966672516178,1.0595245248605623,-0.04557673332905333,0.9636476140104211,
RMDN1,3.427841189051518,-0.7923384718277159,1.1046939193469894,-0.717247065409834,0.47322166312148806,
AF121898.3,1.1023162150505612,-2.0890646066873315,1.9058037971572424,-1.0961593264760239,0.2730090557626954,
RP11-37B2.1,3.002014008157753,-0.571906499610191,1.0529039569832501,-0.5431706242692836,0.587012330234218,
RIPK2,2.2710391221954898,-0.010006168366640967,1.2731107513470665,-0.007859621290648542,0.993728994082318,
NBN,2.9172500184727888,-1.2576899536589716,1.1623118839996418,-1.082058930113597,0.27922634346302755,
DECR1,5.178051527823474,-1.0189012037748524,0.9093160503553271,-1.1205138228635725,0.26249486548834833,
NECAB1,0.987183930527397,-1.1633176801812184,1.8052182499146425,-0.6444194103600628,0.5193035010807068,
TMEM55A,1.2854318159427887,-2.1819347566937792,1.80645411590605,-1.2078550667197,0.22710301570736935,
OTUD6B-AS1,3.2136180164382337,-0.8947009395579526,1.0348983506622367,-0.8645302594070509,0.387296665056047,
OTUD6B,2.3999053709831775,0.9873942456376891,1.3063715301632859,0.7558295805131888,0.4497513789813715,
LRRC69,3.9509909587114618,-0.1816125299248434,0.9855895452267169,-0.18426791437105466,0.8538032835184141,
RUNX1T1,1.0894534390765582,-3.107709932915596,2.407704620770428,-1.2907355437649897,0.19679539514422328,
TRIQK,1.9015480686922437,0.07154539363468931,1.2976179236267877,0.05513594744030888,0.9560301577733081,
RBM12B,2.043318485018609,-0.6771188431272268,1.2354786364828672,-0.5480619600633756,0.5836493592229692,
TMEM67,1.5482386487185744,-0.006126437487233199,1.4686475557040073,-0.004171482438682469,0.9966716482194401,
KIAA1429,2.148680541110617,-0.016176087326382902,1.1849417483370532,-0.013651377672433615,0.9891081148246845,
DPY19L4,1.566866707167834,0.7483943208066973,1.5060256865040345,0.4969333043342435,0.6192360848539343,
INTS8,2.0255351113396753,-0.4197870434603911,1.3621033787828685,-0.3081902959784882,0.7579375360314045,
NDUFAF6,3.7224672097710734,-0.9873344732799895,1.0168297134724742,-0.9709929403107641,0.3315517941159105,
C8orf37-AS1,1.9055856984068742,-0.18922016011849524,1.279442040337267,-0.14789271741345617,0.8824274356670867,
PTDSS1,2.330479976163786,0.7830187400286382,1.2317617646472148,0.6356900843182938,0.5249784405655704,
MATN2,1.4344507542538307,0.45152964074225915,1.405300061693683,0.3213047896675324,0.747979427069714,
HRSP12,2.6950282065391336,-0.40937048688890076,1.2176647429812635,-0.3361931017946866,0.7367252544532321,
NIPAL2,2.4229154578520053,-0.40254409179871997,1.157627509931246,-0.34773196761938385,0.7280414864609575,
RP11-410L14.2,1.926193811201955,1.962308648778094,1.3596133480358554,1.443284336398222,0.14894039035785211,
COX6C,3.1786737786350288,-0.2732536735305359,1.015588386345109,-0.26905947055373386,0.7878839184978074,
RNF19A,3.703990179807743,-0.06490007690697476,0.9695024341053204,-0.06694163379472695,0.9466281683787263,
ZNF706,3.5013088247364,-0.7473575892509088,1.0009602932356063,-0.7466405953377768,0.4552805369573988,
AZIN1,3.8374059426330867,-0.282296828099512,0.9590562322011379,-0.2943485674991238,0.7684915640118865,
AZIN1-AS1,2.0183382087498543,-0.7691780399414918,1.3103499070495634,-0.5870020181658225,0.5572023512939441,
KB-1507C5.4,3.694864878717821,-1.397931847170666,1.0762654898673587,-1.2988726855331487,0.19398762492982102,
ATP6V1C1,5.016849928671765,0.5448053145656265,0.9004640072979259,0.6050273083101402,0.5451608519908424,
BAALC,1.8713441875782955,0.21351541462447943,1.35909475313356,0.1571011985236448,0.8751650930271498,
SLC25A32,0.8879907428945089,-2.978436641516369,2.458163834979924,-1.2116509888937872,0.22564600757331388,
RIMS2,3.1417434876896095,0.09783813119866039,1.0772422654093328,0.09082277435659625,0.9276334135175475,
ZFPM2,2.6785921133703128,-0.325890057470482,1.1158578550805462,-0.2920533793678929,0.7702458112765096,
RP11-649G15.2,5.392183192283388,-0.34280800008147955,0.8892932897685261,-0.38548362393548363,0.6998791370279782,
EIF3E,5.340916750800439,-1.0363726439570102,0.8890452679380304,-1.1657141445234587,0.24373003943013372,
EMC2,3.290530166254971,-1.4550627123545068,1.0892280535854981,-1.335865990198069,0.18159307896789256,
NUDCD1,2.5005270703859295,2.726944463484232,1.3325326634615604,2.0464372380939357,0.04071337148600125,
ENY2,3.916007062655325,-0.37579351023052915,0.9528469911744433,-0.39439019455509877,0.693292981989704,
EBAG9,1.6788263700283512,0.460683072309208,1.4210909256928808,0.3241756484262912,0.7458050571742914,
LINC01608,3.5414606222003666,-2.1418618984179756,1.1540922925308348,-1.8558844143400688,0.06347003496316224,
CSMD3,4.392559600791844,-0.30787710403629603,1.0100968104153758,-0.3047996002578106,0.7605187859969649,
UTP23,1.975416399909296,0.36162382861210424,1.2505068131943113,0.28918181396258646,0.7724422479590902,
RAD21,4.182348530070803,0.044414403736111455,0.8907798270759509,0.04986013646257004,0.9602338442631922,
ENPP2,6.241696413929669,0.11799216313509228,0.7903724508265229,0.14928678626349304,0.8813273414672199,
TAF2,3.41232385597643,-0.8246355745595597,1.0276451251257293,-0.8024516969889466,0.4222917188887705,
ZHX2,5.327673784018066,-0.6873705542207699,0.8193415555751932,-0.8389304186313641,0.4015083569211526,
TBC1D31,1.7749239017736909,0.33462149552950765,1.3315533667993762,0.2513016029795558,0.8015809359250914,
FAM91A1,3.2695223591549323,1.9101426043815173,1.0373660232960595,1.841339085226981,0.06557188341964357,
TATDN1,3.7298194189440514,-0.5864690250142413,1.0066248001490001,-0.5826093544759006,0.5601563066741422,
NDUFB9,2.2016433392409938,-0.3643552133227351,1.2558084407772865,-0.29013598052997347,0.7717122105856158,
KIAA0196,3.3626369547492754,0.024136887495082488,0.9897931467320007,0.024385789672089802,0.9805448831552398,
PVT1,3.403282702127356,2.0292833964173536,1.0427828671915642,1.946026790680446,0.05165152155170977,
EFR3A,6.303481467867724,0.2160156614215133,0.7660578044810248,0.28198350066788463,0.7779561617137585,
ST3GAL1,5.48798791918924,-0.9875120753532293,0.8515654512009482,-1.1596431888594798,0.24619410924654872,
RP11-238K6.1,1.6650022852559905,-1.3689751451746386,1.4579960269633012,-0.9389429874002645,0.3477600168009817,
AGO2,2.122416601319392,0.19367831024897816,1.222848342110993,0.15838293562604247,0.8741550594551744,
TSNARE1,1.3992419358305004,0.5221459669305457,1.5111949101247049,0.3455186114195275,0.729704520931824,
LY6H,2.2704846891678394,-0.24329647197587675,1.3980763153259619,-0.1740223114495378,0.8618479277601058,
GSDMD,3.5930701665536424,2.3215410499575566,1.0857630921539987,2.1381653757929375,0.03250332344732786,
NAPRT,1.3493198844059726,-2.4912462955516075,1.895718780293003,-1.3141433853214028,0.18879795634379637,
PUF60,3.1395737478321384,1.349602614027475,1.1485484184057904,1.175050692160416,0.2399744357481678,
NRBP2,2.1824608477640837,-1.2550731580146421,1.3415281721708616,-0.9355548277332723,0.3495024416504581,
PLEC,5.455885059076483,0.34919429268629865,0.8673747757495631,0.40258755782301126,0.6872516642937393,
PARP10,1.0138220623305985,-1.9874832741631328,1.9204015075801686,-1.0349311153517535,0.30070108218783476,
GRINA,4.119618611853972,0.5468340849048857,0.9485055153489894,0.5765217766853846,0.564262554880983,
GPAA1,1.7517362828987386,-1.0539643277722355,1.3750848488593796,-0.766472213439403,0.44339537911959115,
CYC1,2.2455811846194655,0.6714463699847292,1.212607592457465,0.5537210670304141,0.579769755216778,
SHARPIN,1.782353038579788,-1.0132528833978771,1.3858801298291024,-0.7311259188937392,0.4647022441513876,
HSF1,4.370117101683404,1.1746904595878078,0.9214651605536842,1.2748072416345804,0.20237747690992502,
CPSF1,2.729324626549412,2.547148445458684,1.2714653870022856,2.003317173630701,0.045143255300313254,
VPS28,4.5204450117551795,-0.4335808417621689,0.9191192630113487,-0.47173512645313287,0.6371158613044476,
CYHR1,5.947608742911352,-0.4213401101576713,0.8217692468344541,-0.5127231419047622,0.6081449993213451,
KIFC2,3.127085163870112,1.0898387434340753,1.1991560854332513,0.9088381042909188,0.36343558971030454,
ZNF251,3.905118342230749,0.7229569672813005,0.94449628682785,0.7654418311260882,0.4440084918014754,
CBWD1,5.3475853500770585,0.7287713890840383,0.8203335198034358,0.8883842626090213,0.374334087740271,
KANK1,4.960595188453735,-0.11562363433833751,0.8714146342175669,-0.13268498117679034,0.8944425211190784,
RFX3-AS1,4.11289801937675,-0.7716271159951484,0.9272045883846349,-0.8322080430376949,0.40529152476394503,
GLIS3,5.959903749682824,-1.7021798347912203,0.8788814461476204,-1.9367570475544154,0.05277504865731912,
AK3,2.411951686406216,1.0773491064707132,1.130438978128346,0.9530360570673767,0.3405718019908871,
RCL1,2.9199594847555734,0.9717265777069184,1.0759489661656145,0.9031344499264534,0.3664545422295762,
PLGRKT,1.251654617634023,-1.4348563518853679,1.686063577447567,-0.8510096363373871,0.39476399985021793,
ERMP1,1.1787800975319163,-1.073672693873212,1.630172155867615,-0.6586253421202491,0.5101363852767138,
UHRF2,3.735184981584945,0.2530323257499152,0.95808816549871,0.26410129554017114,0.7917018656281731,
KDM4C,6.052834865533459,0.8497884574266736,0.7674179776723784,1.1073345714471394,0.26814930257625946,
TMEM261,2.1579775677738735,0.03002660356591178,1.4865082670616874,0.02019941915645312,0.9838842912379382,
MPDZ,3.250749452458279,0.5873540528015981,1.056203334098457,0.5560994117699369,0.578142897203374,
NFIB,3.1033547102251453,-3.5770933921988863,1.565916090569003,-2.284345511066999,0.02235123318026636,
TTC39B,1.809119973445952,-1.4738470016885437,1.5382884163734392,-0.958108366416216,0.3380081170973871,
SNAPC3,3.6796326309866587,-0.22353714935641786,0.979524268552338,-0.2282099142748027,0.8194830543118308,
PSIP1,1.3356733316397362,-1.0565621412895925,1.615554153117949,-0.6539936400463418,0.5131159031012311,
CCDC171,4.010757313890552,-0.19892317345555788,0.9335556873518595,-0.21308120784934304,0.8312636220259205,
CNTLN,5.948666171013941,-0.28199670983024244,0.7944994242123674,-0.3549363300166037,0.7226372907214504,
RRAGA,1.4028372970061425,0.23074087235393184,1.4156328886946086,0.1629948514170958,0.8705224884359645,
MLLT3,1.5801450667184878,-1.845852310328762,1.583349230396929,-1.16578975433362,0.24369946066303483,
FOCAD,5.054367673758448,0.2454024781632332,0.8364242595160392,0.293394740015342,0.7692204455056255,
KLHL9,1.6142964570392297,-2.6946841010308265,1.7451150301430958,-1.5441297877136888,0.12255689389045159,
CDKN2A,1.4926698409881318,1.058875716064901,1.4345215813199574,0.7381385751552023,0.4604302446333727,
CAAP1,1.8156790791014792,-0.09697523432087105,1.4142154350007614,-0.0685717549963092,0.9453305021776386,
PLAA,1.50644519681733,0.34365352983988867,1.3682667895666634,0.2511597390657456,0.8016906105981643,
MOB3B,4.439276346794993,0.22161961948133907,0.8781484129695302,0.25237148551224314,0.8007539382208005,
C9orf72,6.465043692350945,-0.502394126811639,0.7905744309089358,-0.6354798576448123,0.5251154994798605,
LINGO2,2.0761862118168803,-0.8480648288546462,1.3124302225373778,-0.6461789848263674,0.5181634477482484,
DDX58,2.331856868538795,0.07735617703147125,1.184795058623191,0.0652907660852031,0.9479424942550315,
TOPORS,1.573970199462974,-0.46512547246187547,1.3783840466746722,-0.33744258255453746,0.7357832888002029,
TOPORS-AS1,1.7513266981184819,0.303162766876242,1.2816508721436728,0.2365408345325555,0.8130130247371367,
NDUFB6,2.098942020488608,-0.4920538975811018,1.24943359314869,-0.39382156865262424,0.6937127791596895,
APTX,3.289295231675663,0.34444084393869623,0.9871851311370441,0.3489121068324518,0.7271552957620484,
DNAJA1,4.316190104302978,0.8637884281652048,0.933859237353254,0.9249664120829988,0.35498337907031907,
SMU1,1.5632711645500486,-1.6325578695161747,1.5172176142153473,-1.076020904463647,0.28191790737552924,
CHMP5,2.571847166106903,0.515117945344623,1.1096231686518752,0.4642278206667765,0.6424845309243655,
UBE2R2,4.394558964579535,-1.2070497605859993,0.9317726689556167,-1.2954337477390583,0.19517064244772198,
UBAP2,2.9404316385513476,0.3841889766605631,1.0228337753955532,0.37561232910204634,0.7072051235722847,
UBAP1,3.6023921021200103,-1.658036087532052,1.1026405543155517,-1.503695906197876,0.13265968380353546,
FAM219A,1.6282168425579642,1.1848181896434977,1.4783113499767584,0.8014672887833304,0.4228611738943976,
VCP,4.262791036430007,0.45662853702037853,0.873278259387724,0.5228900778321581,0.6010507497819342,
FAM214B,2.1279699728600305,1.5913821349329802,1.3270008226307486,1.1992322143238026,0.23043766436537727,
UNC13B,1.765479136411349,-0.8279504053214171,1.3260223144765824,-0.6243864799878815,0.5323738019260685,
RUSC2,3.074682797563779,0.5930168219519621,1.0431223637135152,0.5685016854981639,0.5696943615385919,
CCDC107,2.2638940568935317,0.934263751726569,1.2395108445627587,0.7537358433165893,0.4510078546321067,
TLN1,3.3320173086165337,0.21747657790763045,0.9881666895466149,0.2200808630853686,0.8258081784850239,
GBA2,3.043894690115142,-0.5630261385035207,1.0814317998576772,-0.5206302779126878,0.6026243528362314,
RGP1,1.4378140371259354,-2.567754990489007,1.791983915907556,-1.4329118513257189,0.15188302997016379,
CLTA,4.160505301254271,-0.675476492140128,0.9240171047086649,-0.7310216322814719,0.4647659398611921,
EBLN3,2.218008247538101,0.15856190977998663,1.2137963490057013,0.1306330422808364,0.8960656027382439,
GRHPR,2.290538187493127,-0.4476635153826241,1.259716473522997,-0.3553684696451274,0.7223135668909875,
RP11-613M10.9,2.232376718950075,-0.03580118972708684,1.2076192100836098,-0.02964609160582013,0.9763493056663745,
TRMT10B,3.699982161958008,-0.23317847660559848,0.9770818810083339,-0.23864783611068685,0.8113786687705047,
CBWD7,4.992047184409135,1.7916522842311773,0.8822376993769598,2.0308044935015244,0.042274831035137156,
CNTNAP3B,2.2136585399929776,-0.7133468749748497,1.2664750371327889,-0.5632537981876194,0.573262074047138,
RP11-262H14.3,1.9090909390746795,-0.7265493390291669,1.4011409636368832,-0.5185412159696573,0.604080711092343,
CBWD3,3.3284766751804473,1.158626340080641,0.9858057472787641,1.1753089726641723,0.23987112607147754,
PIP5K1B,4.671146934087904,-0.9422091056621379,0.9397772227661978,-1.002587722746442,0.3160598218762276,
FXN,2.4661981480590627,0.4394302062581999,1.124393712626351,0.39081524676243684,0.6959338042248617,
TJP2,1.618391704945109,-1.4784538576902022,1.5316584485770042,-0.9652634104318545,0.33441289352968506,
RP11-470P21.2,1.3112445979469391,-0.376725727932429,1.6013865175462885,-0.2352497187934765,0.8140149185777443,
PTAR1,4.412484296054169,-0.5706407664944424,0.8980648119140316,-0.6354115637581264,0.5251600281510187,
SMC5-AS1,2.1518663175060024,0.9198733635083893,1.206050965942582,0.7627151666757862,0.44563328345003017,
TRPM3,4.765307178085057,-1.5019703876157984,0.9282419240459732,-1.6180807488947353,0.10564519670168905,
TMEM2,2.1159000443684906,0.5254551514743491,1.2123675258270452,0.43341242674402497,0.6647151742661175,
ABHD17B,1.5423567422152862,-0.7016242790351077,1.4605688510138926,-0.48037740812290813,0.63095905561657,
C9orf85,2.876327536969057,0.08914028904645174,1.1365496133728994,0.07843061842405027,0.9374855185587709,
ZFAND5,4.321026580296464,-0.15728310375268398,1.0036074975471139,-0.1567177448724673,0.8754673015059324,
CARNMT1,2.52123456674268,-0.4523252082728627,1.18159051402081,-0.38281046005832814,0.7018603052111224,
NMRK1,2.1993225708975923,-1.2396421618471096,1.3846117532782585,-0.8952994649309357,0.3706270262643664,
PCSK5,2.5906038461769816,-0.2913747325046571,1.1542760115700341,-0.2524307267794055,0.800708152426838,
PRUNE2,6.445481010065666,-0.3554881233117126,0.7811878934829741,-0.4550609735216799,0.6490653736060874,
VPS13A,2.550452204625753,-1.6193908786906364,1.2724041262060082,-1.272701687567814,0.20312391857577405,
GNA14,2.8034888089703824,0.7105918444993884,1.1091107013267354,0.6406861313747739,0.5217266265103137,
PSAT1,2.4638350124531794,0.5513015873629517,1.3638661174335212,0.40421972532052713,0.686051149823688,
FRMD3,2.431044057375289,1.5353623631960707,1.1489631325547174,1.3363025493970335,0.1814504035773673,
IDNK,1.0138220623305985,-1.9874832741631328,1.9204015075801686,-1.0349311153517535,0.30070108218783476,
UBQLN1,3.058566168667378,-0.33497752212445736,1.0380823825028385,-0.3226887651409896,0.7469309614833509,
GKAP1,2.3092016387106677,-1.0230975491144727,1.292812233539293,-0.791373660128176,0.42872597580896554,
KIF27,2.0846961719010593,-0.7542779298315616,1.2699488688564693,-0.593943542396911,0.5525498747506723,
HNRNPK,5.563465402526982,0.09185180890446969,0.8075716037049588,0.11373828460915915,0.9094452627021797,
RMI1,1.2410103104606536,-0.7608270246145586,1.6134695636178848,-0.47154718116191496,0.6372500352250794,
NTRK2,5.862054952108355,-2.0963776022205236,0.9197897379217088,-2.279192206424643,0.022655642184410747,
NAA35,2.418084980654912,0.29632184991880517,1.1720941062088372,0.25281404312940736,0.8004119153010355,
ZCCHC6,6.594309105725106,0.03579653666986288,0.7966554080527002,0.044933526224797654,0.9641602937596605,
DAPK1,2.791174467227636,1.3736347799858748,1.169166316337749,1.1748839842466507,0.24004113393619864,
CTSL,5.079455684807147,1.077768289529342,0.9107517910655305,1.1833831128329828,0.23665734692916873,
SECISBP2,4.491558980728593,0.55182395990398,0.9969095002794259,0.5535346586117477,0.5798973547620054,
RP11-305L7.3,5.849517434226989,0.7087714883004339,0.8736885644867959,0.8112404317856282,0.41722761093252037,
ROR2,1.4050557658067762,1.0166574129471337,1.4694653106790345,0.6918553337454016,0.4890281831969766,
SPTLC1,2.622591495436646,-0.2614526946705856,1.1315494012245497,-0.23105725157703633,0.817270324828479,
IARS,4.614315366893943,0.8287011405808524,0.9525961301188293,0.869939646382437,0.38433338765307046,
NOL8,4.470471148572195,0.5322851762857629,0.8716075517418482,0.6106936260729124,0.5414024265186757,
CENPP,5.391286851667341,-0.36742853469107606,0.8783470003956483,-0.41831819830382433,0.6757144858984268,
BICD2,3.3222310350009465,0.4476848268732088,1.1369876029160026,0.39374644518994145,0.6937682472915039,
CARD19,3.995076954736746,-0.42818970373609094,0.9652780848604127,-0.44359206994532646,0.6573375401223425,
FAM120AOS,2.499426912136572,-0.9306412630660534,1.1927317099522878,-0.7802603513436239,0.43523764531234654,
PTPDC1,1.688189904130943,0.09253841767511872,1.315783995839498,0.07032949022615012,0.9439314108084115,
ZNF169,1.3739806964023076,-0.18660306937076307,1.5264562740237932,-0.12224593166948092,0.9027042509994392,
MFSD14B,3.1541964974412124,-0.23682833082486313,1.0160601843758421,-0.23308494365453844,0.8156954461705215,
FANCC,2.0873851334600433,0.8138181819920607,1.2081712262697824,0.6735950702159303,0.5005687882006769,
PTCH1,1.6068319274648515,0.5786912582518559,1.3957795609571115,0.41460075390059203,0.6784341961993413,
ERCC6L2,4.733054792292529,-0.25649540297311957,0.858653973726888,-0.29871800611348837,0.7651552171181055,
SLC35D2,2.065487176903955,-1.7295576085877422,1.3731995723346202,-1.2595092828693986,0.20784643941290237,
HABP4,1.1508035744666885,-2.0959386280887853,1.9823974553850108,-1.0572746763749872,0.2903862471177987,
CDC14B,4.886865525245539,-0.016339064603663148,0.8908251874398212,-0.018341493745389768,0.985366425804165,
ZNF782,2.710486533777439,0.10344101433190371,1.0985839181784482,0.09415850042973349,0.9249832501202705,
TDRD7,3.497303878780501,0.06269640420940893,0.9543409081917723,0.06569602504853565,0.9476198371301531,
TMOD1,2.4461030767269576,0.6304569394012964,1.1315918266409735,0.5571416517497745,0.5774306515215235,
TSTD2,3.750256179971544,-0.2962124026609055,0.9630101810046279,-0.3075901049684562,0.7583942505000771,
NCBP1,2.3114261063076955,-1.2010624437631086,1.2939655785850581,-0.9282027772921607,0.35330239407035047,
XPA,4.19111894859062,-0.2653183982753546,0.8937601997182412,-0.2968563585165198,0.7665761758587163,
ANP32B,1.8695575289808868,0.3396832309953351,1.309933968113629,0.2593132472810794,0.7953935590564081,
TRIM14,2.9644357179772647,1.3003771967128874,1.0951532269914444,1.1873929279149595,0.23507266824256912,
ANKS6,2.558607307669231,0.7610007334618708,1.120920478422696,0.6789069769986836,0.497196804692012,
SEC61B,2.459791202500012,-0.23012702587765008,1.1543052863009493,-0.19936409250546533,0.8419779466750162,
NR4A3,1.6324984861886496,-3.7652702298499654,4.199169829967217,-0.8966701472703619,0.3698949547559063,
STX17,2.5087428744359523,-0.1729198174151577,1.1167138478765615,-0.1548470252643198,0.8769419174859496,
TEX10,2.233160677184451,0.5870322527668556,1.1867382370486304,0.4946602666370478,0.6208399531369546,
PLPPR1,2.2980189436940788,0.20359483940283424,1.1429389986306862,0.17813272593441457,0.8586187414464151,
ZNF189,1.8917202220698386,0.37074894222116095,1.341300302548399,0.2764100936358232,0.7822331050066863,
RNF20,1.5254828400468468,-0.4942550044128109,1.3853164388916097,-0.3567813032004903,0.7212555342189424,
GRIN3A,1.4765858958504625,0.9368898852339077,1.4634860316224538,0.6401768551184942,0.5220576280426267,
NIPSNAP3B,2.630897601436649,-0.758151393224919,1.190768168282165,-0.6366910146066881,0.5243261275383451,
ABCA1,5.9011124597360265,-1.1566286448470577,0.9245826069716583,-1.250973829840293,0.21094402556058278,
FKTN,2.4589171237577983,-0.8798104361820154,1.1489333005336844,-0.7657628478287989,0.44381742400324575,
ZNF462,1.7935844625395392,0.03091203952151413,1.3040316311745923,0.023704976767833803,0.9810879362358232,
RAD23B,5.002880995652012,-0.6142757375120292,0.9013169840652742,-0.681531301830592,0.49553536732670167,
IKBKAP,2.137652971235042,-0.17837503606629754,1.2479504503059684,-0.14293438976087885,0.8863419983135066,
TMEM245,3.5635390376651372,-0.6438204279324016,0.9793933410201716,-0.6573665563845624,0.5109452503400485,
PALM2,2.8802810449722447,-0.9525975333939641,1.0844182575344246,-0.8784410690021274,0.3797044052385664,
TXN,1.910935215863337,0.2689376995055869,1.2408025569670114,0.21674495913594174,0.828407108422677,
RP11-202G18.1,4.546524227153071,-1.4848407351294437,1.0148785469321093,-1.4630723445854577,0.14344758429597432,
ZNF483,1.7352841445454874,-2.765051160978366,1.768615312381222,-1.5633988587691043,0.11795880842573453,
PTGR1,1.4281370375473177,-1.6132784942345393,1.666367924175282,-0.9681406313872623,0.3329741400373367,
UGCG,6.500333742034026,-0.09504397470883826,0.7564469113239157,-0.1256452677458812,0.900012728392579,
SUSD1,2.6097256111179417,0.08427006476140689,1.1651101280461575,0.07232798233650613,0.9423408963242214,
HSDL2,2.0930570056406186,-0.23851556544038915,1.2882600786744582,-0.18514550702045138,0.8531149091259642,
SNX30,5.149988931842052,0.047296505195347664,0.8210688757049163,0.05760357820742135,0.9540643994106235,
SLC31A2,1.4628430423378525,0.821498370139009,1.4118699486146944,0.5818513036169166,0.5606668436334181,
FKBP15,6.491243859241789,0.562680934624848,0.7520486147249932,0.7481975547958525,0.45434100569027835,
SLC31A1,2.7090000300105803,1.7450780670471644,1.232524329940219,1.4158568919542591,0.15681740848701067,
HDHD3,1.573090121924367,-0.2705619604029697,1.3637114484574453,-0.19840117988964187,0.8427311943752072,
ZNF618,4.9210615969177995,-0.5569446050699672,0.8627704435495246,-0.6455304643708482,0.5185834827396121,
AKNA,3.594778302900849,-0.45812071490956374,1.0268549443009067,-0.44613965921102616,0.655496366626658,
ATP6V1G1,3.796934836809438,-0.2605731105388772,1.008374681203424,-0.25840901739807826,0.7960912579994818,
C9orf91,1.9807334150491709,1.6122993072823018,1.2728653202476512,1.266669208152053,0.20527359453363136,
ASTN2,4.740035661763244,-0.3843349088440903,0.8994921619214988,-0.427279886489586,0.6691754809396344,
TLR4,5.779638234286987,-2.2545861669906597,0.9494874893464325,-2.3745296197031256,0.017571326354665122,
RP11-281A20.2,1.168961140157598,-3.2643224192150786,2.268048035533556,-1.4392651161143288,0.15007542239689878,
BRINP1,1.7281390792435296,-1.488151316852786,1.50221988543127,-0.9906348140409251,0.32186393167134975,
CDK5RAP2,5.280943689227461,-0.8129051172610731,0.8737418502786001,-0.9303721883092486,0.3521784132160659,
MEGF9,5.275120414755208,0.3650931107234202,0.8719883603461147,0.4186903487777122,0.6754424500097401,
PSMD5,1.5899640240928061,-0.4493858646595555,1.3895351620749248,-0.32340733572262365,0.7463867746987117,
PSMD5-AS1,2.6085869517556026,-1.1559844159181774,1.263881856306111,-0.9146301215975357,0.36038584005130736,
RAB14,3.3805048494748036,1.763886119643093,1.0536585447549782,1.6740585727924542,0.09411908848125096,
STOM,4.18819504380581,1.0024894818316399,0.9441360453227629,1.0618061738008617,0.2883236864808296,
TTLL11,2.4910498027069985,2.009102677579985,1.1936581516676326,1.6831474528725945,0.09234655022289497,
NDUFA8,1.0952612702564402,-0.0192176918123405,1.6408256298856208,-0.011712208453057947,0.9906552233491327,
MRRF,3.33281615489539,-0.747260448259764,1.0504431504033074,-0.7113763824085679,0.4768510303149748,
RC3H2,2.9076511418092204,0.8313002843683673,1.0734463241042054,0.774421846441265,0.43868136863554386,
NEK6,1.6618712366001613,-0.9621324175533411,1.4217107844109043,-0.6767427159610435,0.4985692091244408,
PSMB7,2.147806462368404,-0.7354014015694922,1.2329356490644263,-0.5964637344435032,0.5508654739402177,
NR6A1,4.662185816216651,-0.5068291123838498,0.9091407945225886,-0.5574814324001353,0.5771985416531854,
MIR181A2HG,2.224237842533171,0.334155024015125,1.193151011936598,0.28006096518558826,0.77943073203006,
ARPC5L,1.2717436901697345,-0.2525138159961868,1.518450894415042,-0.16629699183881974,0.8679232332515983,
GOLGA1,3.5138583166765205,0.7742210788017092,1.0339602569296595,0.7487919130477562,0.4539826347081527,
SCAI,4.009899461774913,0.9190747879993639,0.9277683153154874,0.9906296354675926,0.3218664612737717,
PPP6C,2.400159649180278,-0.6965707216600879,1.20542812645554,-0.5778616794916637,0.5633575088461085,
RABEPK,1.1098842013076577,-0.09599685832510899,1.6421523637834785,-0.058457948508465196,0.9533838574103705,
GAPVD1,6.500867851780018,0.12050950752019549,0.8337399538002656,0.14454088108756424,0.8850733769265351,
ZBTB43,2.034460836442648,-0.5365168131004842,1.2427127690144955,-0.4317303454811657,0.6659374095999664,
RALGPS1,2.444996919681207,-1.689481429643058,1.28425470664874,-1.3155345438069341,0.18833031573238002,
RPL12,4.098468665516089,1.067389237746711,0.916940678807366,1.1640766544843755,0.244392948562696,
LRSAM1,3.0560282355943245,0.0909738158482314,1.027620066915582,0.08852864864861074,0.9294565153956825,
STXBP1,1.7025523767465227,1.0609344571407466,1.4058751321993213,0.7546434479433768,0.45046294690488065,
CDK9,1.200629325144842,-0.39177549500341224,1.6313273888628428,-0.24015749240654205,0.8102081655652735,
FPGS,1.9603026528180714,0.13875575790244316,1.3193103319341362,0.10517294873225495,0.9162385754383494,
ENG,4.863581631153618,1.3265273708559782,0.8676933872643259,1.528797372811921,0.1263146838846844,
DPM2,2.8088321461883083,0.20033062403159851,1.0949699225821972,0.18295536699233864,0.8548330394078423,
FAM102A,2.247258387737762,-1.892189144934324,1.402771946806742,-1.3488929182264353,0.17737136322174918,
SLC25A25,1.4882329033868646,-0.5964381658577936,1.461850397323347,-0.40800219157163686,0.6832720659306267,
PTGES2,2.247816110552257,-0.2805702385787386,1.3045386113223305,-0.2150723912221669,0.8297108788255134,
C9orf16,1.809578287169371,0.0614539072150628,1.3058577066281516,0.047060186498988944,0.9624652587306036,
CIZ1,2.455409174080444,1.5810128044723397,1.3220740500496786,1.195857981187159,0.23175198486591664,
DNM1,2.4798288370830113,0.5705197586691172,1.3651106155420785,0.41792932541409233,0.6759987908486984,
COQ4,2.7874534113337326,0.7141564061447806,1.1539185477067626,0.6188967215788824,0.5359843983962143,
URM1,2.2065225453812496,0.9423875349578766,1.197375890633556,0.7870440204531262,0.4312560974438292,
ODF2,2.465227950012619,0.47292325810371016,1.1410300779372717,0.4144704572193663,0.6785295985078323,
GLE1,1.8385250082810434,0.5593476114373503,1.3266774240533996,0.4216153838876482,0.6733057755656056,
SPTAN1,2.6590294310850333,0.0015053323784954282,1.191106008643552,0.001263810582409639,0.9989916253169483,
SET,2.0545499089783603,0.23683324052842106,1.2588481735535855,0.18813487242060947,0.850770924924044,
ZER1,1.8522678617936534,0.6407994283624924,1.289939086695642,0.496767200072981,0.6193532277157419,
C9orf114,1.8029391073940442,1.3243033176615062,1.3785386748107575,0.9606573554008583,0.3367244797920973,
NUP188,1.543408171521481,1.1261383771547153,1.392029630575255,0.8089902344171651,0.4185207634900139,
SH3GLB2,4.33300927873186,0.11359605922479511,0.975375223454204,0.11646395817037965,0.9072848488883342,
FAM73B,2.0913355331185293,0.21320182668753873,1.2707198025339892,0.16778036059750162,0.8667560734378239,
PPP2R4,1.92909878035064,-1.3599057708405613,1.3465382057575204,-1.0099273567031994,0.31253009488225614,
C9orf78,0.8774011634606959,0.32433210566996884,1.8594341404896373,0.17442516441295616,0.8615313391010682,
USP20,2.0789917974038956,1.168845221775571,1.202245278425036,0.972218600273299,0.3309418090466456,
GPR107,3.0634573724004226,-0.7834931280962681,1.1043872293875092,-0.709436968526693,0.4780533533550342,
FUBP3,3.5741773460421133,-0.31214327428391897,0.9843184947465422,-0.31711613258297516,0.7511554841298006,
NUP214,5.989292583420746,-0.10372430526715352,0.8222616721233075,-0.12614512968761954,0.8996170444450269,
RP11-544A12.8,1.120528508481027,-0.6825782510746272,1.6460403418762366,-0.4146789320464597,0.6783769571874868,
POMT1,1.4384071527087106,-2.2562981012864736,1.7963382397564014,-1.256054150243134,0.2090963379239439,
UCK1,1.4574935248813896,0.24962964978729332,1.423949035120485,0.17530799461946425,0.8608376302524035,
MED27,5.918432678035098,-0.06718376077215574,0.7713964959258709,-0.0870936815593364,0.9305970476879875,
TTF1,3.8608743432253334,-0.3782301736687923,0.9445572430460254,-0.40043118239088266,0.6888389609757,
DDX31,2.230493941048435,0.7796648949546588,1.1775773131508669,0.6620923197547803,0.5079120576318907,
TSC1,1.9966237829962843,-2.2104707686145137,1.5000864346117069,-1.473562267888042,0.14059948686779464,
RALGDS,3.177703762030728,1.1219379040767776,1.0992992143480607,1.020593746846388,0.3074469533167534,
SURF4,4.117219346789774,1.044391671949644,0.9272963814004962,1.126276013686475,0.260048707337196,
BRD3,1.9563787566797795,1.3017414596332593,1.3349965792575855,0.9750897342052965,0.32951575038149616,
WDR5,2.1740675117079364,-0.9649407214211282,1.3447641552306517,-0.7175538682138826,0.47303241061440904,
RXRA,2.1797881128316745,0.16919988935865085,1.2024919434364743,0.1407077114172694,0.8881008528800785,
CAMSAP1,1.3626885459066065,-1.795067897524146,1.7097828276222193,-1.0498806447954165,0.2937729914502333,
NACC2,1.471268880710588,-0.8360895652879635,1.549515385878345,-0.539581325172854,0.5894857982987591,
SNAPC4,1.485011734223198,-0.5145811928571351,1.4601176164319638,-0.3524244807857318,0.7245199451856363,
SDCCAG3,3.540522951999916,0.7398641231408095,1.0031812653708105,0.7375178830391437,0.4608074721749198,
PMPCA,1.678777641085189,-2.6915410504874266,1.7554699348732319,-1.5332310722153104,0.12521893089498615,
NOTCH1,3.9178751339546274,1.7886923477052876,1.0648034933263273,1.6798332827755966,0.09298975753016106,
SNHG7,1.8143406878394526,-1.0311665530744634,1.4492591526000014,-0.7115128796837535,0.4767664724098125,
RABL6,4.0549376959083245,1.305025923919695,1.0692991072049929,1.2204498396438963,0.22229439363265135,
EDF1,4.115964063399403,-0.12905104213989002,0.9805092565126535,-0.131616342510505,0.8952877585276777,
FBXW5,2.8639101378787437,-0.8023372316476656,1.1583643351458057,-0.6926466978514785,0.48853129697399733,
LCNL1,1.7192427481124435,-1.0482016147458353,1.4468046944233888,-0.7244942035273024,0.46876238450005736,
C9orf142,3.859661864574577,-0.6776502180830855,1.0605453235772433,-0.6389639396054814,0.5228463909040384,
SSNA1,4.004631175578201,1.5962275361299976,0.9292183353533149,1.7178175197361631,0.08582990488857327,
EXD3,2.0695470320415534,0.05509259773205364,1.2472855632252273,0.044169995513774214,0.9647688988133745,
NOXA1,1.5170895039906993,-0.15514856982422567,1.385820764355772,-0.11195428284432565,0.9108596556090807,
NSMF,4.372606305813296,-0.38694818563574124,0.9317917964129789,-0.4152732264067306,0.6779418985526927,
MRPL41,3.3577268153801083,-0.07540879270242772,1.0661730662859439,-0.070728472784552,0.9436138595736012,
DPH7,2.7265190409623963,0.32155840921462553,1.1798022148244074,0.27255281027124006,0.7851969908269868,
ARRDC1,1.7814404587245927,-0.029329785361945915,1.4245743748255228,-0.020588454966093385,0.9835739501178962,
PSMD13,2.4374227787149785,1.617353799293994,1.2380237762891788,1.3063996267840747,0.19141669270735084,
IFITM2,2.5942258923149617,1.5661560618892494,1.212040688692402,1.2921645919155413,0.19630015096219733,
IFITM3,2.9672958498616926,2.4271215049422836,1.159273701804745,2.093657003659935,0.036290545677440916,
B4GALNT4,1.8142859600998964,-2.8697210824807025,1.725389557934814,-1.6632308160689135,0.09626624133397989,
SIGIRR,1.0854423128821218,-1.8984883558569428,1.900811215565051,-0.9987779640139499,0.3179022630809831,
RNH1,3.9005914655637883,1.208546599246588,0.9690481658129417,1.247148121097499,0.2123431911775706,
DEAF1,1.859819802866319,0.914704906077164,1.3107361719899189,0.6978558504939156,0.48526734704027574,
TALDO1,1.7050090785598258,-1.444619889818217,1.445276197450321,-0.9995458946647972,0.3175303181540302,
PDDC1,1.7967155111953683,-0.3177638660011557,1.392935751583663,-0.2281252854913675,0.8195488433254905,
AP006621.5,2.415866511854278,-0.24971040671152805,1.1855002971653996,-0.2106371523555078,0.8331704192732523,
PIDD1,2.065478287655868,-0.5616558096485746,1.5232386488929546,-0.36872476289698247,0.7123328892197189,
CD151,2.633871648339559,3.000623140893123,1.2989501163737605,2.310037239359023,0.020886092524941575,
POLR2L,4.407074077591161,2.168049538818916,1.0185215171062318,2.1286241894807105,0.033285365548369805,
AP2A2,2.872912634702097,0.15615720748128445,1.1000270329837065,0.14195760903959298,0.8871134895888401,
TOLLIP,1.4836673441647779,-0.39563367167301816,1.6578533958432065,-0.23864213365609058,0.811383090936614,
BRSK2,3.1052835080603973,-0.1449654521241762,1.2855212070536584,-0.11276784181291631,0.9102146141918436,
MOB2,2.515469465709567,1.110942234548647,1.1297352190754457,0.9833651423718749,0.32542775964285464,
KCNQ1OT1,2.658090347709644,0.4897702411859861,1.1313324301856638,0.4329145246067149,0.6650768676644165,
NAP1L4,6.31364928348635,0.09470319192018724,0.770411281687755,0.12292549988717599,0.9021660927708763,
ZNF195,2.7265190409623963,0.32155840921462553,1.1798022148244074,0.27255281027124006,0.7851969908269868,
NUP98,5.22918916624346,-0.32021877293484413,0.8854047037560238,-0.36166373588984396,0.7176033296726044,
PGAP2,1.727226499388334,-0.04066204557420305,1.3759969989580727,-0.029550969664172966,0.9764251687568972,
RHOG,4.205910340957732,0.5961777969557254,0.8812351825373552,0.6765251873389129,0.4987072600070692,
TRIM5,1.9761676743849412,-0.230573766253914,1.2911826031466858,-0.17857564506522358,0.8582709194876488,
APBB1,6.6453421475405,0.4482217728363262,0.9179335158834693,0.48829437544279347,0.6253413448798671,
DNHD1,2.2606877757743464,-1.055442543812479,1.3228461897652655,-0.7978573412225375,0.42495328109647224,
ILK,3.555113199292402,-0.04873968985498392,0.9637312556781729,-0.05057394327289515,0.9596650265026487,
TPP1,3.9299152691391286,1.0076695362266839,0.9467592967617436,1.064335507106479,0.287176738335036,
PPFIBP2,1.573090121924367,-0.2705619604029697,1.3637114484574453,-0.19840117988964187,0.8427311943752072,
EIF3F,2.914615966095505,-0.14771421768355797,1.0985843225807228,-0.13445869802379606,0.8930398686584287,
RIC3,2.7122466888546537,-0.13895292946703283,1.111611665934959,-0.12500132350640789,0.9005225025524306,
TRIM66,2.0677056457045886,-0.9192397735434336,1.2934600644765137,-0.7106827638435566,0.47728084291585426,
ST5,4.2610397706008785,0.009105930852934326,0.9093606811002769,0.010013552424453457,0.992010474641887,
AKIP1,1.5073252743559375,0.1387815466733151,1.403417111574773,0.09888831020279386,0.9212269505175135,
TMEM9B,2.5896336481305373,-0.306078087943678,1.1170447799510062,-0.2740069990364242,0.7840792429820268,
TMEM41B,3.13820267281138,-0.24834300883939425,1.0107466133038931,-0.24570253866853864,0.805912506859624,
IPO7,3.248034168821244,0.6229532000517354,1.0024128564459094,0.6214537214341386,0.5343011348993871,
ZNF143,1.780305921546742,-0.03363657030803251,1.4137920534266843,-0.02379173813186015,0.9810187302013308,
SWAP70,5.263611255442593,-0.8220927102360684,0.8629828343164424,-0.9526176854806591,0.3407838131953347,
SBF2-AS1,2.0163519996949013,2.797600781724324,1.4423909343126082,1.9395579347963388,0.052433437256488975,
RP11-1H15.2,1.4886070953988402,-0.8037727405995233,1.5206983045061608,-0.5285550317362552,0.5971141618737692,
AMPD3,4.121791242163135,-0.4067699579902052,0.9138794432886953,-0.445102426777868,0.6562457351459121,
LYVE1,3.9121997905450647,0.2943879684082358,0.9667696177867394,0.3045068473316205,0.7607417768713727,
CTR9,2.6137278480642916,0.7721181182909734,1.1136580003934462,0.6933170847946052,0.4881105836086046,
EIF4G2,4.939658540696005,-0.7925084028052921,1.0039154920687166,-0.7894174450602522,0.4298680630953593,
ZBED5,4.171020986806821,-0.04357345691781269,0.9585062425600388,-0.04545975287697027,0.9637408542642224,
TEAD1,0.8667021285477702,-1.0598734037398005,1.9670928430170092,-0.5388019215779517,0.5900235375778446,
ARNTL,1.975416399909296,0.36162382861210424,1.2505068131943113,0.28918181396258646,0.7724422479590902,
BTBD10,3.065792465229087,-0.05198644142650846,1.0440135055008792,-0.04979479781879572,0.9602859122815125,
SPON1,5.001929914683834,0.45134891655012904,0.8600038341240842,0.5248219817645684,0.5997069490385876,
COPB1,1.9903616856846262,-1.2765390664775909,1.343840789510715,-0.9499183805414715,0.34215372655005627,
CYP2R1,1.8118027547663988,-0.24956345752639758,1.3324885780730813,-0.18729125459918958,0.8514322794840603,
SOX6,2.5157370926941227,-1.3499045887430854,1.3246262247417857,-1.019083393888134,0.308163377155973,
C11orf58,6.310524233626914,-0.1442022897468484,0.7485807062171651,-0.19263425913760454,0.8472454124960496,
RPS13,6.3835110996598265,0.40598108787625065,0.7728519897740563,0.5253025071397428,0.5993729148004675,
PIK3C2A,6.49728992343434,0.11157418670505803,0.7651867074101399,0.1458130226578208,0.884068995190918,
NUCB2,1.6681333339118194,-1.907939503193957,1.5717635622117982,-1.2138845492187702,0.22479181380418478,
SERGEF,4.087920633559689,-0.8460565581754543,0.946824183517494,-0.8935730338364579,0.3715503797408132,
SAAL1,2.4016268435052663,0.27735729316637786,1.1124377899749156,0.24932386841391999,0.8031102698427108,
HPS5,1.9304046692960786,0.31963002313476735,1.3044290679324433,0.24503442233266842,0.8064297784715597,
GTF2H1,4.7539576163696555,1.2904205256979824,1.009457491493205,1.2783307237525896,0.20113283915463398,
LDHA,3.256482232616948,1.2276806890869947,0.9900289005353652,1.2400453041553814,0.21495863776522184,
TSG101,2.843456919719093,0.3439185150447208,1.0715541873362915,0.320952985027893,0.7482460199714088,
UEVLD,1.71670481503939,-0.27802816139424685,1.3529792395521698,-0.20549329455067836,0.8371867364905584,
ZDHHC13,2.7110796493602147,0.41711499686961373,1.058884176984156,0.393919378470281,0.6936405627985298,
HTATIP2,1.398400359404875,-2.160832112596562,1.797593127170432,-1.2020696340767056,0.2293365501655621,
PRMT3,5.316974930547284,-0.24732431406501554,0.8566805074907181,-0.2887007605547687,0.7728103806343103,
NELL1,1.2156558421799226,-0.6799178742268353,1.595038924970372,-0.4262703960277739,0.669910826906224,
SVIP,2.274544362863295,-0.46152569699639745,1.2287731550022472,-0.3755987792519388,0.7072151984439143,
LUZP2,2.0147753498908,-1.6754606636333007,1.4850274373896823,-1.128235493465598,0.2592204778935443,
LGR4,2.5148852393748773,-0.2966819488134561,1.1492453998223697,-0.25815369707750146,0.7962882913351569,
DNAJC24,2.2417313638045795,0.9179336851488309,1.1835183605966155,0.7755973339408926,0.43798677503594596,
IMMP1L,3.203557935599553,0.3298925455020587,1.0021644837965882,0.32918004063793765,0.7420196082828832,
Z83001.1,1.118310039680393,-2.0795422406199924,1.8816131350598708,-1.105191179776614,0.2690767579338894,
RCN1,1.4606245735372188,-0.13459406951783495,1.436980703237997,-0.09366449334674404,0.9253756764433775,
EIF3M,2.5389500453367444,0.6822747293881433,1.1705939235907472,0.5828449265269501,0.5599976979996892,
TCP11L1,3.7835336729922155,0.06543361987272005,1.0243367596567925,0.0638790117174393,0.9490665643641104,
CSTF3,5.197889174471798,-0.5034575155652362,0.8458143256008056,-0.5952340842744845,0.5516870098408255,
HIPK3,4.350405111611361,0.48412089061743085,0.8629455977911372,0.5610097459870291,0.5747908932718887,
CD59,2.758509580673753,0.09241336118453689,1.0734226270296474,0.08609224256829875,0.9313930902633153,
FBXO3,1.6694717251738462,-0.6559609563329887,1.370795560400663,-0.47852573737637516,0.6322760602880242,
LMO2,4.812321369909207,1.0192335567136315,0.8521110617781114,1.1961275970139191,0.23164676971029385,
CAPRIN1,4.576158667733016,-0.21154675271500264,0.892618952756115,-0.23699558704396265,0.8126602137782002,
CAT,1.5814834579805144,-0.5896308443171053,1.3692837310117971,-0.43061261224612135,0.6667500690970523,
PDHX,2.7825417028768893,0.14908064539578958,1.1477679412196833,0.1298874450504063,0.8966554775363953,
PAMR1,1.3279765423196777,-3.5306246575183096,2.299886748283949,-1.53512978852227,0.12475195045932302,
LDLRAD3,1.9130989569244143,-0.28687229004247783,1.3166150047576446,-0.21788623781884042,0.8275177501813638,
TRAF6,1.3223947906469393,-1.0282942398320918,1.615596223837872,-0.6364797247355307,0.5244637919835234,
API5,3.186364569158694,1.3672091014764225,1.0934824453952483,1.2503256062626897,0.2111806281658153,
ALKBH3,2.7940053610529154,-0.346437063788754,1.0825208197920724,-0.32002808394511684,0.7489470413040366,
EXT2,1.9366667666077368,-0.1305680905896351,1.2526952940748894,-0.10422972865564976,0.9169870423975163,
CD82,2.3372328895154517,0.6689029238126083,1.1567628529693548,0.5782541530405878,0.5630925426358286,
TP53I11,1.3543499375900154,0.1755721340504699,1.4750524763254869,0.11902772061902422,0.9052533940165469,
CRY2,2.2456492611464776,0.9361643061346573,1.22730813297379,0.762778540272779,0.445595481352567,
MAPK8IP1,2.6117963412194896,-0.32086126274731,1.1473277580329022,-0.27965963561923046,0.7797386491631314,
DGKZ,2.3367198480524762,-1.824897730591958,1.3947569335830616,-1.3083983930475154,0.19073821740327923,
ATG13,3.958297510835114,0.157005480291561,1.0022626802291816,0.15665102910512388,0.8755198835642827,
ARHGAP1,2.547785468489737,-1.0623402145982799,1.168634711669315,-0.9090438645971753,0.3633269720817459,
CKAP5,3.1558278494554646,-0.6650551951455721,1.0749622990183003,-0.6186776929320478,0.5361287081952582,
C11orf49,5.894483326348737,-0.06966138162550349,0.8205807124619392,-0.08489278454584025,0.9323466281787296,
ARFGAP2,2.1718105417943208,0.2675343278354075,1.2096892591629023,0.2211595463950301,0.8249682066324093,
DDB2,3.6479319436828272,-0.5474280941645644,0.9514118023685538,-0.5753850149869216,0.5650309363682923,
MADD,4.495797574075707,1.248821177513684,1.0244684533998738,1.2189942729512628,0.22284636618793519,
PSMC3,1.2850222311625317,-0.15785621063475824,1.5403394798412622,-0.10248144172155213,0.9183745426471714,
NDUFS3,3.872805603708018,-0.1788716775130587,0.9940682116230282,-0.1799390378060803,0.857200427621541,
MTCH2,3.6405962171714115,1.1276593310475065,0.9922079824779371,1.1365150764371938,0.25574105946354386,
NUP160,3.427902097029611,0.4234386294484028,0.9903668301181406,0.42755736215225515,0.6689734141000356,
FOLH1,1.2757223140475826,0.20953321420618176,1.6504035108050665,0.1269587787679702,0.8989730242466943,
ZDHHC5,2.2834020114392555,-0.6141945928569981,1.1948727394972043,-0.5140251112561558,0.6072344342345611,
MED19,1.0160405311312322,-0.5921489447788001,1.7683871804807096,-0.3348525432184106,0.7377363224288171,
CTNND1,4.776383295461652,-1.125617042963689,0.9021019532127618,-1.247771428667122,0.21211477465868056,
LPXN,4.722142832605198,-1.266716371064838,0.9331201503996787,-1.357506180230136,0.17462043107840364,
OSBP,1.331162318715063,-1.6246832568531977,1.6647760804969554,-0.9759169872071988,0.3291056033051498,
PATL1,1.7989339799960018,0.5405945719826692,1.2774030518443662,0.42319812153426195,0.6721507172127722,
STX3,2.166073483538426,0.9202618747123944,1.2434855845302328,0.7400663796678055,0.45925971755909256,
MRPL16,1.678458176812769,-0.5498843843516626,1.387129464441008,-0.39641893453201044,0.691796000085753,
PRPF19,2.262555665631505,0.0844238914065704,1.2746066424381333,0.06623525140672422,0.9471905318198368,
DDB1,4.2081187633703285,-0.0776249453901686,0.9713077436405549,-0.07991797234028306,0.9363024956884666,
CPSF7,3.3513834868087002,-0.5964319253416768,1.037323093494229,-0.5749721847342588,0.5653101088848669,
RP11-286N22.8,1.465012782195324,-1.1531358863380947,1.516302644584727,-0.7604919047370694,0.44696060633770385,
TMEM258,3.3164392490054957,0.07734736582484922,0.9872312440811357,0.0783477693687057,0.9375514197525282,
FADS2,1.6036521498658598,-1.913777654426948,1.5604524349532978,-1.2264248570218195,0.22003883669838442,
FADS3,1.4227815212944606,-0.8309658775025197,1.6093763286454663,-0.5163278859717685,0.605625422973791,
BEST1,2.3375939267946895,-0.7752168100236678,1.2873655264412376,-0.602173037961222,0.5470589609159606,
AHNAK,2.0046500829768004,0.17930618404278262,1.2638764072375972,0.14187003018331895,0.8871826672837668,
B3GAT3,4.101870812385462,1.460753632053798,1.0268884291563332,1.4225047148052081,0.15487978377328068,
GANAB,2.7101995718216076,0.5355406879910464,1.0697466824404076,0.5006238362612353,0.6166358837459452,
UBXN1,2.3878514876760684,0.7732527723693986,1.1425151386439016,0.6767987103323674,0.49853367652668457,
TTC9C,2.3234310301660592,0.8877364318852056,1.2156569377382076,0.7302524292230709,0.46523590023979067,
TMEM179B,5.231338019260057,0.4126937692955536,0.8450914325948479,0.48834215255073643,0.6253075087928808,
NXF1,2.612766539265934,-0.2765655023652915,1.085786684834454,-0.25471439853534256,0.7989436945545983,
STX5,1.5495830387769949,-0.14286588607514397,1.393369500506754,-0.10253266346305495,0.9183338877670909,
SLC3A2,3.572600721767417,0.8419491813309382,1.0015051212420671,0.8406838502101242,0.40052507030838747,
PLA2G16,4.73062339871749,-1.2433570739785598,0.9393662680281614,-1.3236126485449708,0.18563172224171987,
ATL3,2.1323256792015473,1.1426571978496376,1.237941872200117,0.923029766994523,0.3559916929703967,
MARK2,3.7288327637654497,0.43039168517055626,0.9976860303218866,0.4313899083378942,0.66618488645909,
OTUB1,2.029166046725742,0.31793701209062797,1.2211980833237672,0.26034843686070186,0.7945950131713141,
STIP1,4.273181065406275,1.4920236035572856,1.0234552640680323,1.4578298201591995,0.14488745656241533,
FKBP2,3.532457969464275,-0.7093554529458285,1.0202497333048215,-0.6952762934306922,0.4868821679546518,
ESRRA,2.730172020329288,0.8062171809692404,1.0605005295928767,0.7602232704954378,0.4471211374184616,
TRMT112,3.6684694649960634,0.5555827507075562,1.0931400224539438,0.508244817036661,0.6112816643601867,
PRDX5,3.337495629135958,0.8286486194103064,1.0603720183581573,0.7814697154055015,0.43452628188048226,
CCDC88B,2.5897177698419807,0.5851186964168589,1.1271905938314424,0.5190947295150656,0.6036946835123247,
RPS6KA4,1.5782947911334366,-2.249671217132604,1.800867961880598,-1.24921497008772,0.21158645804311849,
PPP2R5B,0.9387512988508261,0.8193481536310223,1.815542735805722,0.4512965393058637,0.6517758387522263,
ZFPL1,2.1787691858420675,-2.8506253400817934,1.6880506350287172,-1.6887084314466065,0.09127531906328795,
VPS51,3.0910598848958166,1.003892114291323,1.0487922955498061,0.9571886812584326,0.33847202900898143,
CAPN1,1.9882791758832994,0.6435605620989046,1.22459282994252,0.5255302385929469,0.599214638133054,
SCYL1,1.6446202519680533,-0.4968381910555838,1.3799864232568344,-0.36003121674416316,0.7188237891517785,
LTBP3,2.922970619596527,-0.4143995780459758,1.049605131373547,-0.3948147409527992,0.6929796151905628,
MAP3K11,3.6444178137669354,0.41437672479937326,1.0146246932961775,0.4084039424008117,0.6829771395292585,
KAT5,1.8425036321588915,0.865166159223351,1.2782508133215063,0.6768359935365393,0.4985100183044354,
RNASEH2C,1.373387580819532,-0.6688519689840543,1.5797100037075682,-0.42340174298717076,0.6720021734109287,
CCDC85B,1.6246212999401788,-1.09298914282193,1.408027422541484,-0.776255579489417,0.43759809528476057,
DRAP1,2.4144408905361074,-1.3471783489800917,1.2085981842851077,-1.114661900453669,0.26499533348427184,
BANF1,4.7289891562515445,-0.9842398682600713,0.9605533370674142,-1.0246592565749366,0.30552399396685004,
SF3B2,2.6216789155814504,0.4181153022620081,1.0953181604196631,0.3817295443196252,0.702661983423222,
TMEM151A,1.420243588221407,0.30103389043225226,1.5809862910734858,0.19040891887041667,0.8489887092766819,
B4GAT1,1.3886301309737192,-0.016183506879233214,1.4704084114779095,-0.01100613050966374,0.9912185556824252,
CTSF,3.5525116492317057,0.38158242764168043,0.9671288175996932,0.3945518122277918,0.693173682331867,
CCS,3.1101300304419213,-0.04357169847454871,1.0677674988518757,-0.040806353931356294,0.9674502738750749,
RBM14-RBM4,1.6103400585843495,-0.23684637058110553,1.4058262533374617,-0.1684748524355888,0.8662097257348469,
RBM4B,1.3734200831361203,-2.255503691522758,1.794844682322137,-1.2566567534994888,0.20887795431817202,
ADRBK1,2.8794556951731938,0.08892708006598901,1.0364364988179988,0.08580079934217452,0.9316247710405223,
ANKRD13D,4.861185811789003,0.7660573252085101,0.8289876332476724,0.9240877601603967,0.3554406254195105,
RAD9A,2.1494643179028503,-1.2048035757869602,1.2721600304429115,-0.9470534735850012,0.34361153130228317,
PPP1CA,2.59907841349288,0.6101106078664349,1.0802061117674087,0.5648094388840161,0.5722033862337026,
CARNS1,4.294846762216682,0.6174740068157677,0.940931902677519,0.6562366575717983,0.5116718660953246,
RPS6KB2,2.022846331222835,-0.14793605690764391,1.305920972564782,-0.11328101777636881,0.909807765980535,
TMEM134,1.8922170369062403,-0.5206653447986949,1.3919348372551148,-0.3740587065307188,0.7083606396619548,
GSTP1,4.756110717652827,0.19621173452097657,0.8518406347906481,0.2303385475021374,0.8178287091987364,
NDUFV1,3.1483501651483485,-0.014961726236275447,1.0150959534226989,-0.014739223603273684,0.9882402268416913,
NDUFS8,2.2086862864423273,0.39440924343232864,1.2273662336417688,0.3213460111755403,0.7479481919279369,
KMT5B,5.852639606247306,-0.29911613650363617,0.817833735218251,-0.3657419884052749,0.714557611423084,
CPT1A,1.8389955010393937,1.9394789944191364,1.3565403163204839,1.4297245508189766,0.1527960910662205,
CCND1,3.6978317696843868,-0.5937381043209814,1.0175445734336894,-0.5835008311404194,0.5595561976975911,
ORAOV1,2.093592503032145,-1.0049021193013472,1.3001719819534776,-0.7728993804277381,0.43958193144590363,
PPFIA1,5.334367691532949,-0.5744356078064091,0.839360290299623,-0.6843731046668352,0.4937395948758392,
AP000487.6,6.106349180710389,-1.0626529539845335,0.845938635358812,-1.2561820793700957,0.20904996254447372,
CTTN,0.9863038529887899,-0.8719387277754274,1.7653752312289426,-0.49391127299800097,0.621368842840104,
SHANK2,1.7562119030551315,0.8279705686021478,1.3693782794643865,0.6046324679006864,0.5454232285453882,
NADSYN1,5.061629580981446,-0.18920935587914434,0.8690021946981036,-0.21773173535525622,0.827638135587114,
RP11-849H4.2,0.8000572034407334,-0.19634869891160114,2.0820566798587126,-0.09430516508557553,0.9248667470583434,
RNF121,2.6878980292816563,-1.4493032167144866,1.2336781299502633,-1.1747822884506482,0.2400818278345418,
NUMA1,5.629894138602174,0.9261400679204645,0.8127649388726247,1.1394931346387813,0.2544975301440333,
LAMTOR1,3.1377544054759983,0.3514603135397435,1.01822387340679,0.345169979528983,0.7299665862850255,
INPPL1,3.2115355066369062,0.24922865168087902,0.9999880947682735,0.24923161884105488,0.8031816226439017,
ATG16L2,6.03882724995858,-0.21960522508361585,0.7770056248394864,-0.2826301613054369,0.7774603572127262,
PLEKHB1,4.971272179385836,0.4310745432593796,1.0776232014007248,0.40002344297993664,0.6891392501612889,
RAB6A,6.235378237683785,-0.4671152022665312,0.8639638149290187,-0.5406652387460328,0.5887383422677761,
PAAF1,3.2394307984423842,-0.3091045437012262,1.027475033017289,-0.3008389827181571,0.7635372806549763,
C2CD3,2.8869689536907335,-0.004147684617949041,1.0401758055158035,-0.003987484227142049,0.9968184563298276,
PPME1,4.247007064680743,0.3845711976063689,0.9567150497758597,0.40197046936438036,0.687705759469463,
PGM2L1,1.333973903098472,-0.00020641198663447116,1.4887485972967676,-0.00013864798059878537,0.9998893749172482,
POLD3,1.6122168376895951,-0.1885168167853337,1.4263733976906214,-0.13216512386627022,0.8948536862080183,
RNF169,3.441741069846452,-0.02231387980536414,1.040782686647306,-0.021439518635003707,0.9828950494903095,
XRRA1,3.4887227464371837,-2.373299341182082,1.224591454111011,-1.938033564757295,0.0526191276896548,
SPCS2,4.760205965558706,0.4874007557730946,0.8586191607506872,0.5676565094901471,0.570268227926687,
ARRB1,6.416782412441961,0.3154448254144914,0.7754320704031313,0.4067987867080325,0.6841557779345007,
EMSY,3.614744752612136,0.27044875337706875,0.9607642684074215,0.2814933509396317,0.7783320271812515,
PAK1,6.41128089080176,-0.9324858995902886,0.7873369398427043,-1.1843543118611741,0.23627283780494024,
CLNS1A,3.0136610156941557,-1.485776004209191,1.1395170219920827,-1.3038646861209537,0.19227972263704818,
AAMDC,3.067546621509907,0.35793715895263584,1.0095297274634532,0.3545583148422876,0.7229205096362887,
RP11-91P24.7,4.106752390180386,1.6299262805592811,1.0943942026571924,1.4893411136515664,0.13639756649720766,
ALG8,1.2663616703966838,0.2599297280138964,1.5436536266499792,0.1683860443343065,0.8662795863549394,
NARS2,3.640508805673124,-0.3679510775010536,0.9669334040309514,-0.38053404295180965,0.7035490311656138,
MIR4300HG,1.5402223951260954,-0.09407912641021286,1.4590010965407492,-0.06448187505360471,0.9485865386858727,
PRCP,2.5692516148426003,0.3943612533619437,1.129925794468927,0.349015178954558,0.727077914102734,
RAB30,1.904670228099986,1.3628722152927508,1.4505821586265293,0.9395346600589477,0.34745630555472407,
RAB30-AS1,3.195405723007768,-1.4218832009078897,1.0767573332194043,-1.3205233501002414,0.1866603453006851,
CCDC90B,1.346781951332919,-1.3885501353247678,1.5690766373030163,-0.8849473010518187,0.37618505482424003,
TMEM126B,2.447392739045822,-0.41845075867830944,1.1410855022613393,-0.3667128868512019,0.7138331929542532,
CREBZF,1.4717006909138128,0.40049197008149545,1.4293109490118505,0.28019932986476753,0.7793245807763081,
EED,2.1317712461738973,1.1555407333612264,1.2858485734881167,0.8986600422370071,0.3688337666225736,
C11orf73,1.4490189575654917,-1.1693768139809197,1.5496796182173747,-0.7545926269108938,0.450493448980984,
RP11-317J19.1,1.8615412753884082,0.18347017769905707,1.2721140973120113,0.144224624258729,0.8853230968756947,
ME3,1.5868329754369774,-0.11250175326999488,1.3499106803044811,-0.08334014606404876,0.9335810793651191,
TMEM135,2.506117711306754,0.013051878563814285,1.175469377414728,0.011103546221272026,0.991140833939495,
GRM5,2.1962878229881375,0.1520797779590501,1.1646279036190907,0.1305822894045909,0.8961057537547251,
CHORDC1,2.73906235266398,1.7840229163500334,1.1489781061743862,1.5527040130382286,0.12049386316491212,
SLC36A4,2.825218122768433,-0.2621107447863952,1.146224533315601,-0.2286731239543498,0.8191229853051819,
CEP295,2.2069321301615066,-0.21056816922720548,1.1770682958183745,-0.178892057474715,0.8580224594037297,
C11orf54,2.2895768786947692,-1.64842917262437,1.2992369954541902,-1.268767113615102,0.20452413762799782,
MED17,2.7304914846017074,-0.20137466645459784,1.0908132361973113,-0.18460966531412007,0.8535352044296849,
MRE11A,1.716672312722802,0.5148465150715605,1.373534504356182,0.37483333213597353,0.7077844231160507,
ANKRD49,3.4364180559101842,-0.09189839001989838,0.9543230568114701,-0.09629693987164478,0.9232847414224911,
PIWIL4,1.4209948626970519,-0.4249149788956715,1.4718607094327705,-0.288692385205001,0.7728167904379171,
CWC15,2.5895464180743932,-0.6165709797794371,1.1392185663235688,-0.5412227275835271,0.5883540740000902,
SRSF8,2.3495826240264788,-1.2792154219305185,1.253739852158417,-1.0203196617928696,0.30757688141113815,
ENDOD1,1.6589502222670454,1.669280532574135,1.5123527530426064,1.1037640055971172,0.26969552256483953,
RP11-712B9.2,1.969479765666452,-1.6180302246659681,1.4104213860710701,-1.1471963206494067,0.2513004918927131,
SESN3,5.198298759252054,-0.9698479602001308,0.8757553214843743,-1.107441697934844,0.2681030061546331,
FAM76B,1.6734281236287263,-3.7362166914677126,2.1605701435198883,-1.7292734987908622,0.08376015733760543,
CEP57,4.1507410716195094,-0.5524368561233334,0.9302661199409599,-0.5938481949212493,0.5526136509680803,
MTMR2,2.0806912259451598,0.5989852515417186,1.2797338606180104,0.4680545463198543,0.6397455829794079,
CCDC82,3.2576817744279754,0.22740656295460038,1.0176780132557566,0.22345629952943669,0.8231803911440447,
CNTN5,4.148842067091295,-1.9574123923933633,1.0720115501480718,-1.8259247226608664,0.06786160164058391,
BIRC2,4.6291510412774235,0.5243755260921763,0.8696304596870739,0.6029866137403542,0.5465175944256102,
TMEM123,2.72526458996967,-1.0474065117391316,1.223298224580533,-0.8562151817871604,0.3918787665637994,
DYNC2H1,3.5099121951152603,0.15146821352035045,1.0800162853152995,0.1402462310798683,0.8884654457098794,
GRIA4,2.6530055667860446,-1.8766432975481688,1.2676415920553086,-1.4804210506421194,0.13876091563261814,
KBTBD3,1.0463155971168936,-1.9873026168772447,1.9267913139930464,-1.031405218844793,0.3023508345344361,
AASDHPPT,2.2194178236718405,0.4849109943943773,1.22182777544479,0.3968734416909552,0.6914607897490415,
ALKBH8,1.2258905645730351,0.42851623966607855,1.589643617903383,0.2695674897441845,0.7874930141147656,
CUL5,6.162024335575242,-0.2639430852097101,0.7719395489664304,-0.34192196210585435,0.7324096213103432,
ACAT1,1.71749477207016,-0.7968611722033019,1.4006409859243354,-0.5689260704286926,0.5694063121933268,
NPAT,2.708771060051744,-0.2805545476250281,1.1417807027571134,-0.24571666603539485,0.8059015700309542,
C11orf65,1.280137026225882,-0.6454020841608868,1.5077712303552127,-0.4280504039122951,0.6686144241354381,
DDX10,6.201724819339396,0.4671805408097126,0.8222123368672535,0.5681993809406184,0.5698995917760302,
ZC3H12C,4.0474141349677595,-0.3777876690928862,0.9739273194620484,-0.38790129565475,0.698089079266039,
RDX,6.378977861312184,-0.33650444763683385,0.7879625608349142,-0.42705639120757005,0.6693382549241478,
FDX1,2.3274686598806897,0.9041621377382407,1.15278187025312,0.7843306362371149,0.4328461274454458,
ARHGAP20,3.144896580326263,-0.06336777983017015,1.0361784135450713,-0.06115527886107019,0.9512355453290646,
BCO2,5.764956297398989,-1.7005850993905167,0.9611966858278529,-1.769237373020953,0.07685426975838076,
PTS,2.6482623196450956,-0.7062915752826588,1.1069405041871614,-0.6380573956874914,0.523436318710575,
TMPRSS5,2.9963748197359092,1.3997827004529821,1.2206016759867033,1.1467972951302345,0.25146540738643897,
PAFAH1B2,2.053962792191978,-1.081481302966266,1.260234136584506,-0.8581590290017879,0.39080465609471116,
SIDT2,1.1882248628942584,0.7440357251385825,1.6123450704815354,0.46146184136400303,0.6444672922430744,
PCSK7,3.9155587953199427,0.0921977771145194,0.9572124625829199,0.096319031268915,0.9232671965927959,
RNF214,2.826676427845335,1.7666585171952294,1.1540104640661466,1.5308860467091627,0.12579755832493988,
BACE1,2.5322886401384497,-0.1552049522450159,1.1486035168366264,-0.13512491470726687,0.8925131117425962,
DSCAML1,2.7447696176128358,-0.11633096984772623,1.155939814019192,-0.10063756645187652,0.919838174361136,
UBE4A,5.5907066963009955,0.844312392786153,0.8081493718308005,1.044747941674975,0.29613948083267805,
ATP5L,4.962632860990806,0.8604038815256393,0.8796048094271859,0.9781709607590134,0.3279897762807822,
ARCN1,1.9612252790613038,1.1386751345780617,1.2833108782468354,0.887294851060279,0.3749201769795544,
PHLDB1,5.838534739757651,-0.3166401618823691,0.8519748775779786,-0.37165434124363367,0.7101502240386436,
CCDC84,2.5265809758544417,0.4224992253090184,1.1623973766599738,0.3634722804717827,0.7162521160448228,
C2CD2L,1.3952693107490461,-1.3720728426926085,1.558061013705329,-0.8806284417768664,0.3785189592248134,
ARHGEF12,5.0730413892570345,0.6274153043186967,0.8508965497122306,0.7373579132867394,0.4609047222806729,
SC5D,1.8143762620498762,0.013273059437905573,1.3967798233611923,0.009502613952401933,0.9924181251470823,
HSPA8,3.3733686734209325,1.3494459506492889,1.002452208695637,1.3461449223650777,0.17825578354732452,
GRAMD1B,5.465857728416876,-1.364930540140819,0.8673981061064041,-1.573591791971681,0.11558185205737216,
MSANTD2,4.289142206277376,0.598186666778732,0.9044903641842593,0.6613521718589273,0.5083864906735938,
ROBO3,1.7041290010212187,-1.2520014319823423,1.3903224240074092,-0.9005115722535956,0.36784806970643036,
HEPACAM,4.537106027291194,-0.7412432240149823,0.9770935053206105,-0.7586205618793471,0.4480795689630571,
FEZ1,2.3494953939703347,-1.5914526520373122,1.2781118394154753,-1.245159150364446,0.21307325492889595,
EI24,1.4557940963401252,1.0993000763781675,1.4523867549743705,0.7568921105987132,0.4491145023413595,
FAM118B,1.03391113486631,-0.5335115942142715,1.8039627100910554,-0.2957442475001839,0.7674254032377035,
SRPRA,0.7440565855070659,-0.021907049959068278,2.128093541516667,-0.010294213826453975,0.9917865507868749,
FOXRED1,2.1194629032275443,0.9462880117787231,1.2115383324343632,0.7810632040649771,0.43476532210248886,
KIRREL3,5.108800712578244,-0.8364360671913464,0.9672589179638831,-0.8647488812530943,0.38717663389788026,
NFRKB,1.8264521893378103,-0.09807702117734476,1.3241809329315652,-0.07406617837353612,0.9409577270647264,
APLP2,5.588684887506214,-0.42814276566142584,0.8717807418867975,-0.49111289695938365,0.6233466002588284,
ZBTB44,3.9133668300395037,-0.10472710965918278,0.9130422679211562,-0.11470127215208646,0.9086819055536395,
SNX19,4.685493348906479,0.7349273584187356,0.8501325037531055,0.8644856597933025,0.38732115461446925,
OPCML,5.1614674780625585,-1.1499088964054225,0.8748600670978152,-1.3143917977877657,0.18871438927458228,
NCAPD3,1.955875761604841,0.7215301089949762,1.2798204162881375,0.5637744950870761,0.5729076115149121,
VPS26B,2.5034807684777767,1.696252176335683,1.2009611657247283,1.4124121784671262,0.15782863264353342,
B3GAT1,2.9835605912629255,1.2160840335756142,1.1251681812265288,1.0808020115268275,0.27978519349917386,
IDI1,2.11581881310874,-0.7767289337946326,1.3412318609767608,-0.5791160770882483,0.5625108526993434,
WDR37,5.937675896047957,0.16737523819883296,0.8370361958757059,0.19996176870669885,0.8415104813719524,
ADARB2,4.119102462046295,-0.2163665432344382,1.035223774796391,-0.20900461185504884,0.8344446383863044,
GDI2,6.555083380203953,0.38277999225160025,0.7516958909370751,0.5092218766480433,0.6105967105033709,
FBXO18,2.633694116333434,0.2063818772122241,1.1182249387988397,0.1845620411881644,0.8535725611251871,
RBM17,2.8007673450948105,-0.0776358666105971,1.0824298264298715,-0.07172369488991255,0.9428217989272948,
RP11-563J2.2,1.97915676524507,-2.3208397528875158,1.5108066325576315,-1.536159362074408,0.12449930010227149,
KIN,2.127798621092443,-0.1427948286975732,1.2202957545769362,-0.11701657418867174,0.9068469194099591,
ATP5C1,3.8853001864664383,-0.48465890178190674,0.9478308480275668,-0.5113348049290445,0.6091166376475019,
TAF3,6.452235644116498,-0.24926204766648535,0.796841186138533,-0.3128127059726936,0.7544229615334963,
DHTKD1,2.7886943447094352,-2.545456422444127,1.3668868124805384,-1.8622291174386236,0.06257080183198849,
SEC61A2,1.6809961098858226,-1.3694626394612064,1.4752822898917957,-0.9282715917112035,0.353266706237504,
NUDT5,2.7026863133040675,0.6734501742005111,1.0782173544407883,0.6245959327465959,0.5322362897823221,
CDC123,2.4410465200227205,-0.9011407001733522,1.221072488272979,-0.7379911584511075,0.46051982194517305,
FAM107B,3.2000526949317476,0.5911232795925416,1.0564065530271738,0.5595604058860247,0.5757793180406152,
DCLRE1C,5.786865687988647,-0.4717732721145399,0.8595077071086537,-0.5488877740277217,0.5830824689227387,
RPP38,2.0038988085011553,0.7795792509948707,1.2370248774098347,0.6302049904018144,0.5285604746513907,
FAM171A1,2.1242032599168006,0.07325490146038541,1.2445822983818444,0.05885902567924072,0.9530643942106829,
FAM188A,2.536351385727741,1.0688771925905747,1.1653338858565643,0.9172282772888818,0.35902303202454544,
RSU1,4.945491306308405,-0.15078902553658277,0.8689024158575168,-0.17353965506905583,0.8622272604750303,
VIM,1.2534988944226806,-0.11120335958452776,1.5796578727911825,-0.07039711667947222,0.9438775861133554,
STAM,4.592236614074292,0.32833514532759234,0.8821717279011836,0.3721896031612235,0.7097516864364734,
CACNB2,2.5944254427725055,-1.0433845119698169,1.1536758750549099,-0.9044000438339378,0.3657833149482481,
RP11-499P20.2,1.1085398112492373,0.10192768957640025,1.6712829376757223,0.06098769231627087,0.9513690109183178,
NSUN6,5.45832530375763,0.145934947534834,0.8466433515689521,0.1723688578719664,0.8631475535373654,
MALRD1,1.266394172713272,-0.916475392892652,1.6342602034615146,-0.5607891515387037,0.574941283056901,
NEBL,5.039548275064981,-1.2966372334292122,0.9397678654021949,-1.3797420418012345,0.16766608341318667,
MSRB2,1.4126015266409047,-0.07264758289153252,1.470789255871505,-0.04939360455722512,0.960605624766829,
OTUD1,1.7087272440020367,-0.21205824047473046,1.4881885235247436,-0.14249420494956844,0.8866896564458298,
PRTFDC1,1.844145442508907,-1.0178599769962693,1.513623007716232,-0.6724659785213133,0.5012870918239747,
ANKRD26,3.5786589649948994,0.00532876278864193,0.9793262267160938,0.005441254041067089,0.9956585288324041,
YME1L1,4.338735878651992,0.08929571975734514,0.8942693011956336,0.0998532764548187,0.9204608108701489,
ACBD5,1.5263954199020422,-2.327202255640137,1.7624122429459939,-1.320464190460943,0.18668008429901517,
RAB18,3.212005999395257,0.9600373314127091,0.99993239884884,0.9601022354290554,0.3370037635243188,
WAC-AS1,1.7313277460906076,-0.30811722598024727,1.333077374013697,-0.23113228983292416,0.8172120305288182,
SVIL-AS1,3.6198593013133684,-0.4009339379600319,1.0272748713866833,-0.39028885951315534,0.6963229602443929,
MTPAP,1.0160405311312322,-0.5921489447788001,1.7683871804807096,-0.3348525432184106,0.7377363224288171,
ZNF438,5.508170220577489,-0.9596831428345738,0.8455658566652943,-1.1349596666773305,0.2563922180969743,
KIF5B,6.117173910341575,-0.3664536662018666,0.766936900038543,-0.4778146235804408,0.6327821519170327,
CCDC7,2.8274114756944058,-1.2075796032077384,1.1447733201495003,-1.0548635104896018,0.2914877528713472,
CCDC7.1,2.5296279027988278,-0.6671060420618637,1.174102733990092,-0.5681837055218827,0.569910234555011,
ITGB1,5.264659794297096,-0.23655655837561976,0.8251405980393809,-0.2866863646482824,0.7743524789805512,
PARD3,2.1441148004463875,-1.6685273056823935,1.3255510541362692,-1.2587423928153474,0.2081233938954069,
CUL2,2.1136075002444508,0.6143788408498467,1.2472915427482487,0.492570357284826,0.6223161973441201,
CREM,5.531748270703567,-0.9721845654726253,0.940924698432829,-1.0332224960104264,0.3014997875794603,
ZNF248,2.6802174665881715,-0.13236060155199147,1.138415986481823,-0.11626734262669708,0.9074406668526572,
ZNF25,2.7261993952478334,-0.18257570148432434,1.1125591460814144,-0.1641042654922041,0.8696490639611778,
ZNF33A,6.172806335059659,-0.6848400745766589,0.8293650926629877,-0.8257401723741746,0.4089514986471485,
ZNF37A,3.188028423489534,0.3267727746662966,0.9886179508331093,0.33053493960020136,0.740995796726973,
ZNF33B,2.7299884895267694,-0.3319219916220983,1.1534776821088522,-0.28775761921570947,0.7735322807130196,
CSGALNACT2,1.7033036512221678,0.2821361476145527,1.3398280773970581,0.21057638093588155,0.8332178443269765,
HNRNPF,4.3466038382974945,0.6446171951843193,0.957873443250208,0.6729669767198438,0.5009683002814946,
ZNF32,2.0945538118305027,0.4827400518012924,1.3481853887007067,0.35806652100459707,0.7202935325926685,
TMEM72-AS1,2.1637455592586794,-2.1869645713733505,1.4062818400097554,-1.5551395951740226,0.1199128266591787,
ZNF22,1.4165254227791966,-1.1661435965079552,1.5316300637120777,-0.7613741882825642,0.4464336000036422,
MARCH8,2.060186388390654,0.06835166285525644,1.229165353343854,0.055608191907875346,0.9556539384062462,
ZFAND4,1.5645194353042384,-0.7348747113141902,1.4919677060488121,-0.4925540333981918,0.6223277339991695,
FAM21C,1.8063660072537917,-1.1002959362564635,1.3925426156983125,-0.7901344805197956,0.42944923485916064,
AGAP4,2.6736107891294334,-0.005656016896015664,1.1100460411145021,-0.005095299371850327,0.9959345568897633,
NCOA4,3.744939346273813,0.1718877048738583,1.0439601497035798,0.1646496802800986,0.8692197256017871,
AGAP9,1.7548023269213917,0.3073198157437923,1.4528461582244112,0.21152949608882315,0.8324741183413055,
MAPK8,6.579041439696258,-0.6858848670228721,0.7674219181534878,-0.8937519906561907,0.3714546013733243,
ERCC6,1.9375408453499503,0.6425214087827246,1.2522157663311049,0.5131075858158715,0.6078760654653153,
PARG,5.497809984908259,-0.9798688861400878,0.8540925090402096,-1.1472631778976963,0.2512728674683402,
TIMM23B,4.544064440833358,0.4024215104447189,0.9339858007137735,0.43086469851809217,0.6665667529707551,
LINC00843,0.9311833125937298,-1.0395364660437434,1.8319430306493052,-0.5674502146910622,0.5704083419363666,
AGAP6,2.07088542330358,0.8313766214943367,1.2367809754309818,0.6722100663010493,0.5014499734854233,
FAM21A,1.4561551336193632,-1.1325170194972662,1.576499353659762,-0.7183745536388494,0.47252637239195583,
PRKG1,4.886723785342848,-0.9544809134990858,0.8750330588110861,-1.0907941178770388,0.27536348531044763,
PCDH15,3.9043732224642356,-1.4917749362186419,1.0011740348719684,-1.4900255942109129,0.13621750640032398,
IPMK,4.069769248107316,-0.19252897779186365,0.9987543060098933,-0.1927691091125634,0.8471397970594,
LINC00844,6.074426898968187,-0.2569256050855962,0.8871243705017808,-0.2896162180059063,0.7721098583436538,
PHYHIPL,3.726559567225259,-0.5418789596768157,0.975524455506388,-0.5554745005295946,0.5785701469333522,
FAM13C,1.6267850410012565,-1.7848800963870775,1.5114016006361675,-1.1809436324771654,0.23762511644241813,
CCDC6,2.2198496338750657,1.1291514043079296,1.1819131038416448,0.9553590705084657,0.33939614471877444,
RHOBTB1,2.241002289222498,-1.9343886417436285,1.3481274110300854,-1.4348707888563657,0.1513239211148956,
ARID5B,4.222029678863682,0.17506441629368114,0.9596225031317114,0.1824305033722755,0.8552448892159724,
REEP3,6.108387216131745,1.0713375995191914,0.7855462005099466,1.363812336974859,0.17262663646019083,
LRRTM3,3.018546220630805,-1.285542880516596,1.1159215105299638,-1.1520011653024567,0.24932059447645216,
HNRNPH3,4.455679937647225,0.6007380310582674,0.8991694004345618,0.6681032859524971,0.5040676644717754,
RUFY2,2.567322998449491,-0.8262520907752366,1.1409280169088114,-0.7241930065087312,0.4689472514568457,
SLC25A16,1.340607084077405,0.032209138760691564,1.4851886113768913,0.02168690125547829,0.9826977126007248,
CCAR1,6.315554468253101,1.110556702209358,0.7923413695833145,1.401613931623172,0.16103056449166575,
DDX50,4.231445050254137,0.7079722718164416,0.9426654282117685,0.7510323924358416,0.4526331615097141,
DDX21,4.004875407387264,-0.5304552779203066,1.0096314891709208,-0.5253949422238212,0.5993086687911386,
VPS26A,6.548389654131213,1.0808172064369375,0.8349641960146797,1.2944473686365532,0.19551093779744355,
SUPV3L1,1.0294416949484544,-1.7907671104704248,1.919084107663106,-0.9331363348379063,0.3507495809390696,
HK1,4.697826626285349,0.5388777002696882,0.9080522579214216,0.5934434891480882,0.5528843915952127,
TSPAN15,2.9146099672991106,0.6255273305354652,1.0841654075459224,0.5769666936260088,0.5639619552349087,
SAR1A,1.4606245735372188,-0.13459406951783495,1.436980703237997,-0.09366449334674404,0.9253756764433775,
PPA1,2.9547200358435215,1.5242730475282666,1.0818465821493977,1.4089549042155889,0.15884850308753273,
EIF4EBP2,2.560858278786453,0.7166587050988913,1.1899684906859644,0.602250152595023,0.5470076362061015,
SGPL1,4.200560823501269,0.38832294420131674,0.8787229623784317,0.44191737422025074,0.6585489976143049,
UNC5B,2.34779596542907,-0.9039277032821018,1.1877097024676067,-0.7610678782905332,0.4466165252445916,
CDH23,2.0134945768200225,-1.1720878391102605,1.3214616364090224,-0.8869631980352645,0.37509871454152965,
ASCC1,3.8897046217511178,0.6016627583211033,1.0094620174326547,0.5960231766335305,0.5511597437853424,
DNAJB12,1.8201900920261522,0.46564631685686747,1.283375584165009,0.362829340531538,0.7167323727153091,
MCU,3.1710926250326197,0.9392785069323285,1.071868717449047,0.8762999531955074,0.3808669904949544,
ECD,2.1873073701456085,-0.7932410333089377,1.2139955961621585,-0.6534134356142929,0.5134897794005141,
FAM149B1,1.5201333225903841,-1.0254924594820904,1.4326500484619744,-0.7158010852566619,0.47411418221524637,
DNAJC9,2.332676219541452,-0.24061839961420187,1.1470523027823163,-0.20977107934010716,0.8338463461844902,
MRPS16,1.2107352444749921,0.18476209136947494,1.6721726502328975,0.11049223376769234,0.91201900871437,
CFAP70,1.7442230243811985,-0.9567562602216823,1.372782658262747,-0.6969466393408953,0.4858361884855329,
ANXA7,2.2772271441837417,0.25011407303142313,1.1816059319737446,0.21167300050164328,0.8323621532779304,
PPP3CB,4.993888545216695,-0.21807221652226727,0.8335520341141004,-0.2616180005535402,0.7936159648138855,
SEC24C,2.5519681278939044,1.8236809298537908,1.1978723332503711,1.5224334674341438,0.12790050436155836,
CHCHD1,1.0463155971168936,-1.9873026168772447,1.9267913139930464,-1.031405218844793,0.3023508345344361,
ZSWIM8,4.654444783022204,0.460725668679099,0.9465719043653956,0.48673076662673664,0.626449139056011,
CAMK2G,4.735470102541157,-0.2884618209472217,0.9292507638357046,-0.31042408806480465,0.756238478645781,
VCL,3.565299192742352,-0.8695872721452076,1.0418541848787164,-0.8346535290314521,0.40391281376031263,
AP3M1,1.5067646610897503,-1.538014469057402,1.5705036847081792,-0.979312868879506,0.3274254138182021,
SAMD8,1.9820230773680347,0.13799390657060318,1.2410752660946354,0.11118899098266354,0.9114664814230713,
VDAC2,2.550910518349173,-0.5320481612684435,1.1482750654732394,-0.4633455669867481,0.6431166888257767,
DLG5,1.577095249322409,0.404067366144464,1.4037437476568264,0.28784980650417574,0.7734617099871768,
POLR3A,1.3378918004403701,0.1249513858224248,1.5483242961619756,0.08070104314203255,0.9356797072169567,
ZMIZ1,2.707948600704386,0.5810642306190572,1.062895961554695,0.5466802505949278,0.5845984246932727,
ZCCHC24,4.088272625678102,0.8645952130533404,0.9241988441988033,0.9355077843695706,0.34952667352856215,
ANXA11,2.615072238122712,0.6420491699134232,1.0862041826188527,0.591094363460684,0.5544571963107119,
GHITM,2.060689383465593,0.35505370645408263,1.2862552115489188,0.27603674859091465,0.7825198410257324,
GRID1,4.631569241977744,0.3421815653195515,0.9191694496445223,0.37227256133445924,0.7096899257388313,
WAPL,6.075796223459125,-0.36190762397938026,0.7853793076818857,-0.4608061613535269,0.6449376808755678,
BMPR1A,5.9322169231123825,-0.6930703986734326,0.8149753147769695,-0.8504188852187528,0.39509224018768385,
SNCG,1.5228000587264,-2.1790676841091083,1.7741628759699803,-1.2282230192184336,0.21936325971803505,
FAM35A,5.972889174010657,0.3113406035658591,0.786289729711938,0.3959616815546104,0.6921332964822735,
ATAD1,2.798106789197332,0.9340312738081269,1.1583256636379236,0.8063632734119341,0.42003341691643725,
RNLS,5.87547836687795,0.6204633995203042,0.7712463253453691,0.8044944645181377,0.4211114649585823,
STAMBPL1,6.038881977698137,0.15702665446297642,0.7776566642754889,0.20192285577501193,0.8399770337726398,
FAS,1.7851098952236413,-1.2411975452120245,1.405283173997206,-0.883236608947324,0.37710844570597657,
CH25H,4.415294661317357,-4.285868048944534,1.5886897145355443,-2.6977376448852466,0.006981243579482246,
IFIT3,1.0485340659175275,-0.5788886643230571,1.700472220449051,-0.34042818069100095,0.7335340995238782,
KIF20B,4.062656685121946,-0.11216541152483517,0.9312312482961863,-0.1204485048478098,0.9041278697412475,
RPP30,1.1818786438711573,-0.20737063042880563,1.5926176445311908,-0.13020741741803826,0.8964023262912801,
PCGF5,5.920861181158443,0.8275307096968152,0.778723109321752,1.0626764504492148,0.2879287039664501,
TNKS2,6.6032837521348435,-1.3279985124709015,0.7993975675840646,-1.661249128496065,0.09666342235269818,
BTAF1,6.122906690500243,-0.05875133949434914,0.7928304163084808,-0.07410328651100805,0.9409282001958572,
MARCH5,1.9011162584890187,-0.8746578510449662,1.3470940478025222,-0.6492923433755584,0.5161494337786693,
IDE,3.7014818585995855,0.017449657675052077,0.9735899908505812,0.017923004384840797,0.985700277115301,
FRA10AC1,3.8532649654035627,0.09033751625035268,0.9896551638061433,0.0912818116392391,0.9272686698554692,
LGI1,1.7437587118613855,-1.2500647459881318,1.4778870758868534,-0.8458459150121402,0.3976387075442622,
NOC3L,4.0752326805822605,1.7007048546062435,1.0506229183850513,1.6187585715533936,0.10549921908955845,
SORBS1,6.013918158561538,-0.5162264438381231,0.8120435146932664,-0.6357127844720458,0.5249636421193791,
TCTN3,1.856727255323472,-1.1953711629318575,1.5266224186237656,-0.7830169060464031,0.43361718434727103,
OPALIN,3.912260672993753,-1.6251733616959758,1.0111570129677132,-1.6072413491215816,0.10800143469596475,
PGAM1,1.7543705167181665,-0.49918380494668957,1.3465745246195837,-0.37070640786681475,0.7108562170948292,
EXOSC1,2.987451803642486,-0.39546466279010606,1.0436715604559437,-0.3789167759034666,0.7047496661593152,
MMS19,2.167805414396278,-0.25508879037164706,1.1851084761222321,-0.21524509824308877,0.8295762315424022,
ZFYVE27,2.0549241009903363,0.09863274331843078,1.219700392019172,0.08086637010515974,0.935548225113044,
HPS1,4.914462075395406,0.4589822951115979,0.8567429187704722,0.5357293127911603,0.5921456418216843,
HPSE2,1.6450845644878667,-0.35813927041967364,1.3558171471601923,-0.26415012612121713,0.7916642400447553,
GOT1,0.941827619767099,-1.8873438376069183,1.9532466725660438,-0.9662598503892257,0.33391417106127097,
SLC25A28,3.0534266855336285,0.6766115716612705,1.1444323210308225,0.5912202576136851,0.5543728512152355,
CUTC,1.5233190989857694,0.16824550765297402,1.4118242051812406,0.11916887884166553,0.9051415620046364,
COX15,1.1409370452891585,-1.97733173609283,1.9257707722277364,-1.0267741958745422,0.3045268026471344,
ERLIN1,1.7597200341746293,-0.0334715004094224,1.3212800158201323,-0.025332631999770535,0.9797896457056852,
CHUK,2.582945739412048,-1.6202075029095733,1.2809090169546011,-1.2648888261881897,0.2059111834050359,
CWF19L1,1.9224270982587255,0.4589538884440114,1.2984902438965449,0.3534519343532147,0.7237496570282453,
BLOC1S2,1.327279995583589,-0.6060479063160157,1.6060435810966387,-0.3773545833060109,0.7059101135469505,
SCD,5.887270378574485,-0.5418123916370959,0.7871975408472133,-0.6882800866653824,0.49127641925175325,
OLMALINC,2.107971020832156,0.846291168859091,1.2411921149361393,0.6818373712458152,0.4953417906296196,
SEC31B,1.5277338111640686,-0.6947661463130972,1.4419880717512168,-0.4818112992220117,0.6299400018772172,
HIF1AN,2.5318790553581927,1.0458518673375174,1.2303968352712236,0.8500118314323967,0.39531850835968585,
SLF2,5.378870428274834,-0.3147195070091009,0.8586098386506069,-0.3665454235927634,0.7139581242749911,
MRPL43,2.895394792063469,-0.8194799556766569,1.088872823091678,-0.7525947367754815,0.45169348137118925,
LZTS2,1.3067751580290832,-1.278772768245162,1.5939202689413563,-0.8022815150562658,0.4223901326474967,
POLL,1.6158183791037743,0.816688296162237,1.4147371080179203,0.5772721246468444,0.5637556412513061,
FBXW4,5.610105376809751,0.07390452057042665,0.8156034772850587,0.0906132975504671,0.9277998654855191,
FBXL15,1.6379810721927264,0.8100812331684698,1.422550514847697,0.5694569189025951,0.5690460991003546,
CUEDC2,2.516759128028431,-0.10960613249519181,1.1036756905907235,-0.0993100903006453,0.9208920671222642,
ACTR1A,2.861740398021272,0.5538403056643806,1.1340397505645403,0.48837821195303904,0.6252819717909612,
SUFU,5.864975991970877,-0.6148438281020012,0.8203089755364444,-0.7495271250688456,0.45353955593725104,
ARL3,2.9392645990569086,0.9773013251721621,1.150494757671883,0.8494617803820406,0.3956243885275428,
WBP1L,2.7781016569309203,-0.2110177190098035,1.0790662256927008,-0.19555585559574143,0.8449578151828164,
CNNM2,4.491856219578046,-0.9972993087794251,0.9724869931330812,-1.0255142904959638,0.30512058601228453,
USMG5,2.0375918850984776,-0.920903319544282,1.3122089618512607,-0.7017962430656426,0.4828062420670072,
SH3PXD2A,2.2581022708980805,0.43089009589439026,1.1515912741722938,0.374169295615836,0.708278366134212,
SLK,2.9079381037650527,0.37461177887545377,1.0216702481667663,0.3666660349047438,0.713868144777036,
GSTO1,2.4030099161188123,0.38982260186147044,1.3212766932183182,0.2950347976788682,0.7679672975102322,
SORCS1,2.081161537261367,-0.3060652739947645,1.255942008156835,-0.2436937947827164,0.8074679795605784,
XPNPEP1,1.2938798797384923,-0.4498172732900013,1.5409868320695501,-0.29190208762906517,0.7703614872749387,
ADD3,3.3456507066500314,-1.3428020357391077,1.1271444720455248,-1.1913308977173183,0.23352370884768958,
MXI1,3.285645142760465,-0.30599876969921214,1.0610207065560824,-0.28840037504304633,0.7730402806770317,
SMC3,2.6434320238901456,1.4210267909546053,1.138852905851442,1.2477702639676729,0.21211520130737893,
PDCD4,2.888851731592373,-0.6714684456630224,1.0867617461246084,-0.6178616868485466,0.5366665162579466,
BBIP1,1.6872550988527795,-1.0584092419887903,1.4474126807789995,-0.7312422062097405,0.46463122443236116,
SHOC2,5.454646653268187,0.04661191684403703,0.8533954582777171,0.054619363616144646,0.9564417118502969,
ZDHHC6,2.7073941676767355,0.5029121963846747,1.1439477671999196,0.4396286358560498,0.660206097112106,
TCF7L2,6.334769436517193,-0.7333829490565572,0.7818569260786377,-0.9380014739203001,0.3482436526495879,
NHLRC2,5.023141575868048,-1.1124367023868758,0.8816855114886132,-1.2617159836375997,0.2070510033466053,
CCDC186,4.845987942986334,0.19194110450016674,0.8759987877028749,0.21911115311414125,0.8265634629361336,
ABLIM1,3.292248748325367,-1.5366421834687916,1.119083552091047,-1.37312551917819,0.16971332895497637,
ATRNL1,1.4098862430038697,0.007210489082022052,1.4932209342826144,0.004828815961843031,0.9961471772701018,
ENO4,2.550452204625753,-1.6193908786906364,1.2724041262060082,-1.272701687567814,0.20312391857577405,
PDZD8,1.8402304356187014,-1.127324094357343,1.3605996155033653,-0.828549472976501,0.40735938921944526,
EMX2,2.28676529431136,-3.212499926005463,1.6584137295029073,-1.9370919746114124,0.05273410146897616,
RAB11FIP2,1.940207581485966,0.40102579609111816,1.2938991199599346,0.30993590605698523,0.7566096972527742,
FAM204A,2.998976188354463,-0.7802712635059338,1.0818000911192813,-0.7212712125940278,0.4707426650481005,
EIF3A,3.230076335030022,0.2805311056256475,1.0474121579806843,0.2678325848026111,0.7888281876858062,
PRDX3,1.3570166737260312,-0.2758481775336161,1.50191216906647,-0.18366465311022323,0.8542765398681037,
GRK5,4.486615976158551,-0.8831289944402213,0.9166840154643291,-0.963395215299886,0.3353492265452317,
TIAL1,4.7865958179612,0.794478904107455,0.882975860190258,0.8997742066654753,0.3682404234541631,
INPP5F,4.972622386798507,-1.3225964758071347,0.9612893113649387,-1.3758568416090826,0.16886595923975656,
MCMBP,3.1592265506252555,0.9674264344679855,1.0281291334742362,0.9409580985210242,0.34672633245304096,
SEC23IP,2.1509862399673954,1.0702377345668856,1.174881052892741,0.9109328403345964,0.36233076092063354,
WDR11-AS1,1.2726237677083418,-0.48862930594118753,1.537571924394403,-0.317792812283329,0.7506421032610298,
WDR11,5.7949455585687675,-0.4403149992956153,0.7998886751801757,-0.5504703503852382,0.5819968077644514,
FGFR2,2.8674182689982413,-1.2673379330376722,1.1322604614504979,-1.1192989388803098,0.2630126283680272,
ATE1,5.902493581144822,0.320856003307698,0.7707125806037985,0.41631084191765766,0.677182560033994,
NSMCE4A,2.2096535940370785,0.7488634950868114,1.2145669396163683,0.6165683180239917,0.5375194970335381,
PLEKHA1,5.005384887151453,0.05531936992029366,1.0177813715715005,0.05435290079526416,0.95665400306792,
C10orf88,1.3614373847007244,-3.4143602556261525,2.223983291041835,-1.5352454622204825,0.12472354499857738,
BUB3,2.746601933259571,0.14037591699840987,1.2568520599633226,0.11168849657811462,0.9110704006588906,
CHST15,4.044108470286903,1.0026594788657417,0.9598191067186003,1.0446337980222156,0.29619225263006854,
OAT,1.7277648872315534,-1.2488302995581857,1.5026906420253758,-0.8310628047000886,0.40593815067730576,
LHPP,4.683397684372413,1.2035776530424742,0.9165131954136392,1.3132136657337243,0.18911096037238084,
FAM175B,1.999893681103113,0.20519332439327412,1.2424157489108505,0.16515673161190567,0.86882062067852,
ZRANB1,4.213175138632422,-0.07499360828673092,0.9871576720578533,-0.07596923005257851,0.9394435782934751,
EDRF1,1.8010164897973286,-1.5816056383776547,1.4459887176306099,-1.0937883671521766,0.2740478072329525,
BCCIP,2.7386465876451855,1.8450508720265228,1.128152788131224,1.6354618731057116,0.10195226100411106,
DHX32,3.272511450015061,0.5126520985523338,0.9991741899137411,0.5130758017244132,0.6078982976944789,
C10orf90,3.4928344388626456,-0.2783363518383673,0.9838213121762757,-0.2829135213819159,0.7772431292913868,
DOCK1,3.591560024188876,-0.4804596129299378,1.0376622357742429,-0.4630211993514893,0.6433491717480979,
MGMT,6.5467474808969115,0.10142347989379404,0.7836012297779369,0.12943251750962187,0.8970154188278108,
GLRX3,2.804827018790266,-0.19754485494463303,1.0905399632813295,-0.18114407687567874,0.8562544884841734,
PPP2R2D,2.1998831841637796,-0.03775745372393378,1.176814148961306,-0.032084466147232954,0.9744046912519663,
INPP5A,1.3098737043683242,-0.43394566648505206,1.5391892824323514,-0.28193132023326983,0.7779961731878559,
NKX6-2,2.2017245705007444,1.134796141657588,1.2434841024813246,0.9125940085547907,0.3614561066072972,
TUBGCP2,3.5704044783897513,1.670482851826735,0.9758250927329,1.7118670797328788,0.08692116666626455,
ECHS1,2.0300726277845436,0.3896467109515593,1.3241677226565758,0.2942578226947271,0.7685608992096435,
KDM5A,5.161896397814091,-0.7165862938177416,0.862141184437737,-0.8311704703970012,0.4058773341098981,
RAD52,1.0126225205195714,0.7871976844974624,1.7687721208130696,0.4450531955103426,0.6562813118291746,
DCP1B,2.3682045022372016,-1.600818882746902,1.2768497740887184,-1.2537253130575985,0.20994186400766734,
FKBP4,3.9878224594850806,2.735504247208263,1.2447128398373293,2.197699067333285,0.027970558067723812,
ITFG2,4.155587775443176,0.528735483547355,0.9156283480415842,0.5774564370776144,0.5636311586197043,
TULP3,2.0180899293491477,-0.149615364973658,1.451309447380371,-0.10308991321162783,0.9178916104608121,
PARP11,3.007076563658384,0.05098391557946435,1.0127493449137432,0.05034208694927045,0.9598497857338671,
CCND2,2.054517406661772,0.9289280183972054,1.3260273444245076,0.7005345872413797,0.48359351298247466,
TIGAR,5.659953171468729,0.3394015558965305,0.8218720118350132,0.4129615694525727,0.6796347704205847,
C12orf4,2.6705698609814412,0.29561218610700896,1.1296876887112488,0.2616760269771943,0.7935712243844555,
CD9,5.5760961001974465,-0.5040924892562814,0.8431529997176697,-0.5978659738209756,0.5499293653769466,
MRPL51,2.085986015662067,-0.1774092608611922,1.3189483633491963,-0.1345081170658555,0.8930007929279458,
IFFO1,3.2617770223338542,0.6784260644698424,0.981511797479251,0.6912052063074507,0.48943659254811755,
NOP2,2.9217356850172185,1.2833326545768073,1.0534840914041752,1.218179434362668,0.2231557930467234,
CHD4,4.647779099726683,0.7787211862494786,0.8744076833270135,0.8905699264747314,0.37315993893264965,
MLF2,2.804778471289247,-0.44858760532659114,1.1079297231994376,-0.40488814040585247,0.6855597362632315,
TPI1,5.012352445976691,0.8563246799163905,0.8666474395539837,0.9880888592448784,0.3231091314288319,
ENO2,2.857270958103417,0.03560734500948293,1.1554051949723811,0.030818058603530932,0.9754146385769581,
ATN1,2.155903947220633,0.8642130789693568,1.3060017643022428,0.6617242813841677,0.5081479403078637,
PHB2,1.786503014225224,1.012874369134074,1.2966427573305446,0.7811514493161733,0.4347134249354919,
LPCAT3,2.08826521099865,0.6506420499991905,1.3236742150004313,0.49154243742594816,0.6230428447416377,
NECAP1,2.154942638422275,-0.5818187795082577,1.2347343346303215,-0.4712096871287326,0.6374910016625708,
LINC00937,2.0007677598453264,0.9898734540402011,1.266861569471979,0.7813588144857649,0.4345914872426987,
RIMKLB,2.5736398235007054,-0.3186190002686306,1.1092402391688725,-0.2872407518387219,0.7739279849530911,
PHC1,1.3676609808994005,-1.0251578397284515,1.5882235479795013,-0.6454745246867999,0.5186197221043519,
M6PR,3.956649520246561,0.3774911669170365,0.9383191824468815,0.4023057121486551,0.6874590513044485,
KLRG1,1.7588784577490042,-2.5458528817946964,1.732092295857283,-1.4698136397718056,0.14161223397896208,
CD69,4.518080319674194,-3.5398473952964813,1.318294828878011,-2.6851712665134353,0.007249264845943323,
GABARAPL1,1.677987865496562,0.6099155287541187,1.424453008298442,0.42817525408064094,0.6685235311605027,
YBX3,1.685091357791702,-0.47365266412840273,1.3306174258740657,-0.35596457322604674,0.7218670962061771,
BCL2L14,2.3598173464195917,-0.47194486366995264,1.2514086216877607,-0.3771309031205538,0.7060763265123287,
LRP6,2.700257991622864,0.24656707945601145,1.1216745252333766,0.21982052182624945,0.8260109364134306,
BORCS5,4.210885666402218,0.8613384416602782,0.8824610961170238,0.9760639255943533,0.32903278675069325,
DUSP16,5.080041606311599,-0.2922702392981512,0.8531669684651061,-0.34257097391377134,0.7319212415893906,
CREBL2,6.65510173619375,-0.4843806879058547,0.7781189423471961,-0.6225021157365995,0.5336117530051965,
CDKN1B,1.5051008067589098,0.521811081651064,1.425727927492779,0.3659962546772143,0.7143678703118398,
APOLD1,1.560227345950364,-0.6856099996213163,1.4257185312318847,-0.4808873452945291,0.6305965672348032,
GRIN2B,0.9978282377007665,-1.9950283168345677,1.9295521793962347,-1.033933333411497,0.3011673305194015,
PTPRO,4.229049230889522,0.12183875638552817,0.8815964335464698,0.13820241524276305,0.8900804463283338,
STRAP,1.7579658778938088,-0.7271980570278012,1.3237569994055356,-0.5493440694586443,0.5827693494035477,
DERA,2.5059728630593607,-1.1422692303682895,1.1876054172324177,-0.9618255472682341,0.3361372427845527,
PLEKHA5,5.754471344400418,-0.12383117180468176,0.8011766821071531,-0.15456162737911536,0.8771669232961157,
AEBP2,3.749324265145074,-0.9496549049570949,0.9921940691232671,-0.9571261656464434,0.3385035782583873,
PDE3A,1.32193647692352,-3.4284858378697463,3.8044024312578686,-0.9011890565783728,0.36748780847365814,
SLCO1A2,4.409891816683702,0.1311224476510727,0.9403914848805148,0.13943389509501247,0.8891072895457601,
PYROXD1,1.0053962239578629,0.008369737926666558,1.7507062196091367,0.004780778084249445,0.9961855055085369,
RECQL,2.2789325715213997,-1.1813195566927632,1.2479529046931,-0.9466058793166372,0.343839646920868,
LDHB,2.9454587757542927,-2.325531486336685,1.2769276094137376,-1.8211928923710732,0.06857754053089794,
RP11-114G22.1,1.6059253464060503,0.4205100076367906,1.431328130035744,0.2937900812627006,0.7689183148075271,
SOX5,2.4697936651474435,-3.4094026784292963,1.661742422979382,-2.051703459743471,0.04019849032122925,
RP11-444D3.1,3.024775815625875,-1.0527419559568585,1.0835688251709006,-0.9715506126625781,0.3312741623031038,
KRAS,2.378816307093983,-1.034177627798026,1.2030845731550541,-0.8596050941671751,0.39000676597424877,
RASSF8-AS1,3.2580648556880374,-0.6523353731460529,1.109461813427035,-0.5879746064725232,0.5565493375096947,
SSPN,3.4866595716071314,0.29212330683281595,0.9559972600559777,0.30556918836327096,0.7599326831321143,
FGFR1OP2,3.1762779592704145,-1.1890644658608742,1.0551774240149299,-1.1268858097214653,0.2597907637495177,
TM7SF3,4.4173946168654785,0.36181365396366477,0.9035821307284849,0.40042143559430926,0.6888461386592619,
MED21,1.6869327441286668,0.8928560624594402,1.3405660396303527,0.6660291519137961,0.5053924672655518,
PPFIBP1,3.828870830223382,0.19599875273353562,1.1376827274341161,0.17227892100953604,0.86321825517821,
MRPS35,1.7886992576028895,-0.3605216870509958,1.3283463366959285,-0.2714063923628095,0.7860784861029375,
KLHL42,1.5570061767866978,-0.6108099867089638,1.4564122447950176,-0.41939360843188467,0.6749284944944076,
ERGIC2,4.157519282287978,1.1990656497790033,0.9287020804006482,1.2911198058926698,0.19666213722874315,
IPO8,2.7514606346760266,0.22655578570782633,1.0498946265964721,0.21578907060632402,0.829152168015568,
DENND5B,3.0082761054694114,-1.0484575877114999,1.0732250088933275,-0.9769224338078305,0.32860755452696877,
AMN1,3.19328782043816,0.5182154549225975,1.0589303884346641,0.4893763183891962,0.624575298787834,
KIAA1551,4.599611204582975,0.10407765215815525,0.9044354044058045,0.11507472136888773,0.9083858962025559,
BICD1,5.343050905526027,0.998864536063717,0.8882966354561134,1.1244718219053371,0.2608129179786499,
DNM1L,5.535408623899811,-0.14581695925365,0.8299280182323651,-0.1756983208787438,0.8605309545290332,
YARS2,1.7011399101610902,0.9409548858153649,1.369352707628038,0.6871530472563682,0.4919862886895673,
CPNE8,2.025657915606244,1.2192400265238688,1.322844934365705,0.921680232391324,0.35669539452413423,
KIF21A,1.844145442508907,-1.0178599769962693,1.513623007716232,-0.6724659785213133,0.5012870918239747,
C12orf40,2.2104949890205607,0.26692689809381515,1.166196445343847,0.22888673615800048,0.8189569499487874,
CNTN1,4.729808507254202,-1.2299432963933674,1.0238405183913337,-1.2013035959212321,0.22963345607272323,
PDZRN4,0.6933507572903049,-1.516019510773685,2.21536484305941,-0.6843204700676156,0.49377282367910147,
RP11-630C16.2,4.2100409816318916,0.4477034107295655,0.97563225097838,0.4588854153607583,0.6463164526717087,
GXYLT1,2.177543140510846,-0.6140674693325631,1.2709937094665604,-0.4831396605340312,0.6289965751870248,
YAF2,6.352836725787529,0.16970460709962487,0.743384547725437,0.2282864334735996,0.8194235706486359,
PPHLN1,6.5096723417041,-0.11807211035582288,0.765748320427376,-0.15419179801782001,0.8774585090869446,
ZCRB1,1.5793197169194368,0.04077454064931731,1.374967145236905,0.029654919967045404,0.976342264748956,
PUS7L,4.9770471453648435,-0.4894774960831037,0.8799416592657613,-0.5562613054273761,0.5780322352560054,
ANO6,5.26822265315615,-0.031992060095193654,0.8145325985736132,-0.039276586537134624,0.9686698734459328,
RP11-352M15.2,1.2347807154655837,-1.1874391973507976,1.6060540291546541,-0.7393519618862423,0.45969330423840826,
SLC38A1,1.5556617867282776,-0.5119228543385814,1.6448551419282291,-0.31122671005451885,0.755628278955744,
RPAP3,1.3802042926009837,1.550232810385,1.550458047659005,0.9998547285595086,0.3173808158408291,
RAPGEF3,5.352677854797466,0.40700810822271954,0.9589927397949215,0.42441208502762734,0.6712653087184672,
SLC48A1,1.9256807697389793,-0.43020316414463405,1.398801462609839,-0.30755126845662195,0.7584238059930634,
HDAC7,2.026499310589726,0.5344553063603621,1.2113609663441887,0.4412023510822828,0.6590665113033334,
SENP1,1.7780549504295202,0.07024163077663097,1.296164871270567,0.054191895131193095,0.9567822779457755,
ZNF641,2.9586439319818134,0.8307144242106757,1.016765128821201,0.8170170284791085,0.41391869677716764,
CCNT1,1.5211006301851357,-0.7848934576384151,1.4920809858855355,-0.5260394476326555,0.59886079899124,
PRKAG1,3.768039553650477,-0.49317705955003,0.9425940835222618,-0.5232125558301177,0.6008263448358642,
KMT2D,2.4122711506786363,-0.054560183303604945,1.128014696802944,-0.04836832663460963,0.9614227014321797,
LMBR1L,1.8710185430673387,0.5701305137768242,1.2990247201105682,0.43889119656498665,0.6607403758905231,
TUBA1C,1.6872522084010868,-1.103683497661161,1.5795095217189796,-0.6987507719864979,0.4847077981703467,
SPATS2,2.3780872580413064,0.9567576519087386,1.162293204258752,0.8231637665978674,0.4104148706320957,
PRPF40B,3.0279555932248656,0.3289184697463566,1.0166421085551696,0.3235341788211081,0.74629072719888,
FAIM2,3.5480748930725814,0.9948654902167082,1.1522509820564748,0.863410407723087,0.38791185913647486,
RP4-605O3.4,3.5824865603868172,-1.2340369529000617,1.0557865363520482,-1.1688318712264543,0.2424713767754315,
CERS5,2.7621049418493957,-0.06794647501239978,1.059447369957229,-0.06413388426755248,0.9488636216284905,
LIMA1,3.2030936230797398,0.31809879898532034,1.0399139517850853,0.3058895386866206,0.7596887513562539,
LARP4,3.91573014708753,0.8611477315734207,0.9538219349249698,0.9028390940088423,0.3666112992899865,
ATF1,2.8295974421784513,0.005675489486084518,1.0968121732343652,0.00517453181555069,0.9958713393796815,
LETMD1,2.174444594171605,-1.1257017129115763,1.2484976779200685,-0.9016450193058718,0.36724546806725,
DAZAP2,3.5591183266904447,0.2548719178462737,0.9355711563825799,0.27242387295451187,0.7852961186409904,
SLC4A8,4.629760357957368,-0.45640115639089407,0.8912936388444875,-0.5120659864493061,0.608604828534122,
ACVR1B,2.816906017972036,0.9413674914113096,1.0493815666736568,0.8970688273048938,0.36968219143378467,
NR4A1,0.912971019163264,-2.9048651320107637,2.4787843166517662,-1.171891040497839,0.24124080462766473,
EIF4B,1.9727496637732804,0.5996405961284033,1.2285971497944808,0.48806933682754416,0.6255007294391977,
RP11-983P16.4,1.4112306330622901,-0.15743079741314292,1.4807231598500064,-0.10632021007160466,0.9153282971530663,
CSAD,2.6154493205863805,0.252096813698258,1.0881143653337326,0.23168227690931925,0.8167847978626316,
AAAS,1.3392686928153783,-1.2718766224203555,1.5766306529655563,-0.8067055020324672,0.41983617346079705,
PRR13,3.325280670954882,-2.6641884719542386,1.3301120725663373,-2.0029804457108003,0.04517938738812767,
ATP5G2,6.192908743770253,0.6045490947953364,0.7556024495028929,0.8000888498880148,0.4236593208723046,
CALCOCO1,1.7624353178116643,-0.09146569537004602,1.2993255747853856,-0.07039474720195033,0.9438794720042449,
CBX5,3.36792885401449,-0.30284247890351995,0.9979410636289263,-0.30346729876237327,0.7615337649710708,
COPZ1,2.5688358498238064,0.5449510874047209,1.1451796685981146,0.4758651435646157,0.6341704562056802,
RAB5B,2.398534477404563,0.8396698742759923,1.2476923498894463,0.672978298176143,0.5009610975359802,
RPS26,6.280259470064277,1.167215226825103,0.8359803687348929,1.3962232493467222,0.16264727761746378,
MYL6,5.614873957718369,0.05992297956699525,0.8328303454786636,0.07195100405780114,0.9426408998291989,
SMARCC2,1.5307776297637534,-1.634417860426893,1.5233154382466971,-1.0729346131409738,0.28330045462749076,
RNF41,1.5624458147509976,0.206419770648768,1.3452572584900218,0.15344259943296124,0.8780492531350742,
PAN2,3.7422726101377966,0.33568137937993525,0.9573986747581544,0.35061817843515475,0.7258748168823801,
STAT2,5.192717189021459,0.3836738028380783,0.8165167290415556,0.46989092714419045,0.6384329467352097,
RBMS2,2.179706881571924,-1.0362902452603489,1.2740482341179722,-0.8133838401948541,0.4159980214548241,
BAZ2A,3.2697060458701888,0.47807869037955436,1.0209639023051584,0.4682620896783286,0.6395971753389544,
ATP5B,2.9785394273269694,-1.2342764239025332,1.1144060973978338,-1.1075643132109558,0.2680500227464815,
MARS,4.366814701259988,0.41591295567853187,0.892898156466389,0.4658011136729096,0.6413578678661112,
DDIT3,2.849254704510938,-0.06029253419242794,1.070749410094191,-0.05630872510788885,0.9550958682336455,
MBD6,1.577095249322409,0.404067366144464,1.4037437476568264,0.28784980650417574,0.7734617099871768,
DCTN2,2.3798677364001777,0.09129170723940458,1.1951254103555573,0.07638671761840016,0.9391114365354893,
FAM19A2,6.272864712186675,0.23779966269790972,0.7502677815268786,0.3169530513678208,0.7512792264708849,
PPM1H,2.4857356780188167,0.6796646663627761,1.274526504445117,0.5332683659322389,0.5938478224308292,
TBK1,4.869524420105594,0.13334265815292345,0.8370138346625802,0.1593075916202472,0.8734265398959319,
RASSF3,3.487533468907202,-0.3388820541609737,0.9775052376892452,-0.3466805507478072,0.7288313233453325,
GNS,2.7417229085614583,0.5843833308698898,1.0941359612108434,0.5341048567887052,0.593268989715065,
TBC1D30,1.149010917072886,-0.00827943758362711,1.6079716734363907,-0.005148994674721572,0.9958917147986345,
LEMD3,3.6719996400963866,0.05224373952219783,0.9355919967271437,0.05584030186764649,0.9554690287662723,
GRIP1,2.199331641587822,-0.46155474664676593,1.2034443214086423,-0.38352812708984496,0.7013282192845799,
CAND1,5.005503231878651,0.41283788715292885,0.8291559607525186,0.49790136801072843,0.6185535630447399,
NUP107,4.509874779905218,-0.6964950186280884,0.9089452758295746,-0.7662672738932632,0.44351728659922807,
SLC35E3,2.7531600632172903,-0.22165688604530398,1.0906545569054595,-0.20323289775106831,0.8389530006625209,
MDM2,4.513847223544528,-0.9207902823306534,0.914810383358411,-1.006536763334812,0.31415743630271475,
CPSF6,6.358170016617417,-0.7026759797364202,0.798861917783787,-0.8795962907905197,0.37907804896017483,
FRS2,3.166978042155465,-0.9132128948269084,1.05854578414221,-0.8627051455945558,0.3882996025542076,
CCT2,2.6239138415142413,-0.5162716754056098,1.2073896029118085,-0.4275932757417656,0.6689472624030581,
MYRFL,1.6034199156495845,0.42055624836317074,1.4791910630017853,0.2843150279110787,0.7761689705446837,
LINC01481,4.217724578077233,-0.08184445843495308,0.9226488356165023,-0.08870596837665291,0.9293155891591212,
KCNMB4,4.805497502191411,-0.7924515713183458,0.8972085593274404,-0.8832412074984863,0.3771059616456446,
RP11-588H23.3,4.532529791840336,0.07346198099937312,0.9815545848080877,0.0748424816473516,0.9403400411131274,
TMEM19,1.540596587138072,-0.28390145645206355,1.4405022863208798,-0.19708504397946017,0.8437609870667404,
RAB21,2.0988547904324633,-0.8738954933535475,1.2737020195216193,-0.6861067031060906,0.49264582428005854,
TBC1D15,6.289868393115884,0.7359013918749341,0.7925998260046662,0.9284652452984538,0.35316628782146775,
RP11-81H3.2,1.907714046699671,0.3996894965388977,1.3501465856632984,0.29603414976051556,0.7672040018544396,
ATXN7L3B,2.8506478235125208,1.5199003277065022,1.0820241798320573,1.4046824054730536,0.16011573999892648,
CAPS2,4.123367866437831,-1.3418242546564265,0.9926345227989036,-1.3517807650623739,0.17644545917830534,
GLIPR1,3.06202864273755,-0.9829699619684515,1.1125607012502554,-0.8835202976914659,0.37695522068495924,
KRR1,2.1322415574901044,0.12029146902945903,1.3373050457029325,0.08995065816582618,0.9283264248820253,
NAP1L1,6.026696439018352,0.5880213307131995,0.795195277686662,0.7394678354024418,0.4596229639753663,
ZDHHC17,5.368196727129579,-0.18663033190528716,0.8465826844416195,-0.22045139279972745,0.8255196240645728,
SYT1,4.170095070776744,-1.155171308195666,0.9449739592720872,-1.2224371866135801,0.22154234390601868,
PPFIA2,3.7238311288554864,-1.3598079488478352,1.1423006719291968,-1.1904115809993328,0.23388466345322245,
CCDC59,1.9535731710927642,-1.3015635124994172,1.4476396681941608,-0.8990935666491066,0.36860282452952375,
METTL25,3.9736168071802767,-2.000665900316132,1.0892835111869212,-1.8366806068111112,0.06625705983646044,
MGAT4C,2.7558266179111635,-2.3887767216822042,1.3502107379126387,-1.76918806420925,0.0768624953862232,
CEP290,3.66944663753671,0.5856302554131445,0.9813095500110333,0.5967844248601881,0.5506513179400608,
POC1B,2.1561937996281575,-0.10937194979992333,1.2234648637055883,-0.08939525199658072,0.9287677967233291,
LINC00936,1.296956200654765,-3.4149817645590876,2.2264915843174995,-1.5337950471552775,0.12508008185065536,
EEA1,6.296413368340865,0.19554093679689782,0.7907879813973178,0.24727353146083245,0.8046965416819611,
RP11-511B23.2,2.063836477305853,0.967828254676357,1.2907975984453954,0.7497908702665588,0.4533806682129057,
NUDT4,2.8137173511249585,0.5133939455824388,1.097396744649452,0.4678289306812508,0.6399069298862221,
UBE2N,1.9814299617852595,-0.2572243079688925,1.3889148162175213,-0.18519804452039768,0.8530737028096467,
MRPL42,1.9691055736544758,-1.4367069960830854,1.3474166188237744,-1.0662678313536438,0.28630258685776666,
PLXNC1,4.059702987030098,0.35781291436472284,0.8950824436263823,0.3997541421045658,0.6893376099253098,
CEP83,2.7664931505075008,-0.641305226591301,1.10146908316724,-0.5822271695064266,0.5604136748967063,
NDUFA12,1.6837529665296753,-1.6911787882489506,1.4993155191747831,-1.127967240130862,0.2593337546633231,
NR2C1,2.859366622637482,-0.45948890536889825,1.1242252480269042,-0.40871605238837516,0.6827480521136718,
VEZT,4.308134011015423,-0.9593077858710042,0.9637503211167067,-0.9953903670397173,0.31954644186623515,
METAP2,3.0424497212131207,0.00980799855434895,1.1005183798303428,0.00891216242645667,0.9928892173276156,
CDK17,6.602103545295091,-0.027673003196684937,0.7714761321480366,-0.03587020005354467,0.9713858574816719,
TMPO,1.8211026718813477,-0.6611416820843337,1.3477809971118824,-0.4905408842394079,0.6237512064989646,
SLC25A3,2.9878615698648865,0.09910818091356756,1.0380342827709004,0.09547678969620432,0.9239361251673951,
APAF1,5.626859365163313,-0.5345321437547764,0.8264102030092465,-0.6468121301120912,0.517753540750241,
UHRF1BP1L,5.130837555036197,0.05079414618757602,0.826598699883996,0.0614495839331763,0.9510011646705853,
ACTR6,1.0401082275447917,1.0465608635702102,3.759357273920431,0.27838824227493764,0.7807143442294443,
SCYL2,2.9068866744588573,-0.5805064302805254,1.09264574773663,-0.5312851228158991,0.595221213213549,
ANO4,4.736950464211459,-1.1250054253784838,1.0031110182085525,-1.1215163675378836,0.2620681284631913,
UTP20,3.3036312007710484,0.7319782282435008,1.0375410080577796,0.7054932986347443,0.4805033008666527,
CCDC53,3.9587778685393578,0.6417353991120831,0.9001046253465521,0.7129564508848141,0.47587270567460926,
NUP37,1.1658848192413254,-0.23416324922852902,1.6161101107407423,-0.1448931280562316,0.8847952521966554,
IGF1,3.0100716533149066,-2.1880486849775425,1.2333349719120639,-1.774091171342824,0.07604807089826425,
TDG,2.659554470140797,0.18696522309200658,1.1349558583228638,0.1647334755100406,0.8691537672787725,
HCFC2,1.6423692808508317,-0.3016888443787307,1.3705788932798333,-0.22011782456154783,0.8257793932387819,
SLC41A2,2.279893880319758,-0.01805946147684374,1.221258102760788,-0.014787587845696455,0.9882016419645444,
C12orf45,1.7882896728226327,1.0201586921667574,1.2851940363748486,0.7937779535954917,0.42732470935623845,
RFX4,1.3445309802156968,-1.091414647826863,1.5650181783177344,-0.6973814508659852,0.4855641067683606,
RIC8B,5.461196075419964,1.2573103153840255,0.8688914124459199,1.4470281296079457,0.14788904531375446,
CRY1,3.507068108415263,-0.06741527693355225,0.9785517679650229,-0.06889290801011758,0.9450748636962162,
BTBD11,1.1974982764890132,0.02396738461280842,1.5993169121854798,0.014986013359951776,0.9880433388527994,
PWP1,2.9667149133138477,2.264537622326723,1.1734669006316287,1.9297839769556484,0.05363360963718681,
SART3,2.185643515814768,0.5025784403733061,1.177226164450254,0.4269174909207037,0.6694394253053157,
ISCU,2.423763033074024,0.11564104800869984,1.167133822401391,0.09908122426849654,0.9210737795874021,
CORO1C,6.081568661870726,0.4151180054852406,0.8017557877073627,0.5177611585097242,0.6046249214646717,
SSH1,6.439008722518555,0.28398511253247744,0.8285144650267527,0.3427642177898579,0.7317758470362414,
USP30,0.9978282377007665,-1.9950283168345677,1.9295521793962347,-1.033933333411497,0.3011673305194015,
ACACB,2.295336162373632,-0.5102548893716146,1.2350966012028206,-0.41312953891597937,0.679511708514666,
UBE3B,1.8358097246440082,0.6242285013768345,1.3073836515837403,0.477463903285509,0.6330318189184563,
MMAB,1.2112736323182116,-1.0657047580278507,1.6352539787515041,-0.6517059563074739,0.5145908794142435,
GLTP,1.7682006002869208,0.14933316173131422,1.3414594899745234,0.11132140988778597,0.9113614782879441,
TCHP,2.68616009962741,0.4545604892547526,1.115145194987044,0.4076244880919151,0.6835493831992749,
ANKRD13A,2.1152581998425526,-2.190764798843794,1.4130678017726783,-1.5503607088743392,0.12105496358082185,
C12orf76,4.423831330202164,-1.1837042241053677,0.9712561574760722,-1.2187353614121406,0.222944651970443,
ANAPC7,1.9705311949726465,-0.06262846340658208,1.257598801890117,-0.04980003424975771,0.9602817393912335,
FAM216A,1.781472961041181,-0.818800234301331,1.3314363955341229,-0.6149751028646463,0.5385711627137286,
VPS29,4.689417063602627,-0.511671111910707,0.8850266766664019,-0.5781420214789459,0.5631682386096003,
PPTC7,2.7337126537653735,-0.2593034659209895,1.0818593717081244,-0.23968315356142902,0.8105758958278362,
PPP1CC,2.1290882834113076,-1.5397393452329429,1.3182666357438357,-1.168002969569309,0.24280556705947964,
BRAP,1.838066694557624,-0.5231761091406042,1.332870813680803,-0.39251824240627026,0.6946753351410551,
ALDH2,2.037504655042333,-1.29797193096206,1.338546217693086,-0.9696877954644303,0.3322021356977556,
MAPKAPK5-AS1,1.4522047339608772,-0.038847275030156427,1.6128914857368402,-0.024085485833170776,0.9807844205925426,
MAPKAPK5,1.4513246564222697,0.28130205662007807,1.4329243561024572,0.19631326344763753,0.8443649806471185,
ERP29,2.387802758732906,-0.9705145901149709,1.1843272330390544,-0.8194648936886916,0.412521223601519,
NAA25,6.381931559404031,-0.6094390961284025,0.7827207059549215,-0.7786162950485449,0.4362057772440767,
TRAFD1,1.8024421111154998,-0.20834846432416712,1.2739543974362149,-0.16354468004777922,0.8700895970845511,
HECTD4,6.32685259201579,-0.6752153668772087,0.8028363717956398,-0.8410373403574238,0.40032701605729637,
PTPN11,3.5876554630218593,1.1425781980520635,0.9541589693120295,1.1974715270725682,0.23112281902698417,
DDX54,1.301480368312177,-0.021043081412030738,1.4958373703308794,-0.014067760191989324,0.9887759215499874,
TPCN1,5.695706713886554,-0.894125436554035,0.8177488252330626,-1.0933986194345244,0.2742188194393338,
SLC8B1,4.798596438192933,0.0006981617863867246,1.036359552185245,0.0006736675364400281,0.9994624911142165,
PLBD2,2.3138971581356667,2.823649220160694,1.4229873262264345,1.9843108706024961,0.047221195083866234,
RBM19,1.9962081994196337,0.2740275837108712,1.2776385823786822,0.2144797343241561,0.8301729689282102,
FBXW8,3.931349779705386,0.9412836473523215,0.9898488107637952,0.9509367866250207,0.34163646617826593,
FBXO21,2.150931512227839,-0.12394978982865831,1.1859055229932267,-0.10451911001797928,0.9167574037340288,
WSB2,1.470394801968375,-2.243812164811522,1.7861272297744286,-1.2562443074645329,0.2090274070333772,
PEBP1,6.44265922338148,-0.2442301729282126,0.7800751803136301,-0.31308542957362084,0.7542157585485187,
RP11-768F21.1,1.7406823909451126,0.7619444382785615,1.294278033165225,0.5887022871084246,0.5560610033944624,
PXN,3.6100340077877746,0.5710967533600627,1.0282147009410612,0.5554255865408007,0.5786035955254798,
RNF10,2.573224058481912,-0.1424163219224039,1.1065370927385088,-0.12870451687249404,0.8975914611925856,
MLEC,5.485205972200132,0.45948724168803606,0.8144302342286143,0.564182446054742,0.5726299730518079,
P2RX4,3.0979798463884385,-0.6187080142689422,1.1238232478112962,-0.5505385437380015,0.581950047763012,
RNF34,3.1656883798366007,-0.07972850482547963,1.009412855908046,-0.07898503011808541,0.937044530095546,
KDM2B,3.779435135299492,-0.9392129116896027,0.9751426506962079,-0.963154376458713,0.335470056893577,
MLXIP,5.155634300502434,-0.48037375031826784,0.8568947030370545,-0.560598342615143,0.5750713816321704,
CLIP1,5.2229535724519955,0.01608010768250825,0.8126426208012104,0.019787428410602385,0.9842129465965047,
ZCCHC8,1.4414997002515577,0.23009588069709844,1.4554751077637262,0.15808987695477023,0.8743859773228126,
RSRC2,4.999041221225163,0.22958297954932433,0.86643785294949,0.26497339511170703,0.7910299570954242,
DENR,2.6513061382447805,-1.219982988525527,1.146624178770104,-1.063978076787208,0.28733863111129354,
HIP1R,3.493741019921447,-0.282982276474977,1.0395749544328872,-0.27220959418876206,0.7854608651947065,
VPS37B,2.2989891417405235,0.18624849945610572,1.1783601657771379,0.15805736214213706,0.8744115982829421,
MPHOSPH9,3.4480296706783045,-0.17794140828547844,0.9885023317162935,-0.18001111638909997,0.8571438411415292,
SBNO1,5.612091611394109,1.0204485999097042,0.8262929250405455,1.234971968154794,0.2168409369391936,
KMT5A,2.2814096221457656,1.465615482094699,1.3835717630253626,1.0592984919625252,0.28946386153928205,
RILPL2,2.2388325493650263,-0.5202044544850435,1.2200782270412611,-0.4263697547874124,0.6698384366738545,
RILPL1,1.3731006188637005,0.04530104118641842,1.4456497151156993,0.03133611186219675,0.9750014914386916,
TMED2,2.250998778602941,1.3344354079285023,1.2190697426553863,1.094634179847517,0.2736769350686946,
EIF2B1,1.9860607070826657,-0.1076572821136008,1.2805224674291233,-0.08407293495579343,0.9329984432178916,
GTF2H3,1.7134836458757239,-0.19497984329578794,1.3485881748598958,-0.1445807155442723,0.885041924000413,
CCDC92,1.0961413477950475,-0.2772623148880933,1.5985041212522573,-0.1734511104487412,0.8622968535407852,
SCARB1,4.568432447990205,0.24904457035429425,0.9320418713763033,0.2672031997731406,0.7893127126325311,
BRI3BP,1.3307881267030865,-1.3973285486398288,1.582927939172024,-0.8827493116147309,0.3773717327442223,
TMEM132B,1.6655021719862277,-0.22145010277157123,1.4085191154302774,-0.15722193639091805,0.8750699405548072,
TMEM132C,2.259894928291883,-0.5427278415366911,1.2245166766110758,-0.4432180074825304,0.6576080550885747,
SLC15A4,2.1268373122940853,-1.3155057575917082,1.3144421431052036,-1.000809175582268,0.31691907269307895,
TMEM132D,1.589931521776218,0.4007476134940333,1.4219340596491756,0.2818327690898037,0.7780717428977306,
RAN,2.1100508216239335,1.4093768134366897,1.3308530562199197,1.0590025749648158,0.2895986070270651,
SFSWAP,6.41999353521759,-0.3180194560370883,0.7832430357609454,-0.4060290886954678,0.6847212272867764,
ULK1,1.2241364082922146,-0.5248978292470083,1.5290193676397892,-0.3432905039373349,0.7313799240063299,
PUS1,1.2160300341918988,-0.9129829398829203,1.6957112273255628,-0.5384070855760367,0.5902960357021427,
EP400,2.980731392607409,-0.7255180337662107,1.1485262743837794,-0.6316947639316951,0.5275863501581302,
FBRSL1,0.987183930527397,-1.1633176801812184,1.8052182499146425,-0.6444194103600628,0.5193035010807068,
ANKLE2,1.7019652599601411,-0.6404951299293687,1.3412758024231772,-0.4775267911135329,0.6329870479288708,
GOLGA3,1.9588294596966886,-0.12363544444482046,1.272093684123197,-0.0971905182675578,0.9225750977240882,
CHFR,3.7798996292614486,0.0841856565340733,0.9568538706333929,0.08798172753206955,0.9298911991333502,
ZNF84,2.8252417358369346,0.05810999497241824,1.098655107213504,0.05289193541347239,0.9578180100113423,
ZMYM5,1.8500168906764316,0.6902974545839399,1.3037550977385772,0.529468652342217,0.5964803848144564,
CRYL1,2.851527901051128,1.4063878621445933,1.062658181619864,1.3234621315395745,0.18568174155053152,
IFT88,4.4331724829690495,-0.5337159263910384,0.968788073372026,-0.5509109175274551,0.581694743010618,
XPO4,5.091592313101626,-1.288271361243108,0.9084817405695876,-1.41804871106755,0.15617654379125415,
SAP18,3.7182625319154865,0.23119088077417027,0.9254473556689362,0.24981526972656354,0.802730210546072,
MRPL57,1.3871629366487304,-1.7052057659958164,1.6399107687364916,-1.039816189090357,0.2984253062719314,
ZDHHC20,3.4408389483270203,0.10723570049758285,1.001170340937437,0.10711034487615129,0.9147014403589635,
SACS,1.1596552242462552,-0.5697745920384,1.6134529785382907,-0.3531398805031107,0.7239835761481331,
MIPEP,2.4705287385259194,-1.1290320018859021,1.2291121398430733,-0.9185752587473842,0.3583177778854292,
PARP4,6.1178318000519445,0.7306158638908983,0.8211884947046926,0.8897054313378256,0.3736240768654264,
AMER2,3.975952081451085,-0.25476812557444056,0.9626275279089076,-0.26465909003025,0.7912720953671063,
MTMR6,1.7304476685520003,-0.1312361328944921,1.2985611527027414,-0.10106272825222415,0.9195006650606381,
NUP58,4.086773110478668,1.689838750143265,0.9763360106637065,1.730796295216566,0.08348810291080315,
CDK8,6.190197738230445,0.10841541298456137,0.836457909218844,0.12961251461631698,0.8968730015418493,
USP12,2.7122466888546537,-0.13895292946703283,1.111611665934959,-0.12500132350640789,0.9005225025524306,
RP11-428O18.6,1.0347912124049172,-0.8573762285371727,1.7006574315282588,-0.5041439931654608,0.6141601940402837,
GTF3A,3.0746562940435846,0.4183944068471505,1.0153428212991413,0.41207205888530407,0.6802866076913481,
MTIF3,4.2925691061371225,-0.455547847346418,0.9300839045115252,-0.48979220598991996,0.6242809465022872,
POLR1D,2.064661827104904,-0.2882135334118868,1.228031385614941,-0.23469557601539873,0.8144450216739025,
ATP5EP2,4.021660384329796,2.5097600562015225,1.1379687381096437,2.2054736410164075,0.027420875477871646,
FLT3,1.5241384499884265,-0.41630219679335373,1.4476800289628868,-0.287565061660477,0.773679692393466,
FLT1,1.9559304893443974,2.1259827519596457,1.351150609005,1.5734609730333757,0.11561211821647296,
POMP,3.898108234700885,-1.036237074823991,0.9761851783562522,-1.0615169107247224,0.2884550518613189,
MTUS2,1.7019652599601411,-0.6404951299293687,1.3412758024231772,-0.4775267911135329,0.6329870479288708,
USPL1,3.434670079867901,0.10539135130715419,1.0020298421373846,0.10517785686137715,0.9162346809179098,
B3GLCT,1.857978416529354,-0.39532900304741353,1.282823006569128,-0.30817112027380084,0.7579521264502496,
N4BP2L1,4.782407341202783,0.6713697263860107,0.8724089889226975,0.7695584696061625,0.44156184840187374,
RFC3,3.1308255292058846,-0.8621416932959389,1.2563167315218553,-0.6862454918128589,0.4925583152043831,
SPG20,4.1215501186987735,1.3388532492687113,0.9501570902298062,1.4090862058871703,0.15880967916184496,
RFXAP,1.0378350310046018,-2.09634622341021,1.9448527060634806,-1.0778945967858733,0.2810807969940041,
ALG5,1.1152337187641204,0.5354352500903843,1.642452728999341,0.32599735787622725,0.7444263541429407,
EXOSC8,2.218888325076708,0.025176598278669034,1.193926798900795,0.021087221010407185,0.9831760787861343,
SUPT20H,5.832966142817651,0.6824200242385086,0.8110227385334364,0.8414314319627108,0.4001062829345885,
UFM1,3.9702386362636912,0.4397170061455343,0.989227365531534,0.44450550143167994,0.656677152262289,
NHLRC3,5.7294838995827435,0.47485150956039174,0.833904559020123,0.5694314828046564,0.569063356562571,
RP11-50D16.4,2.327381429824545,0.41073788682537005,1.142110261440996,0.3596306772580291,0.7191233392990193,
LHFP,1.895260855505925,-1.495146666394777,1.4533743719796723,-1.0287415928204415,0.303601119398092,
COG6,3.3791337744540457,0.18800583124946946,0.9868984603359813,0.19050169678597376,0.8489160136906818,
FOXO1,6.292128409393929,-0.8647404319551497,0.7986630071600472,-1.0827350512077254,0.2789260412869662,
MRPS31,2.716871435355666,0.8995959535172057,1.2094835203925283,0.74378520942993,0.45700642955485493,
WBP4,1.6895607977095572,0.17292673794181637,1.367237235974228,0.1264789558035969,0.8993528060985834,
NAA16,3.1154408653432597,0.1142198168463739,1.0436391363351545,0.10944378460879539,0.912850507202496,
RGCC,2.9367786591844562,-0.1436124805178745,1.1256021634825537,-0.12758724634425458,0.8984756245811529,
VWA8,6.575000919529934,-0.5444879909771955,0.7778475950583726,-0.699993153461296,0.48393158017367244,
AKAP11,4.051083571466807,-1.065158360071333,0.9704622176125309,-1.0975783917603381,0.27238863264031965,
DNAJC15,2.007406939620653,0.0776319094028033,1.2265025088588641,0.06329535312164335,0.949531316017405,
ENOX1,5.483741668326836,-0.1320071658741684,0.7918352775783774,-0.16671038739001123,0.8675979319655859,
CCDC122,1.1173427320856417,-2.261377517564903,1.956573144983206,-1.1557848084357272,0.24776918839374074,
TSC22D1,4.955204097990455,-0.27064853350969836,0.8658950063815938,-0.31256507026260116,0.7546111191937984,
GPALPP1,2.46029419757495,-0.08596544790946134,1.1535313904346924,-0.07452371788258527,0.9405936694968688,
GTF2F2,2.2347726942274275,-2.3358429406775056,1.420369225460682,-1.6445322095174932,0.10006631671338977,
TPT1-AS1,2.5571977315354912,0.3742802246374131,1.1140622880106834,0.3359598728593028,0.7369011262793699,
COG3,2.4274264707766786,0.04153817452270673,1.1815759515268693,0.03515489162506211,0.9719562312465534,
CPB2-AS1,0.6880012398338423,-2.645763871509587,2.626408783061066,-1.00736941201741,0.31375728481648346,
ESD,2.9269757469945694,-0.08040309562041227,1.0295923605953692,-0.07809216413952276,0.9377547402712445,
SUCLA2,2.239799856959778,-0.32451900791363675,1.1791418940179443,-0.2752162479850777,0.7831501047155371,
MED4,3.770755018729656,0.5785829514459762,0.9426748868063719,0.6137672272209568,0.5393691567104553,
CAB39L,1.7745468193100224,0.9206276575091493,1.3334242316003988,0.6904236743952044,0.48992779301247613,
SETDB2,3.575705266903052,0.5306819469233031,0.9692241449357546,0.5475327350191833,0.5840127873046939,
PHF11,3.657753791508838,-0.11885667406819146,0.9770611623483806,-0.12164711754842217,0.9031784961530649,
RCBTB1,2.612173423683158,-0.5444276232696494,1.155585299031999,-0.4711271627682535,0.6375499288360165,
KPNA3,6.41994885386607,-0.053264877515297016,0.7992063035352743,-0.06664721897172333,0.9468625539808725,
DLEU7,5.553090443037337,-0.5717040188061542,0.9828268614650039,-0.5816935222486399,0.5607731355677632,
RNASEH2B,4.3977863139817375,-0.8001754458177363,0.9118714888672992,-0.8775090082174752,0.3802102281279284,
INTS6-AS1,2.264219519962346,-1.7473879432498236,1.4304667038945218,-1.2215509375314133,0.22187749181771643,
NEK3,3.1429650734814616,-0.8709614402178585,1.0819408779650939,-0.8049991066572474,0.4208201953023514,
VPS36,3.3216274610824077,0.4911315281684766,1.065339322570017,0.46100948098271116,0.6447918029851196,
SUGT1,2.977891609534043,2.058622034619366,1.1612927473850183,1.77269860614814,0.07627866220164203,
PCDH17,2.1553108316378577,0.3074712958687188,1.307301901574757,0.2351953251948485,0.8140571341981553,
TDRD3,6.504142027984073,0.30865464778366647,0.7709443048469456,0.40035920343810466,0.6888919679897665,
PCDH9-AS2,2.3641995562813025,-0.2759803744870273,1.1983183422917034,-0.2303063925060459,0.8178536936146054,
DIS3,2.333637528339809,0.8624432006495528,1.1742731467292198,0.7344485421060446,0.46267541117044264,
COMMD6,5.857298575764074,0.10901651117857902,0.7939165017684519,0.1373148321463836,0.8907819471302185,
UCHL3,2.7371306643770352,-0.8849015039444649,1.139012030370267,-0.7769026843876297,0.43721618738559864,
LMO7,3.5313324648346742,-0.949477576407613,1.0480235260704982,-0.9059697161261472,0.3649518817630879,
CLN5,2.2004896103920313,-1.899192933937067,1.4189026789914843,-1.3384941490750863,0.18073540637087804,
FBXL3,2.260266011959158,0.003499763674748565,1.2063257321241678,0.00290117634197024,0.9976851994357874,
RNF219-AS1,3.676869750017007,-3.883737712188849,1.6504846538458042,-2.3530892596543254,0.01861816426750443,
GPC6,1.6638352457615515,-0.5494831173572167,1.4586614783733924,-0.37670365983063164,0.706393842743521,
GPR180,2.1700623843098943,-1.483555157877284,1.3747879523876498,-1.0791156231044459,0.28053618747977294,
CLDN10,1.1569308699189904,-1.9704182762741569,1.9480054490575682,-1.0115055259354802,0.3117745376540243,
DNAJC3,6.226489474436771,-0.6592876681437656,0.7980431535850443,-0.826130347941777,0.40873015401031876,
HS6ST3,1.280962376024933,-3.416072235910565,2.240501989581564,-1.5246905612204122,0.12733629710987238,
RAP2A,3.8582787919610317,-0.6120377316204129,0.9723180467822017,-0.6294624826165638,0.5290463230904524,
IPO5,0.9916533704452526,-0.16737297172212678,1.687392327429737,-0.09919031217658314,0.9209871666887209,
FARP1,4.631801320281282,1.1082974510710568,0.8593274683573414,1.2897265499840675,0.19714561792031515,
STK24,2.929145486852041,-1.0727459727864213,1.0917449758861761,-0.9825975813771588,0.3258055352607353,
DOCK9,4.7832874187413905,0.5882385191149555,0.856297027841274,0.6869561612258606,0.49211035443967543,
TM9SF2,5.533280457049156,0.3981548448100879,0.7976747363324778,0.4991443588156132,0.6176776894605208,
CLYBL,5.331181915137564,-0.9084628107921675,0.8472596921406494,-1.072236551814338,0.28361379676791976,
GGACT,4.038618226767536,1.3540317075791,1.0332058584209871,1.3105149342149685,0.1900216954300259,
TMTC4,3.038622125821204,1.4153070921020712,1.0604379773594559,1.334643913476446,0.1819929182710508,
NALCN,4.064829315431109,-0.9598690158626245,0.9586308658400378,-1.0012915816365893,0.3166858616255189,
FGF14,3.622938512681334,-1.5318648070539702,1.0895597996412103,-1.4059483541503732,0.15973946128970584,
ERCC5,1.710439827276039,0.6816600557160319,1.3662656588799027,0.498922044395724,0.6178343034736788,
FAM155A,4.856716346341742,-1.9006244984070935,0.9620455548530362,-1.975607588247145,0.048199238541809096,
TNFSF13B,3.750578534695657,-1.1359222628482228,0.9813905992550291,-1.1574619358596856,0.2470836821435588,
MYO16,1.9540730578230014,-0.1556478007480519,1.2847125623656008,-0.12115379370265546,0.9035692217237873,
CARKD,1.273497846450555,0.7198908137132776,1.5167541001115676,0.47462592233001033,0.6350536263440429,
CARS2,3.060736089966993,-0.06484192564378835,1.057891423977582,-0.061293554493511454,0.9511254239215732,
CUL4A,5.69194700096693,0.7369308431659887,0.7824267411506758,0.941852833509015,0.34626799115929097,
LAMP1,6.3748472587800045,0.18687656562765503,0.8370044930902136,0.22326829446005517,0.8233267018107763,
DCUN1D2,1.6974898212458918,-0.2129223982628968,1.35129026870714,-0.15756969704711363,0.874795883477926,
CDC16,5.503779121467692,-0.6406529807757714,0.8289544634448792,-0.7728446000681569,0.4396143546654425,
UPF3A,4.4938422727202605,-0.6856339474136277,0.8909724142268476,-0.769534428300561,0.44157611443201317,
TTC5,1.5211006301851357,-0.7848934576384151,1.4920809858855355,-0.5260394476326555,0.59886079899124,
CCNB1IP1,2.3847916238919526,0.7443039252140116,1.2521408881485552,0.5944250621146608,0.5522278500252391,
OSGEP,3.0021012382138976,-0.32025021147293053,1.0270419486721574,-0.3118180439338197,0.75517881020296,
APEX1,3.7071699574067343,0.8914305700807302,0.9777342373464819,0.9117309551315548,0.36191036448019476,
TMEM55B,1.9517805136989619,0.0415528125937464,1.2643083660982275,0.03286604257945569,0.9737814122542859,
RNASE10,2.998834230558762,-1.9612601223261283,1.2008468227482276,-1.6332308877144197,0.10242044604050884,
METTL17,2.786199141783149,0.9334705829769782,1.1191657585999764,0.834077147021283,0.4042375120908256,
ARHGEF40,3.293306357870099,0.06060936594146124,1.0393944905221058,0.058312187041722835,0.9534999601789105,
SUPT16H,3.422304118730299,-0.605787694094624,1.0632388653377713,-0.5697569133744715,0.5688425826837766,
CHD8,2.6910746985359464,0.6927744656997492,1.1204561912894515,0.6182967893662005,0.5363797179106109,
TOX4,2.3539708326845843,-1.9267863218003116,1.33546098772537,-1.4427874265965037,0.14908036214822873,
METTL3,2.4966700554927197,-0.755656583671313,1.1909552744692078,-0.6344961896307136,0.525757052726722,
DAD1,3.3551016522509105,0.0949370866007735,1.0379131209486259,0.09146920362082275,0.9271197755812046,
OXA1L,3.8721664937210343,0.21899885039215355,0.9431205327549582,0.23220664038819508,0.8163775204216462,
MRPL52,1.5544682437136441,0.37407495586619516,1.4386793062098895,0.26001274519731027,0.7948539423914891,
RBM23,3.6537844562142285,-0.22632713770302806,1.0199633300912159,-0.22189732809589097,0.8243938105576433,
PSMB5,2.15403005856708,0.3496466947164228,1.17337116922085,0.29798473312464085,0.7657148158162731,
PPP1R3E,2.0086612091712364,-0.2076204198077804,1.248423950238998,-0.16630602109806816,0.8679161278812615,
SLC22A17,5.321570283076409,0.2888602647213876,0.9223443249159494,0.31318050853482576,0.7541435260374896,
CMTM5,1.538793883356232,-2.1703738814087608,1.7697151892134755,-1.2263972726443921,0.22004921187588666,
NGDN,1.1600294162582314,-0.8110101392853448,1.7322085985827491,-0.46819426941356457,0.6396456698624406,
ZFHX2,1.3961433894912594,-0.19030483773046059,1.4916609629671804,-0.12757914999123543,0.8984820321737267,
AP1G2,2.387938717732213,1.3304334038255174,1.1605825710215631,1.1463496325422575,0.25165051421180007,
DHRS4-AS1,2.190438418801438,-1.1231223939859705,1.260906469905793,-0.8907261726318869,0.37307609020054433,
DHRS4L2,1.9069300884652947,-0.2732834423088997,1.2531708002880224,-0.2180735796318344,0.8273717824103365,
PSME1,2.203472546543028,0.6210911842992154,1.2760618557267898,0.48672498242294737,0.6264532386475861,
RP11-468E2.1,1.6904956029877212,1.4545450527147123,1.388277488568781,1.0477336589346045,0.29476133529474235,
SDR39U1,4.064997958189148,1.0883509420886823,0.9881912612431598,1.1013565741509594,0.27074149759351096,
NOVA1,5.076230468051839,-0.22775019161186463,0.9852623410331258,-0.23115690321935015,0.8171929095673247,
PRKD1,1.7671785649526133,-1.7318181227763336,1.5451879091613232,-1.1207815648235995,0.2623808531467432,
G2E3,4.0320074271243085,0.31541963433195547,0.9222160119082577,0.3420235934521309,0.7323331368207004,
AP4S1,1.299229397194955,0.08723413430225216,1.529172504336557,0.05704662754193278,0.9545080521841779,
HEATR5A,1.4325192474090285,-1.158357132730639,1.529389457636488,-0.7573984029684364,0.44881121263325585,
ARHGAP5,6.605647069182871,-0.5339324994644544,0.7511770704760166,-0.7107944590562442,0.47721161474959417,
EGLN3,1.4636683921369036,-1.2604566953674565,1.5591083752870318,-0.808447132570503,0.4188332285184305,
EAPP,1.7891150226216836,-0.6944785221411423,1.3652436729917243,-0.5086846662466474,0.6109732721420871,
CFL2,2.444300372945118,-0.10400171384930476,1.158931698903134,-0.08973929520414078,0.9284943888430671,
SRP54,2.4919237000070686,0.8136619489764005,1.154791531289631,0.7045963941801089,0.48106144311351695,
FAM177A1,1.6837204642130874,-0.5282986099146549,1.421302678367061,-0.3717002845035224,0.7101160131563466,
PPP2R3C,5.8104810694751805,-0.8584764349323595,0.8430812504047046,-1.018260617847052,0.30855411871193317,
NFKBIA,5.103174497446995,-0.26104027604871366,0.8280591078219899,-0.3152435298191662,0.7525767571860483,
MIPOL1,3.1641055753233682,0.5119619079005948,1.0322104586760186,0.4959859722379397,0.6199043080523825,
LINC00639,1.9703567348603581,-0.7814436900935039,1.34076839478545,-0.5828327197543693,0.5600059161817799,
SEC23A,4.619296691134823,0.5811080002779401,0.8967591661814365,0.6480089885809627,0.5169791366297162,
TRAPPC6B,1.9736297413118873,0.4447169369890641,1.2333779846064907,0.36056824634416595,0.7184222303802139,
PNN,6.53873740754297,0.3672748843461171,0.7664564967460873,0.47918555835242455,0.6318066271781837,
FBXO33,2.5473240464216165,-1.1893139326560387,1.1825216730699346,-1.0057438774618572,0.3145387905662659,
KLHL28,2.8424602181524548,0.18367074595649394,1.1126246168459333,0.16507880840994107,0.8688819526006292,
FAM179B,3.7954616436880553,-0.3855511669541322,0.991782146084877,-0.3887458233404583,0.6974641811963433,
PRPF39,2.086040743401623,0.9964437436757988,1.2661032379505714,0.787016187786339,0.43127239004110973,
FKBP3,1.8847066688403924,-0.5429242583272963,1.3236616400149352,-0.41016846142128155,0.6816823746925084,
FANCM,1.8860156661305318,0.3612719970108195,1.3048585200403209,0.27686679548956467,0.7818823896292579,
MDGA2,4.704894919866926,-0.2792196328297185,0.9154898119173407,-0.3049948008104422,0.7603701121441433,
RPL36AL,6.25775096509545,0.17278708656133404,0.7707683228425709,0.2241751268709388,0.8226210368444367,
KLHDC1,2.921626229538106,-0.35313254108525133,1.042778496078759,-0.33864578375289006,0.7348765879174755,
KLHDC2,3.025150007637851,-1.1739468612261141,1.1193484117987667,-1.048776992803884,0.2942807688284075,
ATP5S,1.812261068489818,0.8028409713427062,1.327245449082585,0.6048926156783161,0.5452503499435595,
ATL1,0.9840528818715679,-0.6133381514474052,1.827990617426798,-0.3355258750237904,0.7372284293451944,
NIN,3.8786002801551613,-0.0017424369953349804,1.0776654418788978,-0.0016168626436578136,0.9987099308217793,
PYGL,5.127523001107254,1.7792285374926942,0.8685315316426544,2.0485480062279806,0.04050633326352803,
TRIM9,3.142120570153278,-0.17385659559216846,1.0287743290063986,-0.1689939092474061,0.8658014322130212,
TMX1,2.234450339503315,-0.7508610608791538,1.2031433645230811,-0.6240827843295224,0.5325732193594988,
GNG2,5.3642536774621545,0.07861070690664389,0.8493438910677472,0.09255462685181493,0.9262573914778356,
C14orf166,2.47228289480674,-0.5257390338279868,1.152343188762537,-0.45623477359428005,0.6482211623223058,
TXNDC16,3.692829940719706,-1.0086670332608338,1.0401176120784459,-0.9697624783463047,0.33216489969406593,
GPR137C,2.661573362954481,-1.5652092562695148,1.2180834088421408,-1.284977075385451,0.19880029508215125,
ERO1A,3.059536548155966,0.9302445642923366,1.0475330018672644,0.8880336587335605,0.3745226462006772,
PSMC6,3.5724293699998295,-0.1466610763143633,0.9581969834950624,-0.15305942185229082,0.8783514154211267,
FERMT2,0.7653451998538046,-1.6510751972036688,2.132691719164867,-0.7741743367626556,0.4388277023261261,
DDHD1,1.541927822463754,-2.487743301752466,1.7785118482692919,-1.3987780312924778,0.16187955611410199,
CGRRF1,1.3849991955876526,-0.9792388955152687,1.6253742511500524,-0.602469797231251,0.546861461747998,
MAPK1IP1L,2.3495826240264788,-1.2792154219305185,1.253739852158417,-1.0203196617928696,0.30757688141113815,
FBXO34,5.051778121290539,-0.27068676790195795,0.8726950632109243,-0.3101733690414321,0.7564291209420604,
ATG14,2.488750102646615,0.10974101431919629,1.257873179874361,0.08724330566469146,0.9304781176198211,
TMEM260,3.23633843234168,-0.054693733036426544,1.0003397772574385,-0.05467515566198569,0.9563972626577084,
EXOC5,5.706983638982893,1.0336722379224212,0.9231496616669903,1.1197233567262033,0.2628316686417438,
AP5M1,1.66158427464433,-0.3682252689876529,1.3598612554557359,-0.27078149885537256,0.7865590902324737,
NAA30,1.0907918303385846,-0.9861025688521216,1.6791760818949402,-0.5872538201826403,0.5570332509685679,
C14orf37,4.283998419516994,-0.6021382222704177,0.9172595949174174,-0.6564534463383066,0.5115324116925705,
ACTR10,1.9201123287117177,-1.437473171092982,1.3728835770925356,-1.0470466651930042,0.29507805613503346,
PSMA3,3.8876412780914973,-0.42920141319630456,0.9384276761360663,-0.4573622710740182,0.6474106780009774,
ARID4A,6.529696228164492,-0.010260529573978171,0.7489032156783819,-0.01370074177700497,0.9890687316509736,
KIAA0586,2.074426056739666,-0.5055677656822746,1.2421715535509874,-0.4070031745913126,0.6840056565766996,
DAAM1,4.849790204610584,-1.2344135132047922,0.9133832589583389,-1.351473766458748,0.1765437178704945,
JKAMP,2.329577673202211,-0.7426449037750182,1.2016512686295868,-0.6180203218376006,0.5365619428805442,
RTN1,5.0384183490379915,-0.9093817323454672,0.9477136268550851,-0.9595532939240102,0.3372800852515153,
PCNXL4,6.024059314747231,0.550491019627981,0.7732067604913103,0.7119583632173476,0.47649055953899,
DHRS7,2.5567719201286603,-1.0178173848591048,1.2022376118552605,-0.8466025141972032,0.3972167120803368,
PPM1A,2.192282695590095,-0.29997218454952235,1.1839200004359736,-0.2533720052360454,0.7999807585797013,
SLC38A6,1.886370704613376,-0.08520529045631084,1.367646845131901,-0.06230065221851429,0.9503234090923829,
PRKCH,5.9655326867404534,0.3876606985662116,0.8823861172457862,0.4393322730147054,0.660420792801742,
HIF1A-AS2,4.762510507275533,-0.4392319528092467,0.9794085689847543,-0.4484665202230673,0.6538165433523622,
SNAPC1,1.6272880360761948,-2.2564894910382947,1.780679946363563,-1.2672066620654723,0.2050814042767246,
SGPP1,3.791098369462468,-0.012280873551729918,0.961967905595785,-0.012766406737991828,0.9898141578509407,
ESR2,2.318162743969347,2.050937097682949,1.2137218218469559,1.689791730498821,0.09106780644227042,
CTD-2555O16.2,1.5304227727230526,1.7435976450995605,1.5138972943689568,1.1517278296123452,0.2494329326144239,
ZBTB25,1.7789350279681273,-0.10257185490851584,1.3033567374945196,-0.07869821972585395,0.9372726615428802,
PLEKHG3,2.2073478951803005,-0.4381913704189654,1.2823555135850806,-0.34170818137157144,0.7325705145050029,
RP11-72M17.1,2.1174988940661543,0.4270481917274378,1.3636786136760635,0.3131589712155458,0.7541598879825483,
MPP5,2.2905116839729325,-0.6394594330166139,1.3376635140999429,-0.47804206833500956,0.6326202633459735,
ATP6V1D,1.1551857843283997,-1.47534576962486,1.7436275801342251,-0.8461358299409827,0.39747697469436094,
EIF2S1,2.8846083711816615,0.9062925382305091,1.1689709183844532,0.7752909195406058,0.4381677738147013,
PLEKHH1,5.854902756399459,-0.39188848204944754,0.8206804411289228,-0.4775165367781499,0.6329943480851639,
PIGH,1.2885303622820297,-1.0010025148093233,1.581247125618077,-0.6330462193997994,0.5267034608821133,
VTI1B,1.3886301309737192,-0.016183506879233214,1.4704084114779095,-0.01100613050966374,0.9912185556824252,
ZFYVE26,2.572024516670884,0.9901651058955748,1.1192174801243584,0.8846941041213506,0.3763216364430807,
ERH,3.483199987988653,0.8183462319620423,0.9637677658375765,0.8491114363540126,0.3958192873146408,
SLC39A9,2.1531499810284727,0.49230072208500375,1.190237088738677,0.41361567938258975,0.6791555885012848,
MED6,1.1925229510445263,-0.7836547417900079,1.618523659062465,-0.4841787374575312,0.628259025449275,
PCNX,6.385785658316145,-1.2413626947563388,0.8425982460766968,-1.4732557307546839,0.14068209271878218,
RGS6,2.26298747583473,0.7961362241930221,1.1390404635869018,0.6989534170594298,0.48458114308086353,
ZFYVE1,1.4801265292865484,-0.923464342079785,1.4499919257364247,-0.6368755064693028,0.5242059382931916,
PAPLN,1.1759685131485071,-3.3247221723194595,2.3623666826533563,-1.407369227111351,0.1593179312784403,
ELMSAN1,2.0242808417890923,-0.05280336980837241,1.2134483040592765,-0.043515137506667925,0.9652908979705593,
RP5-1021I20.5,1.841197743213453,-0.9332023591244699,1.4228894043250009,-0.6558502412681667,0.5119204865450279,
LIN52,3.0917949327448873,-1.5846255216623344,1.1457749221211277,-1.3830164119221424,0.16665983367458947,
ABCD4,3.7568895423926207,0.8922243155482951,0.9819301534446103,0.9086433616671947,0.3635384099888427,
AREL1,3.4240522762147254,0.5128865473441319,1.0093292465628594,0.5081459286855116,0.6113510076113284,
FCF1,2.0361794185130453,-0.8034967197798356,1.376664653347453,-0.5836546451788961,0.5594526873598935,
YLPM1,4.851741046426661,0.2918290564414735,0.8269751643577881,0.35288732844607484,0.7241729109216262,
DLST,1.8265423098456477,0.10523891936109754,1.3033073874294057,0.08074758140415886,0.9356426958435182,
MLH3,3.818794110810401,1.0655030688340212,0.9239871309941589,1.15315790998907,0.2488455759032404,
ACYP1,1.8628636214660037,0.019563191352197695,1.3543526680223268,0.01444468033630011,0.9884752133474587,
TTLL5,3.908922505996309,0.3938119284423802,1.030600533519722,0.38211888664313803,0.7023731833806457,
IFT43,2.133099409605743,-2.2720862952668734,1.5173291668939006,-1.497424780885234,0.13428276422808325,
RP11-187O7.3,6.655916747118909,-0.8408410930050559,0.978770080015446,-0.859079277323012,0.39029677936453877,
RP11-99E15.2,1.4925249927407382,-0.646744537778665,1.5011439836818383,-0.4308344468013003,0.666588750846827,
RP11-488C13.5,1.5001254813144234,-0.2405917443049491,1.5050730726655703,-0.15985386269574764,0.8729961932837544,
ANGEL1,4.9632781512163255,1.1539093703484788,0.9318238643570628,1.2383342115246747,0.2155921634197897,
TMED8,4.389293412921777,0.8539913171001281,0.948591858580779,0.9002726613928713,0.3679751661478544,
VIPAS39,0.8213458177874721,-1.773001095015876,2.098811890423642,-0.8447641749628161,0.39824252051825415,
AHSA1,2.1366918438788276,0.4932770091056808,1.2718953439475313,0.38782830006651053,0.698143101089371,
ALKBH1,1.4503573488275183,-0.07729702422126249,1.453112993853808,-0.05319409058222146,0.957577263983324,
SLIRP,5.286921896477122,-0.0776259772887744,0.8717190077213121,-0.08904931130467145,0.9290427209950918,
SNW1,2.237958470622813,-1.253473909727262,1.2316748029222726,-1.0176987519378238,0.30882114057899424,
ADCK1,1.1796601750705233,-1.340981199514947,1.7040474062791515,-0.7869389047356536,0.43131763161692416,
CEP128,5.302434951454985,0.5968753826165006,0.8284312923206414,0.7204886973118854,0.4712241563336329,
TSHR,2.192225077398846,-1.6884228385422493,1.4220884742476503,-1.1872839623677436,0.23511563187960416,
RP11-114N19.3,1.9677196105892374,-1.2498389315954346,1.364998851428611,-0.9156336873744253,0.3598590562854933,
GTF2A1,2.2563807983759916,1.1550713817231872,1.2347059274520984,0.9355032287783355,0.34952902015489196,
STON2,2.6006550377675755,-0.8447138135078851,1.1340604173972475,-0.7448578581435421,0.45635765346123847,
SEL1L,6.235314620696143,-0.42329944445627654,0.7797660500730984,-0.5428544169326105,0.5872300427533192,
GALC,1.3771057462617426,0.8414607675053228,1.4950588489014653,0.5628278566583576,0.5735521095204065,
SPATA7,2.0149588806933187,0.1743235306985812,1.3473506261297152,0.12938245421633723,0.8970550304897826,
ZC3H14,4.723248989650949,-0.15177836946136827,0.8684314363442136,-0.17477300234581677,0.8612580028069595,
EML5,1.2431740515217313,-1.548761459084569,1.671036394725677,-0.9268268865794625,0.3540164229048892,
TTC8,1.7410018552175324,-0.9010479516288317,1.4082504185379028,-0.6398350320139317,0.5222798547812286,
EFCAB11,2.4028263853162937,-1.0998057892675002,1.2424372382561377,-0.8852002784552462,0.3760486221845981,
PSMC1,1.4748317395696422,0.12357168776120875,1.4011040092909355,0.08819594187282738,0.929720942666261,
NRDE2,2.3464515753706503,-0.8934712058910621,1.183987854362238,-0.7546286920082771,0.4504718030911631,
TTC7B,6.5986499240221415,0.6877379912281464,0.777093092453661,0.8850136462500561,0.3761492713985768,
RPS6KA5,6.24453019820664,-0.6638429115844814,0.8054625207243167,-0.8241760410993636,0.40983953841778364,
C14orf159,4.0189731179405745,-1.73885510041214,1.0618205714980447,-1.6376167001162139,0.10150167711209428,
CCDC88C,1.1045894115907513,1.1531963603918967,1.7521537048195617,0.658159359661117,0.5104357361547303,
PPP4R3A,5.8632485206523945,-0.07833336604297404,0.8275551694562069,-0.09465636725397718,0.924587776187531,
TRIP11,6.40537794154486,1.108481230236744,0.7701988254941974,1.4392143866559235,0.15008979048857302,
ATXN3,5.664667024637791,-0.06675866942658011,0.8031070518791907,-0.08312549276011393,0.9337517556994237,
NDUFB1,1.6285848543314037,-0.3712972897312605,1.5173158957177506,-0.24470664993305313,0.8066835786649664,
CPSF2,1.6598788473066717,1.483244947467433,1.3980135249451482,1.0609660929608167,0.2887053107417411,
LGMN,3.718584886639599,-0.597695733669044,0.9741315074461552,-0.6135678079400193,0.5395009618060487,
GOLGA5,1.933126133171651,1.3279088209212504,1.3217994996341762,1.0046219727642243,0.31507891277919176,
ITPK1,4.503203097813302,0.16594562280831723,0.8913766843402848,0.1861677848699116,0.8523131862456471,
UNC79,2.4225472646364232,-1.1441988454469605,1.2185576211723432,-0.9389780389261821,0.34774201981366315,
DDX24,4.366230474925299,-0.3631370530554066,0.9217308140942292,-0.3939729989522547,0.6936009741284228,
IFI27L2,2.8787044206975487,0.5398279743574971,1.0999755167701684,0.4907636271237936,0.623593638524474,
DICER1-AS1,2.109122015142164,-1.287375968509784,1.4686630696933662,-0.8765631784957784,0.3807239464166918,
ATG2B,2.552809522877386,1.056636948635276,1.111752705538045,0.9504244454470698,0.3418966276792357,
VRK1,1.633975944794684,0.046792578767086,1.335176656765805,0.035045983263691516,0.9720430740331852,
SETD3,4.01227305571656,0.5818861010003251,0.9368886483208082,0.6210835215510867,0.5345446708025865,
CCNK,1.7917978039421305,0.18837605460809886,1.269354663011193,0.1484030114650769,0.8820247235837361,
EML1,2.398414563589687,-0.60944433129995,1.2272614956299597,-0.49658881458439236,0.6194790425176686,
YY1,3.8342748939772577,-0.11753657255638571,0.9365945729483834,-0.1254935443266371,0.9001328355186318,
WARS,3.4293366075958684,0.3927526374772499,0.9842537351661401,0.39903596343574355,0.6898667053516604,
WDR25,1.582909079298685,0.9417574239245667,1.4633943871970558,0.6435431433684683,0.5198717295176452,
WDR20,3.4588737097513618,-0.9753014571515954,1.048185796195656,-0.9304662023578348,0.3521297553767858,
TECPR2,3.682963411542176,-0.9319197009033399,0.985126528857351,-0.9459898536934888,0.3441537613609331,
RCOR1,5.811035683944975,-0.02271511963193588,0.7969369947891418,-0.02850303070438583,0.9772609508600697,
TRAF3,4.782967773026827,0.2842532997000381,0.8461875144176925,0.335922351555433,0.7369294213980997,
CDC42BPB,3.3665873544077622,-0.3433954656817156,0.9940227360300841,-0.3454603735254228,0.729748295954529,
EIF5,4.924177576087005,-0.5959487838086582,0.9110971460180003,-0.6541001543175553,0.5130472820776892,
KLC1,6.398722716585103,1.2537701657305351,0.8133535049156186,1.541482465069856,0.12319940734903939,
ZFYVE21,1.7681458725473647,-1.5844116863867657,1.4789473053530795,-1.0713104386153285,0.28402986776529726,
PPP1R13B,1.4583736024199971,0.03919755254048392,1.4443102835037402,0.02713928785814285,0.978348639111727,
C14orf2,3.7236180481683427,-0.08336084565018581,0.9603540070224865,-0.086802205270784,0.9308287346898848,
INF2,5.2213135126318,2.1916965002121995,1.0156828790834156,2.1578551192967397,0.030939097846679912,
BRF1,1.8892308364978045,1.2479965909742816,1.303520737978167,0.9574044774385359,0.3383631393977192,
MTA1,1.695703162648483,-0.03627399372858153,1.3632308048031696,-0.026608842465101836,0.978771720490698,
NIPA1,1.2712468753333332,0.8451789077270112,1.6612115263103349,0.5087726002023425,0.610911627133339,
NIPA2,2.2029270027634644,-0.6495009179166934,1.1901493708295567,-0.545730589651935,0.5852511415681607,
TUBGCP5,1.8793277574120426,-1.015342831578243,1.4170638064702765,-0.7165117244136884,0.4736754306135973,
RP11-701H24.9,3.3665933532041556,-0.9253532639922637,1.0212843659078463,-0.906068177367714,0.3648997676151472,
APBA2,4.278378166731274,0.8533899539303915,0.9001272700268677,0.9480769912735995,0.34309026064872783,
CHRFAM7A,2.289112566174956,-2.0357630823389807,1.4127137468965791,-1.4410301356598985,0.14957616926879766,
ARHGAP11B,1.2218307094354364,-2.3542782262630517,1.860944341067326,-1.265098678294042,0.20583595664068044,
FAN1,2.862581793004754,0.1842385567809058,1.0370148901866254,0.1776624024634299,0.8589881139245941,
MTMR10,5.296333978080734,-0.0956178037208812,0.8403289818267442,-0.11378615493306324,0.9094073140686662,
KLF13,1.310925133674519,1.6408200578411605,1.5455697015486085,1.061627991411267,0.2884046011192324,
OTUD7A,4.430883010738846,0.3554009929018865,0.8736026816389199,0.4068222320874032,0.68413855684639,
SCG5,1.4006188282055085,-0.7074333989863183,1.4778893360015959,-0.47867819447176413,0.6321675807093299,
RYR3,3.991167946642934,-1.1075950950382627,0.980310099310696,-1.1298415632125662,0.25854299114026635,
EMC7,1.471236378394,0.40067340029013493,1.4577751179175504,0.2748526815730686,0.78342942208092,
KATNBL1,6.4492864055640196,0.12606377743141084,0.7719493580390318,0.1633057610821107,0.8702776981089528,
EMC4,1.4207079007412204,0.3134902287782107,1.4598725200575982,0.21473808464169333,0.829971527907668,
SLC12A6,5.502511503129653,-0.11245125077980274,0.8516751778854714,-0.13203537416576505,0.894956312137271,
NOP10,1.7047708455471564,1.86555261258595,1.4407535638985518,1.294845044518182,0.1953736895162066,
LPCAT4,0.8667568562873265,1.0095718162198783,2.0051511969272453,0.5034891223000922,0.6146204262363517,
GOLGA8A,4.049987486338499,1.7320596441912015,0.9333045952203579,1.8558353329249961,0.06347703266064357,
AQR,4.596215419394283,1.4742060482191928,0.8882595096484862,1.6596569270646877,0.09698348910976556,
RP11-323I15.5,3.02924525554373,-0.61215337504446,1.0355524021459008,-0.5911370335059226,0.5544286080285226,
DPH6-AS1,4.553096925018468,0.7505895465596482,0.9749113625010847,0.7699054246675816,0.4413559958230845,
C15orf41,3.650240532991298,-0.0639893096968412,0.9555674804336675,-0.06696472097166888,0.9466097887184024,
MEIS2,3.742185198639509,-0.9997756653090187,0.9749783850735856,-1.0254336717767971,0.3051586071049033,
EIF2AK4,6.617894529680535,0.5564581636525228,0.7456337917031596,0.7462888214621736,0.45549296269027817,
IVD,5.247250612630139,-0.16544474413362267,0.8235609385526738,-0.20088949874720297,0.8407849791162834,
C15orf57,1.333973903098472,-0.00020641198663447116,1.4887485972967676,-0.00013864798059878537,0.9998893749172482,
RMDN3,2.086543557034418,-0.7396414089099413,1.2959845507538454,-0.5707177670287106,0.5681909732061268,
DNAJC17,1.997962174258311,-1.0160403291989604,1.2708267740831465,-0.7995112708669481,0.42399401392129055,
INO80,3.89654765561062,0.576373234516561,0.9181502099417147,0.6277548360558016,0.5301645566853448,
CHP1,1.7566762155749445,0.8189147754345049,1.290868991765374,0.6343903065752386,0.5258261340745629,
RTF1,1.895405703753318,0.27630136399189076,1.2482444176412084,0.22135197248789942,0.8248183852594997,
MGA,6.192438251011903,0.27538570327430617,0.7694029436512243,0.3579213018960588,0.7204022087603477,
MAPKBP1,1.1023162150505612,-2.0890646066873315,1.9058037971572424,-1.0961593264760239,0.2730090557626954,
VPS39,4.321961204132484,-0.6777565474351029,0.9880114007050902,-0.6859804926860407,0.49272540972728485,
GANC,6.404809990900186,-0.6906355490483894,0.7941959612981188,-0.8696034514196482,0.3845171509703855,
CAPN3,3.6568636675821935,-1.3088465033603256,1.0262549651472666,-1.27536192058521,0.20218117029673366,
STARD9,1.5962777407993194,1.143715615784222,1.4016561358304214,0.8159744651683912,0.4145147402834397,
UBR1,5.6565635409891675,-0.24107773912326533,0.8596890305561684,-0.28042435177671415,0.7791519562158933,
EPB42,5.503492340954003,0.4419271340406741,0.8757849977885064,0.5046068785793419,0.6138349776139818,
TMEM62,1.7517037805821507,-0.12512208740376687,1.351866167360897,-0.09255508453771669,0.9262570278581173,
ADAL,2.086543557034418,-0.7396414089099413,1.2959845507538454,-0.5707177670287106,0.5681909732061268,
TP53BP1,2.5834100519318612,-1.3925723038562168,1.2237177168457765,-1.1379849165260725,0.2551267807307811,
MAP1A,2.4576601451976656,1.5615703186118983,1.302385415109824,1.1990078363095142,0.23052489856260006,
PPIP5K1,3.3891594763642328,1.1037174996174395,1.0855979295233937,1.0166908664812955,0.3093005120529827,
CATSPER2,3.257130050409874,-1.265004066939497,1.0637509407629637,-1.1891919606972912,0.2343641373275548,
PDIA3,5.278135020825149,0.9446164306474423,0.8195312955328773,1.152630089657811,0.24906224738724747,
CASC4,5.6343728051229975,0.10794973655139624,0.8393122222845341,0.12861690046353258,0.8976607927485362,
RP11-516C1.1,1.9895688382021632,-0.7641535873548085,1.2641157226213549,-0.6044965454351034,0.5455135652762628,
CTDSPL2,5.130753433324753,-0.46249012550254853,0.9410595261556637,-0.4914568235570324,0.6231033826645589,
EIF3J-AS1,1.2823007672869595,-1.394077324859134,1.650142297967915,-0.8448224899003468,0.39820995581306495,
EIF3J,3.5748251893644447,0.6300700473250358,0.9561423543121298,0.6589709623085594,0.5099144154199453,
TRIM69,0.9653347029144713,-1.9876471378299918,2.0141737337311665,-0.9868300358320949,0.323725967517313,
GATM,5.122187024801851,-1.5710805529400884,0.9863377176906258,-1.592842415697696,0.11119554712106912,
SEMA6D,3.1179716424799686,-2.1194835624071255,1.1988720344982071,-1.7678980753723597,0.0770779446277793,
MYEF2,2.1029471478866504,0.08227237862274948,1.2710668134588756,0.06472702909996268,0.9483913418330822,
DUT,4.233463943067821,-0.18170998246086903,0.8927201836303212,-0.2035464032211417,0.8387079801879358,
FBN1,0.9627967698414176,-0.7267126419549615,1.8168901044951737,-0.3999761131160324,0.689174110515622,
EID1,4.747404072033391,-1.0097032534236023,0.9420975857896119,-1.0717607906587803,0.2838274884049622,
SECISBP2L,4.221884830616288,-0.4783205975570123,0.9757285393808782,-0.4902189269369096,0.6239789890280523,
COPS2,3.380649516280054,1.0695502151839826,1.027830196502389,1.0405903804184415,0.2980656976605054,
GALK2,5.483684050135587,-0.5415596909039789,0.8350629057545748,-0.648525622647096,0.5166450440255295,
DTWD1,2.26298747583473,0.7961362241930221,1.1390404635869018,0.6989534170594298,0.48458114308086353,
GABPB1,3.8940646061898607,-0.2532206784577327,1.0021153019041364,-0.2526861709192383,0.8005107351757489,
GABPB1-AS1,6.566968620753024,-0.9617996289100309,0.7880321861609977,-1.2205080525905474,0.222272338794403,
USP8,5.390455720964905,0.295036481563293,0.8043087775071768,0.3668199201775594,0.713753347727371,
SPPL2A,3.9001298620535247,-0.17671400565696826,0.9502173809566556,-0.1859721882576563,0.8524665713933537,
AP4E1,3.133317649316874,0.8457789089862345,1.0356625055857127,0.8166549473642568,0.41412564453646206,
RP11-707P17.1,4.40489987819432,2.7917772460834147,1.0052386868000662,2.7772282172807743,0.005482466926094858,
DMXL2,6.0440033575934065,-0.3632922616410268,0.8858836475161506,-0.4100902671131014,0.6817397321264295,
SCG3,0.9849654617267634,-3.0029644093357097,2.351500669362229,-1.2770416987166624,0.20158752607247843,
TMOD2,3.7341203975460115,-1.2389408794188848,0.993813500469134,-1.246653299471216,0.2125246493748295,
TMOD3,4.423656714177137,0.152323541196522,0.8662181484837876,0.17584893766442822,0.8604126219377491,
MAPK6,3.6578797041201074,0.23647957344110884,0.9620793521845421,0.24580048714708133,0.805836679941104,
ARPP19,4.451297727785515,0.5596012694093272,0.885565577244111,0.6319139810637311,0.5274430870333762,
FAM214A,2.4513491375007024,-2.2082387908343546,1.3780451744738091,-1.6024429617683216,0.1090576910129831,
RAB27A,0.9810090632718834,0.47433401164526484,1.688421143309907,0.2809334706123149,0.7787614281767539,
PIGB,2.8362853508969406,0.811608880334259,1.1119841180292014,0.729874525341868,0.46546688510386736,
CCPG1,4.002380204460978,1.5879245291816997,0.9373561864458766,1.6940460330267284,0.09025653604550943,
NEDD4,1.1966729266899623,2.229489697988785,1.7241948639388978,1.2930613265460893,0.19598984942794673,
TEX9,1.018797387775085,-0.8631680896410765,1.7927811217830472,-0.4814687521824164,0.630183383110833,
CGNL1,2.938084366687752,-0.30075390393597873,1.0607633491086788,-0.2835259195075805,0.7767737155623247,
ALDH1A2,3.4912164230232747,2.9739519346541474,1.1917197829836024,2.4955127682856197,0.01257752286131815,
FAM63B,6.29829423148862,0.3830888016666517,0.8122370624857344,0.4716465418288889,0.6371791002808875,
GTF2A2,1.2019677164068687,0.8575848133886772,1.554185981891495,0.55179034129813,0.5810920055256694,
BNIP2,2.7144429322323194,-1.232228970972463,1.1419256759088081,-1.079079835902443,0.28055213930147493,
ICE2,4.67867952757672,-0.0961868987948737,0.8836316631865742,-0.10885406533306213,0.9133182406181523,
RORA-AS1,0.9894023993280308,-0.0126876623501729,1.7893832059745396,-0.007090522761033126,0.9943426287655303,
TPM1,1.842768368691755,-1.9665783308521505,1.4699046051876703,-1.337895210282076,0.18093059873788309,
LACTB,2.6031320883919413,1.1763084621077908,1.2037242741918535,0.9772241761075486,0.3284581816266031,
RPS27L,3.5763145835829966,-0.662189318616731,0.9887502933712924,-0.669723511645086,0.5030340607288161,
RAB8B,5.828193439724544,-0.011811838304870403,0.7892945546471676,-0.01496505738614979,0.9880600574259378,
APH1B,1.8026743453317753,-2.223087582660504,1.6085634194168035,-1.3820329095053652,0.16696159655974574,
USP3-AS1,1.1152337187641204,0.5354352500903843,1.642452728999341,0.32599735787622725,0.7444263541429407,
FAM96A,2.8053329043168973,-0.21264190698620974,1.092564076096246,-0.1946264861151061,0.8456853666258858,
SNX1,5.224648722896034,0.40596589690243595,0.8809295212609685,0.4608381114545164,0.644914756392517,
TRIP4,3.3201247306889745,0.034918646096181956,1.0302646675189782,0.03389288907700868,0.9729625636265792,
OAZ2,2.2486575055357387,-0.4992255476697081,1.1930933053011719,-0.41842959427526827,0.6756330528287217,
AC069368.3,1.378417634003575,1.4679241462651966,1.609499002156286,0.9120379349714302,0.3617487483262851,
ANKDD1A,1.5655118587736503,1.5482277193092024,3.8703905046153393,0.40001847810007324,0.6891429069646362,
SPG21,2.374114632959852,-0.07862832699140522,1.1513372094047958,-0.06829304772669818,0.9455523583202353,
MTFMT,1.7898662970973287,-1.0961564134431832,1.3949563167437573,-0.7857998134321066,0.4319847759164612,
UBAP1L,2.1835062782738848,1.4826081880730912,1.3560109914256413,1.093360007734415,0.2742357653208831,
CLPX,1.485011734223198,-0.5145811928571351,1.4601176164319638,-0.3524244807857318,0.7245199451856363,
PARP16,0.9978282377007665,-1.9950283168345677,1.9295521793962347,-1.033933333411497,0.3011673305194015,
DPP8,3.7021459030190864,-0.4822728435539963,0.9668138476404408,-0.4988269921153986,0.6179012703299205,
HACD3,2.694531210260589,-1.3406557138706845,1.1703789676995764,-1.1454885561603976,0.25200683327880424,
DIS3L,1.1787800975319163,-1.073672693873212,1.630172155867615,-0.6586253421202491,0.5101363852767138,
SMAD3,5.633583065985236,0.03807967727659323,0.8009692865056505,0.047541994328798264,0.9620812615223698,
AAGAB,2.9563678449899307,-0.3164449311994381,1.1639972046290181,-0.27186055940769505,0.7857292384291822,
IQCH,2.106045694225891,0.6625496780240949,1.272476190985522,0.5206774654942312,0.6025914749863446,
IQCH-AS1,2.9105561109579057,-1.7106455660742008,1.2094690363604836,-1.4143773132232058,0.15725114759376882,
FEM1B,1.6428660956872327,-1.3799798568491053,1.5302000658145336,-0.9018296938279994,0.3671473434326037,
CORO2B,1.809578287169371,0.0614539072150628,1.3058577066281516,0.047060186498988944,0.9624652587306036,
SPESP1,1.7482281517792408,-0.3486903213776964,1.3945881963285938,-0.2500310287263738,0.8025633530888379,
TLE3,2.4376285094110597,-0.24076795000627957,1.1234071783457433,-0.21431939785253895,0.8302979921649701,
UACA,2.6129438898299147,0.2065640789420003,1.1678637401569654,0.17687344151487852,0.8596078002906866,
LARP6,2.1607019221011385,0.7101325387670009,1.3054382871720016,0.5439801679981181,0.5864551201645256,
THSD4-AS1,2.5904618883812813,-1.559162529442862,1.2258177935233703,-1.271936610547444,0.20339564266208665,
MYO9A,6.110589458305804,0.32584656524850714,0.7534539493944934,0.43247044561963055,0.6653995278436705,
PKM,4.793901932607721,-0.20058393506252642,0.8904501535058689,-0.22526127293345946,0.8217760251614135,
PARP6,3.2408138710559293,-0.3110180600668692,1.0278036389704521,-0.30260455234271705,0.7621912447737037,
RP11-106M3.3,1.3778985937442056,0.012676914469235856,1.6419267561408706,0.0077207551566010465,0.9938397898646192,
BBS4,1.0569599042902629,-3.0932962625388947,2.3040836980786765,-1.3425277324423264,0.1794249446282845,
NPTN,3.031928036864177,-0.09664275271165818,1.022271168669673,-0.09453729663277474,0.924682356670062,
CD276,2.4141539285802756,-0.9211281524553183,1.2371061430853887,-0.7445829588704413,0.4565238729528289,
PML,1.3669257516081865,1.3769543393723034,1.50057328766856,0.9176188531995507,0.3588184440674166,
CLK3,2.718125704906249,0.6273378844851808,1.2078090202343648,0.519401556020381,0.6034807464680343,
EDC3,2.5950732860948373,0.1588475828719412,1.10589208973232,0.1436375070829832,0.88578672138403,
CSK,2.265151216895808,0.30303766617751754,1.1730283403299742,0.25833788985206674,0.7961461465576464,
ULK3,1.7761234435847184,-1.3152807532564352,1.3787803619648478,-0.9539450876585437,0.34011143901529717,
SCAMP2,6.355503643365687,0.79138285891604,0.7859538757444184,1.006907508619993,0.3139792233530163,
FAM219B,2.0405941306913444,-1.48865320539084,1.3595213403493618,-1.0949833306833525,0.2735239394069675,
COX5A,2.4456387642071444,0.6358909037559802,1.1516909483240474,0.5521367556820127,0.5808546610750405,
PPCDC,2.6964849425283592,1.1592179395745774,1.190162491374434,0.9739997252273335,0.3300566756544129,
MAN2C1,2.956344231921429,-0.5408345987477374,1.1036212945947006,-0.490054515436254,0.6240953228785744,
SIN3A,2.113968537523688,-0.7046706749583566,1.2271396607724516,-0.5742383670614845,0.5658065096607376,
PTPN9,5.41599043026131,0.39530075850876345,0.8322011540247665,0.47500626092258363,0.6347825107242147,
UBE2Q2,2.187069137132939,1.8920885456763923,1.2425045057906774,1.522802160361058,0.1278082093335406,
FBXO22,3.279696173569951,0.8294249598638018,1.1203254852124767,0.7403428475131906,0.45909198819816543,
ETFA,5.520256375695603,0.3993715087404512,0.8260000663840179,0.4835005770505329,0.6287403501395656,
RCN2,3.0968189871325364,0.4305551405036573,1.0050906947095521,0.4283744171246931,0.6683785472484778,
TSPAN3,2.772429784750345,0.6431473113572389,1.0465990179202278,0.6145116709886498,0.5388772631657781,
HMG20A,4.990995729573535,-1.212029441342144,0.9263408426241901,-1.3084054870220763,0.19073581253147254,
IDH3A,1.7548673315545678,-1.545985109623635,1.4922621828776366,-1.0360009972526414,0.30020167727149827,
ACSBG1,1.516160878951073,-0.4354429831456092,1.6133861440980288,-0.2698938408133198,0.7872419257247847,
WDR61,2.1394618552554188,1.618771635136299,1.2206088899138658,1.3262001026803354,0.1847734253065053,
IREB2,5.766137686908095,0.2448509691228096,0.77675669681088,0.3152222183961736,0.7525929370254294,
PSMA4,1.2947924595936875,-2.253303565854358,1.8450260602936386,-1.2212854952822407,0.2219779432870732,
ARNT2,2.6241948046736794,-0.0575261686669505,1.2471249273590261,-0.046127029782630335,0.9632090022817593,
MESDC2,3.2666620458283604,-0.31232695512792624,1.0138594752949963,-0.30805744063993723,0.7580386248319396,
IL16,3.059126781933566,0.38934466445841737,1.0385486741536158,0.37489303500938065,0.707740019203146,
EFTUD1,2.966427925828611,-1.7418335885414282,1.1510263525149147,-1.5132873237312416,0.13020669119478093,
WHAMM,1.886835017133189,-0.04617324113331543,1.279835250531106,-0.03607748818776047,0.9712205724637618,
C15orf40,1.2210053596363855,-0.1193630755238015,1.5478536199691426,-0.07711522199765962,0.9385318836572577,
BTBD1,3.76539504293743,0.630393297328155,0.9760793492528664,0.6458422645768352,0.5183815134161899,
RP11-382A20.3,2.364663868801116,-0.21361878166392895,1.1415781018299815,-0.18712585789924674,0.8515619545663603,
SH3GL3,4.3603232346543415,-1.111915157978605,0.9672150483246303,-1.1496048990393792,0.2503066394806397,
WDR73,2.6532022523213015,0.46746848585963435,1.0965001442074422,0.4263277924122151,0.6698690090052474,
SEC11A,3.8535933189240694,-1.2405961504311003,0.9978947960892753,-1.243213368075438,0.21378921785778315,
ZNF592,3.0357883160148265,-0.7484114271282609,1.1018611882862037,-0.6792247835612704,0.4969954463102709,
NTRK3,2.4780775712538836,-0.3764483360725177,1.2522025189588215,-0.3006289560777486,0.7636974485433231,
MRPS11,1.817065042166717,-0.2705866592138452,1.3495099783899651,-0.20050734232930167,0.8410838162462816,
MFGE8,1.3410228490961993,-0.3041630323199195,1.5194374290385797,-0.20018134771918702,0.8413387542932697,
ABHD2,3.6134003625537154,0.3680292400838528,0.9881995790535705,0.3724240000550555,0.7095771875650442,
IDH2,3.7007467852211096,-1.1387032093583946,0.9890248218152384,-1.1513393640297511,0.24959264880200072,
IQGAP1,5.68468921592842,1.8935148886234692,0.9087288874137296,2.08369615498025,0.037187814203760126,
MAN2A2,2.4852684750473113,1.0293049292621226,1.2116655510955332,0.8494959094376097,0.39560540539954914,
UNC45A,2.0491649987536165,0.9901691449410545,1.2444862683823317,0.7956448938790975,0.4262384648400753,
SLCO3A1,3.781176136847574,-1.4266968169402285,1.0654416842711705,-1.3390660774795755,0.18054916260612375,
FAM174B,1.662922665906356,0.5663923270190163,1.3576888699277438,0.4171738750787282,0.6765512326000409,
RP11-437B10.1,3.3819393345116566,-2.0217547041198554,1.1314456368535166,-1.7868774585955678,0.07395729650485347,
IGF1R,5.204757505648105,0.8704358580667161,0.825509834772622,1.054422153924391,0.29168968385686134,
TTC23,1.6638352457615515,-0.5494831173572167,1.4586614783733924,-0.37670365983063164,0.706393842743521,
LRRC28,6.491585548937177,0.7354177545480178,0.7653324430302468,0.9609128180117582,0.3365960052565595,
CTD-2054N24.2,3.341706487230082,-0.21225959641240408,1.043621865438101,-0.2033874561676607,0.8388322034441903,
ADAMTS17,2.474791216014898,-0.5117818756829372,1.3026027756650356,-0.3928917435491033,0.6943994399362042,
LINS1,2.226937080985775,-0.6505161500439308,1.221974725659063,-0.532348285430437,0.5944847955364541,
ASB7,1.7569956798473647,-0.8898605555453719,1.448073458158133,-0.6145134078192579,0.5388761158125148,
CHSY1,6.128785525109696,-0.4359501307818357,0.781685477312706,-0.5577052963559638,0.5770456404482858,
VIMP,2.0714238111467993,0.08614610430826872,1.222697891497415,0.0704557560026273,0.9438309145890453,
SNRPA1,3.8457252033658285,0.01879069978520093,0.9579670080785373,0.019615184684586135,0.9843503505373462,
PCSK6,2.4363388470921956,0.8152643337099117,1.1063850144883842,0.7368721765333265,0.4612000855929591,
TM2D3,4.0914999495509,-1.8829835533613875,1.0398192321397028,-1.810875866843366,0.07016006905471493,
TARSL2,3.8066603838890756,-0.43996240557116767,0.9504910402457251,-0.46287906665319717,0.6434510530419828,
MPG,1.7460319084015754,1.3148195749795044,1.3178620319527956,0.9976913691270225,0.3184290396816144,
NPRL3,2.5620282087325847,-0.19620143098973228,1.109308898464092,-0.1768681665326813,0.8596119437967767,
LUC7L,3.2447255881592905,-0.7837893464130513,1.0501202378172014,-0.7463805745161618,0.4554375503853978,
RGS11,2.7071884369806543,3.397260160783263,1.5312913405880626,2.218558984000139,0.026516742576333813,
RAB11FIP3,1.934393570067547,-2.801939428638228,1.6707000946834236,-1.677104967884233,0.09352195752578979,
RAB40C,2.753269518696403,1.7684469912672511,1.129699253725586,1.565413967863718,0.11748587539547561,
C16orf13,1.9078913972636522,1.1815408645317977,1.2884272563008483,0.9170411901437664,0.3591210562956355,
LMF1,3.7003563539699846,-0.3704816634122552,1.0677631527802032,-0.3469698897621709,0.7286139396793736,
SOX8,3.2452612669929604,0.08983799026359462,1.1794740940873496,0.07616783676212001,0.9392855708772481,
UBE2I,4.202869412809739,0.748642155101076,0.9011504534183865,0.8307626681662402,0.4061077159839178,
GNPTG,1.859404037847525,1.0793459284765035,1.306743947991207,0.8259811955783142,0.4088147589738167,
UNKL,1.7655663664674932,-0.42002740515375975,1.3590066401281053,-0.30906942817745636,0.7572687141987753,
CLCN7,4.911746791758371,0.48884994025768275,0.8320186652614489,0.5875468431998089,0.5568364997200475,
TELO2,3.7192565244725753,2.33550324474287,1.1819999258609761,1.9758911939369834,0.04816710177731075,
MAPK8IP3,5.2945678242071255,0.4353009114980473,0.8560453417256454,0.5085021672106209,0.6111012196269874,
NME3,6.643448729860954,0.208725552125691,0.7446962077335703,0.28028281862872956,0.7792605314713512,
MRPS34,1.6499697694245163,0.0841231328186625,1.3450837202823858,0.0625411872511562,0.9501318634341965,
SPSB3,4.263993468692726,-0.37800058634544587,0.8908510584160271,-0.42431401161216303,0.6713368219854172,
HAGH,2.2834020114392555,-0.6141945928569981,1.1948727394972043,-0.5140251112561558,0.6072344342345611,
NDUFB10,0.9734410770147868,-1.6733679894128666,1.9399810919787635,-0.8625692262320176,0.388374356274234,
SNHG9,3.66898832381329,0.014564260271922919,0.9645302037226902,0.015099848833878774,0.9879525215618239,
TSC2,3.7141999677683386,0.6308883316464757,1.0760101923975753,0.5863218918407499,0.5576592222883417,
PKD1,3.7103661921378834,1.3005498673660076,1.0187585667578694,1.2766026316764338,0.2017425723046148,
SNHG19,3.217013827156332,0.8622413450046787,1.0427245063839217,0.8269119405228684,0.4082869750566519,
PGP,0.9916533704452526,-0.16737297172212678,1.687392327429737,-0.09919031217658314,0.9209871666887209,
RNPS1,2.937300589895519,0.5366809271288353,1.035119220635913,0.5184725743949878,0.6041285903484014,
ABCA3,1.5659866296292269,0.9564255758825344,1.4639856030792682,0.6533025829426468,0.5135612275739729,
AMDHD2,1.4904513721874981,0.3054737120360578,1.3849882243583271,0.2205605121138019,0.825434650592251,
PDPK1,2.4358745345723825,0.8320837330737784,1.149332543354525,0.7239712630473324,0.46908337764529906,
TCEB2,3.579565546053701,0.020672854480257657,1.0116493274733536,0.020434802770925752,0.9836965210448768,
FLYWCH1,1.4597504947950053,-1.3434028393565915,1.57575655057807,-0.8525446642527117,0.3939118602961589,
HCFC1R1,2.263435743170113,-0.10537195900463256,1.2642136219383546,-0.08334980510894281,0.9335733992831055,
ZNF75A,2.5589903889292938,-0.42720538054499047,1.159468562998998,-0.3684493001172983,0.7125382427359208,
DNASE1,3.679512898613927,-0.012855573354207377,0.9361743154647527,-0.01373202953963267,0.9890437699764776,
TRAP1,1.9465597993054613,-0.0009202862447341148,1.358038104188905,-0.0006776586326226542,0.9994593066809185,
ADCY9,1.8256622323070404,0.28309658232057416,1.3223873635042704,0.21407992100769946,0.830484733538241,
NMRAL1,2.0612438164932434,0.4941566310734242,1.22105449272668,0.4046966241203094,0.6857005239596778,
MGRN1,3.5083799961570956,0.2775431240598972,0.9660442093816988,0.2872985742935452,0.7738837142154222,
ANKS3,1.4503573488275183,-0.07729702422126249,1.453112993853808,-0.05319409058222146,0.957577263983324,
ROGDI,1.9851806295440584,0.09156750614396421,1.3415056977407607,0.06825726219290287,0.945580844573426,
GLYR1,3.5942946427971862,0.5924746743660553,0.963268840259125,0.615066790914441,0.5385106123596999,
UBN1,2.114487577783058,0.4774968802496667,1.2025521914609993,0.39706956890540307,0.6913161597196956,
RBFOX1,6.0915844733056135,-0.9422987725458927,0.8210272081724153,-1.1477071200154556,0.2510894909062569,
ABAT,3.3763769178101932,0.23313641824530326,1.028128730509591,0.22675800347467134,0.820611921419671,
PMM2,2.462602786883421,0.6177359613493334,1.1277997794032233,0.5477354869462815,0.5838735415649348,
CARHSP1,3.488949225279479,0.46377142676138283,1.1006001946792463,0.4213804694960482,0.6734772783584142,
USP7,2.5567881467552342,1.2939167679785124,1.147821539068251,1.1272804385853004,0.2596239302672634,
C16orf72,1.6370197633943686,-0.8481761791146755,1.4194383145079992,-0.5975435286236214,0.5501445542992904,
GRIN2A,0.9818891408104905,0.18168672275815687,1.8097148749389118,0.10039521986262605,0.9200305645918114,
TVP23A,1.799349745014796,0.3372974655696063,1.4322517411274005,0.2355015224517038,0.8138194973339387,
DEXI,3.561197946040078,-0.7212033456431053,1.0296386144897027,-0.7004431802516842,0.4836505778277873,
LITAF,3.773473192818384,0.36035594263519644,0.9724396269854331,0.3705689614401065,0.7109586037841729,
TXNDC11,4.782671921822909,1.2902795049572433,0.9334184197569777,1.3823163092208712,0.1668746004285705,
ZC3H7A,2.7456628498841815,0.5390395907318615,1.1192388961824906,0.4816126320934898,0.6300811508871429,
RSL1D1,1.576188668263608,0.32432027274736774,1.3500074934051998,0.24023590560176558,0.8101473799214587,
RP11-166B2.8,2.4096430970977454,0.42993689570772264,1.1673352721928942,0.3683062663737265,0.7126448805441301,
GSPT1,2.8097151141786085,-0.09348149511017588,1.0896073125056869,-0.0857937479285116,0.9316303765849122,
CPPED1,3.340522990603486,1.1872880828242531,1.0336002250030087,1.1486917805390349,0.2506830963069522,
ERCC4,1.0698226802642659,-2.0885935475609916,1.8963599323550056,-1.101369793743353,0.27073574639530185,
MKL2,5.413643339839858,0.7707812471129416,0.7938761467230055,0.9709086868204869,0.3315937519809824,
PARN,4.363418890541889,-0.8397424326374769,0.9594680122382775,-0.8752167054308555,0.3814560052929934,
NPIPA1,1.7407148932617005,-0.18934986383138966,1.4176057515536054,-0.1335701859447694,0.8937424610579153,
C16orf45,1.2739621589703682,0.7181205866465343,1.5013407760901332,0.47831951152136154,0.6324228111736996,
KIAA0430,1.3299080491644795,-1.1124666872219349,1.6776267803754534,-0.6631192946103092,0.5072541542259558,
NDE1,1.8308403979959156,-1.007083870330415,1.3900299336423945,-0.7245051678070566,0.46875565566895516,
ABCC1,1.5814834579805144,-0.5896308443171053,1.3692837310117971,-0.43061261224612135,0.6667500690970523,
XYLT1,3.805401836241266,0.5607114995688026,0.9961233424694209,0.5628936454583839,0.5735073075488607,
RPS15A,5.607374867773355,1.8236014081269858,0.8993901687674074,2.0275976672351086,0.04260132729582588,
GDE1,2.402219959088042,0.6981396977545345,1.2051025341377897,0.579319749131579,0.5623734421685391,
CCP110,4.844173241611707,0.741685857583522,0.8816917477800524,0.8412076663425272,0.40023160645041067,
C16orf62,6.3113393065323455,0.25635160140302393,0.8029377727509309,0.31926708407893456,0.7495239906757871,
KNOP1,3.8516131086655094,-0.17568750734097413,0.9430319396313956,-0.18630069667592106,0.8522089611599518,
IQCK,2.027679698871621,-1.3306819043175617,1.5684362427073244,-0.8484131315536501,0.3962079320379175,
THUMPD1,2.611973691783471,0.2208527301195271,1.146567443348986,0.19262079295958617,0.8472559594508667,
ERI2,1.1507975756702946,-0.32021647006819054,1.7300362351396004,-0.1850923486827151,0.8531566027869618,
METTL9,5.041414595834464,-0.6902990194428851,0.8621244284121452,-0.8006953482506847,0.42330803620439106,
NPIPB4,1.9459666837226857,-0.4548538923448788,1.2600272106714436,-0.3609873568543779,0.7181088984957308,
UQCRC2,3.2976885677318104,0.1460223070315354,0.9911119977934635,0.14733179232682925,0.8828701396368311,
C16orf52,5.443357974001475,0.9189539987180753,0.8569500014121868,1.0723542764498637,0.2835609366986295,
EEF2K,1.8976241725539518,0.8869926898506814,1.2854785107037994,0.6900097375918427,0.49018806375491397,
POLR3E,1.286366621220952,-0.3102465129059039,1.5726662796532695,-0.19727421953391466,0.8436129527397764,
CDR2,3.5168605622693874,0.36748108810466973,0.9527047165318301,0.38572401472139883,0.6997010754620749,
NPIPB5,3.742411278146653,0.5021642936272516,0.9680189982248739,0.5187545849287115,0.6039318916621753,
USP31,2.1096350566051396,1.5147611458021741,1.2735321187750563,1.189417309128523,0.23427549285506122,
COG7,2.719472985416362,0.18825253056056096,1.0586704864315042,0.17781975881382128,0.8588645293567546,
GGA2,5.47061123983887,-1.321817646226627,0.8707501138163054,-1.518021789780069,0.12900890568358622,
DCTN5,1.8870123676971708,0.6009457346826403,1.2775188537548539,0.4704006777797091,0.6380687800252023,
RBBP6,5.653207826001133,0.3209932182945548,0.7987568890799387,0.4018659778500266,0.6877826625076098,
CTD-2515A14.1,1.235660793004191,-1.442371363441402,1.6776301861101892,-0.8597671735901066,0.38991739776633283,
SLC5A11,3.354249798931665,0.8010577575484975,1.0760662466607689,0.7444316370245111,0.45661538513364763,
LCMT1,1.8339654478553504,-0.25472205590912417,1.2943737368588386,-0.19679173692698582,0.8439905176543686,
NSMCE1,1.6446202519680533,-0.4968381910555838,1.3799864232568344,-0.36003121674416316,0.7188237891517785,
GTF3C1,1.6006083312661754,-0.9842554626369957,1.4364261507506186,-0.6852113226445113,0.4932105799603551,
KIAA0556,2.7016348839978725,-0.4447182510175472,1.090158435443175,-0.4079391000049995,0.6833183860186302,
XPO6,6.14256395283273,-0.07128957492540663,0.7715920704842876,-0.09239282990643222,0.9263859359686628,
NUPR1,2.8387817491051557,1.5781794854974884,1.2086777109845241,1.305707444718235,0.19165206530119072,
SGF29,1.3348479818406853,1.1752620854928815,1.4875241372590662,0.790079337911408,0.4294814358393453,
SULT1A1,1.358306336044895,-2.422689318119297,1.799427085104501,-1.346367039917375,0.17818417511605256,
ATXN2L,2.703205353563437,1.7198757043892798,1.1939021535249563,1.4405499640916168,0.14971186486959673,
TUFM,3.941300804400106,-0.5300710669381163,0.9411458598985736,-0.5632188266707582,0.5732858845076567,
SH2B1,2.9172927486195572,1.0908369177938382,1.062536242749563,1.0266350209109485,0.3045923569823107,
NFATC2IP,2.5758035645617827,-0.7542357684551894,1.1187760292893127,-0.6741615378855654,0.500208619453353,
SPNS1,1.6397350470314038,-0.8869231193494536,1.4027739178664262,-0.6322637654244634,0.5272145365031186,
RP11-426C22.5,5.141175565282459,-0.7229819977538562,0.9262618744596897,-0.7805373595621526,0.43507464621959735,
MVP,2.3497214734774787,0.96929538982565,1.176720245199626,0.8237262796997368,0.41009510375665326,
KCTD13,1.6237959501411279,0.5621325361510451,1.3244828279486043,0.4244166283542472,0.6712619958833499,
TMEM219,5.316933201627728,1.2471333814103294,0.8331472118336255,1.4968943827653047,0.13442074207592966,
TAOK2,1.5947945012898996,-2.258861394235557,1.7538075018884578,-1.287975671106019,0.19775443222092526,
INO80E,2.2170796224984746,0.15046712278483926,1.2820488568224224,0.11736457778822432,0.9065711528666806,
ALDOA,4.959763658416148,0.07046805272211647,0.8557155836297103,0.08234985323419068,0.9343685118605345,
PPP4C,2.3577377270699573,1.2370688633982025,1.186673604958774,1.0424676661120977,0.2971949087980603,
YPEL3,5.053413932844161,-0.5206095662526571,0.9695998600199851,-0.5369323859451944,0.5913143193782242,
MAPK3,2.035422145241006,0.8911209532258251,1.278741571017077,0.6968733741228506,0.4858820420459692,
CORO1A,6.548289726243113,0.6326506136461089,0.8482449614045026,0.7458348029543046,0.4557672133468378,
RP11-347C12.1,2.392353429910512,0.6979098837140914,1.1951441197226982,0.5839545810391663,0.5592508699485408,
ITGAL,5.194519892803299,0.709891949953509,0.8203962633810971,0.8653037338661601,0.3868721019794231,
PRR14,1.1507975756702946,-0.32021647006819054,1.7300362351396004,-0.1850923486827151,0.8531566027869618,
FBRS,1.3055756162180563,0.9684606964096255,1.5278073261699492,0.6338892868366155,0.5261530776157195,
PHKG2,2.0753061342782733,-0.6602861492821085,1.2448867394151688,-0.53039857231695,0.5958356156691502,
BCL7C,2.348292961707615,0.11505411145798032,1.1849507713953176,0.09709611085572813,0.9226500693574702,
MIR762HG,1.1734305800754534,-1.9949721099908058,1.8399609157723207,-1.084247003775849,0.2782552960108743,
STX4,2.9528301020055374,0.5551747802970237,1.0393293107587709,0.5341663845617073,0.5932264240951577,
C16orf58,1.4303555063479514,-0.5147596047596543,1.5299628887194812,-0.3364523470177031,0.7365297806096276,
ZNF720,2.8003515800760166,0.10035059972761774,1.1180334944293557,0.08975634471383766,0.9284808399783611,
VPS35,4.817125343586106,0.5158373795332483,0.8484072162491276,0.6080068269737311,0.543182946005233,
C16orf87,1.5909282233428568,0.6747252563577355,1.4095281473499808,0.4786887424889456,0.6321600756481778,
NETO2,1.4565869438225885,0.17168571753328005,1.4852087210311367,0.11559703030432229,0.90797191660259,
SIAH1,2.563405101107593,-0.9252960575180122,1.136200614568578,-0.8143773605239183,0.41542880410802807,
N4BP1,6.6135641315772835,-0.8997772492040922,0.8596486691717267,-1.0466802095686711,0.2952470943061547,
ZNF423,1.3676609808994005,-1.0251578397284515,1.5882235479795013,-0.6454745246867999,0.5186197221043519,
HEATR3,1.4873203235316692,0.5798141053083061,1.4375393445182918,0.40333790342454756,0.686699661532223,
PAPD5,4.053905202238254,0.587083115285394,0.9035378050278374,0.6497604328435448,0.5158469807990209,
BRD7,2.390395419545516,-0.5406158643127504,1.2351971030845181,-0.43767578709724264,0.6616213239761095,
NKD1,1.2187868908357518,-1.2015365489341068,1.6130917554586146,-0.7448655942032886,0.45635297629868954,
CYLD,3.493250022439296,-1.6402553134358369,1.0867946569924531,-1.5092596406160164,0.13123244426707983,
SALL1,2.578934613217612,-1.0612765296496254,1.1572553743248535,-0.9170633839300832,0.3591094269865963,
RBL2,3.6875291522064053,0.04429622419550329,0.9478944961542034,0.04673117564794593,0.9627274829068698,
GNAO1,3.0763009948452926,-0.8190143452059216,1.0897631201584659,-0.7515526356652867,0.45232013594213605,
AMFR,2.351049818351468,0.01829254003197086,1.3439856618479042,0.01361066605935338,0.989140594974581,
NUDT21,1.9594225752794643,0.3224323002443845,1.2512819847359127,0.25768156512893053,0.7966526746531821,
BBS2,3.4463110886079082,-0.002113028251755691,1.0389364458897006,-0.002033837834946857,0.9983772333110806,
MT1E,2.450475240200632,-1.1141422650849937,1.2833011995334576,-0.8681845427168919,0.38529331476518114,
MT1M,0.8266953352439348,-0.9244687163487607,1.9560527058080242,-0.4726195330032647,0.6364846442666146,
MT1G,1.9931156518767865,-1.7086866293392484,1.4771926073645154,-1.1567121449299325,0.2473899860762524,
NUP93,2.6753709442066476,-0.2787162151211342,1.1550047585480419,-0.24131174617107964,0.8093135077289109,
NLRC5,3.5796392094293807,0.9881710520876456,1.031952865998148,0.9575738240058524,0.3382777037683359,
FAM192A,2.8064038245071052,-0.16084525432933938,1.167704875256957,-0.13774478272512555,0.8904421252207312,
RSPRY1,1.7241826807886493,0.7861369528258423,1.3549963818069473,0.5801764221521345,0.5617956518617438,
ARL2BP,2.3429981719907085,0.972220178842098,1.1977066666233593,0.8117347977890403,0.4169438225836536,
PLLP,5.3150272226053135,0.3338962386442978,0.9402683877563461,0.3551073746518649,0.7225091520643989,
COQ9,1.7566762155749445,0.8189147754345049,1.290868991765374,0.6343903065752386,0.5258261340745629,
NDRG4,2.23670149206268,1.373865461959163,1.4000862411137074,0.981272025690584,0.326458613999559,
CNOT1,3.825343170077891,0.47993252608396036,0.9277144750931876,0.5173278405899098,0.6049273225313304,
CMTM3,2.6528827880488817,1.55983187912682,1.160664878898969,1.3439123622026963,0.178976727970926,
DYNC1LI2,5.2660500228469855,0.6808300958388885,0.8178539128895782,0.8324593000153686,0.40514974212021015,
NAE1,1.1787800975319163,-1.073672693873212,1.630172155867615,-0.6586253421202491,0.5101363852767138,
FAM96B,3.764995916492936,1.1048500357483073,0.993650960564906,1.1119095936063736,0.26617702341574123,
CBFB,6.078014873701901,0.511165206033024,0.82358492238767,0.6206587713518306,0.5348241616042693,
C16orf70,2.850976177033027,-0.36939423728732396,1.061209988837345,-0.3480877876884951,0.7277742555337581,
HSF4,1.4006188282055085,-0.7074333989863183,1.4778893360015959,-0.47867819447176413,0.6321675807093299,
E2F4,1.1690158678971543,-0.6606094816220153,1.6520975268129323,-0.3998610680668468,0.6892588485874571,
TMEM208,1.6459646420264737,-0.5479926395256565,1.362642956995367,-0.40215423762507996,0.6875705186429548,
ATP6V0D1,1.5854885853785567,0.011039301084872024,1.3797771897653226,0.008000785320091882,0.9936163650243487,
RP11-297D21.4,2.6118023400158834,-1.2014657964974162,1.21666040461653,-0.9875112167195885,0.3233920868600798,
FAM65A,2.570915469173441,-0.981174123977844,1.235157951099332,-0.7943713782553609,0.4269792615314031,
CTCF,3.608853956860761,0.6585676774586331,0.9778286255343048,0.6735001003869965,0.5006291849161154,
RANBP10,2.3168568550239086,0.596794442000897,1.2461708431682363,0.4789025880942781,0.632007929693911,
CENPT,2.3051611185443446,-0.4804017805317852,1.2825671916766768,-0.37456266123864024,0.7079857466090587,
DUS2,1.6824633042108115,0.10380851212201625,1.3478825221210529,0.07701599391515312,0.9386108214538172,
PLA2G15,2.498098567262583,0.1131455180129809,1.1086112328918645,0.10206059135611993,0.918708581163146,
SLC7A6,5.7629741359356785,0.5765356210911119,0.7804921751970614,0.738682128293658,0.4601000404533001,
SLC7A6OS,2.868675429000517,-1.4912184371668393,1.1838684255685665,-1.2596150086954674,0.20780827858870599,
PRMT7,1.8011849511132239,0.4687471191658768,1.4012842869681708,0.3345125065093405,0.7379928550992191,
ZFP90,1.578855404399624,-0.020110442365019764,1.4164261667141342,-0.014198016696961016,0.98867200227466,
TANGO6,4.3387033763354035,0.4522696436114992,0.8927767661373198,0.5065876048368564,0.6124442072470418,
CHTF8,2.007636283385236,-1.853184455580461,1.491349586016095,-1.2426224360519997,0.21400699825239156,
CYB5B,2.862404442440772,-0.22263623730177348,1.15937334562616,-0.19203152991371475,0.8477175077192087,
WWP2,3.9950442709780147,-0.9459124075426549,0.9476827417289182,-0.9981319337070192,0.318215386969531,
PDPR,3.470736519901287,1.3809203426303445,1.0654778061336723,1.2960573506841282,0.194955727092478,
ST3GAL2,2.7297402101260624,0.229022897778292,1.1137740463621095,0.2056277918544999,0.8370816666548483,
COG4,1.4873203235316692,0.5798141053083061,1.4375393445182918,0.40333790342454756,0.686699661532223,
SF3B3,2.4278642797762977,-0.09675214258178291,1.189367622076485,-0.08134755040066245,0.9351655595122338,
VAC14,1.9185092009168272,0.36773760798327615,1.3168163784689986,0.279262632206039,0.7800432810918394,
HYDIN,1.4944564995855405,1.055142813424652,1.423061159577758,0.7414599199220133,0.45841462486167783,
CMTR2,2.7344507735082804,-1.633962556009094,1.178117639866714,-1.3869264840088058,0.16546418114440808,
PHLPP2,1.099185166394732,-1.3795837902206298,1.761677321386504,-0.7831081058220397,0.43356363157099675,
AP1G1,5.965684921429773,0.09475683620424909,0.8186925438276448,0.11574166262859939,0.9078572861182802,
ZNF821,2.0834125083785886,-0.40862616306441085,1.231518825939439,-0.33180667193836744,0.7400352459635522,
LINC01572,2.171313545515776,-0.8004906739107589,1.21048595112358,-0.6612969552994307,0.5084218936698747,
AC004158.3,1.806863003532336,0.13884066578288837,1.3663421547427899,0.10161485928026917,0.9190623845033903,
PSMD7,2.0807784560013043,1.1845952164460745,1.2493948524309662,0.9481351825175123,0.3430606394296122,
FA2H,2.693154317885581,-0.5352638680299785,1.0829344419261628,-0.494271718865946,0.621114295399102,
WDR59,2.3758140615011167,-0.5797699429867803,1.16243143912218,-0.4987562478735078,0.6179511135885234,
CFDP1,5.160287271222807,0.31758841273112237,0.8310713210307336,0.3821433909393412,0.702355008417401,
GABARAPL2,3.0610909470076937,-1.9386577005541632,1.1834493325306272,-1.6381416992383082,0.1013921380605593,
KARS,1.384625003575677,-0.7304475712734484,1.4932919688662016,-0.4891525478624577,0.6247337013881795,
TERF2IP,5.736013623878958,-0.6207051546696261,0.8280148023038708,-0.7496305053274098,0.453477272940205,
RP11-150D5.2,3.6895743926275464,1.3955934733658177,1.0679201404115304,1.3068331802675959,0.1912693736630119,
CNTNAP4,2.6481750895889515,-0.9577909765728407,1.1492880527418008,-0.8333776500050489,0.4046317755966061,
ADAMTS18,1.2272896823710118,2.3396932838876574,1.8340158390690868,1.2757214163838646,0.20205401516291066,
CMC2,2.4833458574505958,-1.2322092562050904,1.2589844424178762,-0.9787327108178047,0.3277120650973765,
GAN,2.3130839618421413,-1.7039628911491769,1.2906925945784065,-1.32019266113924,0.18677070160463805,
MPHOSPH6,2.7910903455161926,0.49846253289728537,1.0961481650098566,0.45474010613592847,0.6492962238724194,
CDH13,1.0961413477950475,-0.2772623148880933,1.5985041212522573,-0.1734511104487412,0.8622968535407852,
HSBP1,3.093310856013039,0.9750259798033224,1.0371197214705037,0.9401286655901786,0.3471515666074375,
MBTPS1,2.8780625761716103,-1.713608240965617,1.1961888434874226,-1.4325566153665894,0.15198458767966988,
TAF1C,1.2294859257486772,0.1018945471760801,1.5047005736211652,0.06771749075024533,0.946010525666369,
COTL1,6.548933603293695,-0.48582067727550216,0.8293944898689344,-0.5857534420710636,0.5580412149959462,
USP10,4.064938770910223,0.1819542969113787,0.967550590389219,0.188056623311225,0.8508322639383752,
ZDHHC7,1.9100286348045354,0.21019121366756635,1.2776102484812688,0.16451904163842343,0.8693225579209002,
EMC8,1.1698899466393675,0.6127005993735303,1.616772912402064,0.37896515625266863,0.7047137386153588,
COX4I1,6.2224812386940265,-0.5161606021259577,0.7714508329362992,-0.6690777689115263,0.5034458703707189,
MAP1LC3B,1.6218644432963263,-0.8828690969055566,1.446864721795236,-0.6101946392127892,0.5417328804914943,
ZCCHC14,1.1383118821599603,-1.2044250878173206,1.7465661436979991,-0.6895960351476842,0.49044826142561715,
KLHDC4,1.4663511734573502,-0.0614379971106842,1.4344696521247908,-0.04282976431023125,0.9658372372642618,
SLC7A5,2.6213859548292247,1.7095063976741878,1.1613204857465995,1.472036719110458,0.14101096219707135,
BANP,3.7530971583268404,0.2902794933951037,1.0027711221544395,0.28947731639044644,0.772216136084229,
ZC3H18,1.3779858238003497,0.6106906836902127,1.4917305635293077,0.4093840393303805,0.6822578507331585,
MVD,2.137530348410617,0.36174402844742215,1.2205825381222788,0.2963699849449939,0.7669475447727025,
PIEZO1,2.833331652805093,1.3820148566075656,1.1206446824885024,1.23323197638226,0.21748922850223418,
CHMP1A,2.1811651866488257,1.4563914185565427,1.3151045890545514,1.1074339110956677,0.26810637117637914,
CDK10,3.3125153528672033,0.6821519017873694,1.0031118956578833,0.6800357016402296,0.4964818554093644,
VPS9D1,2.8905704951049134,0.5533021771521358,1.131449918011061,0.4890204757138235,0.6248272007108986,
ZNF276,2.540681976194597,-0.40341971964863355,1.1646933759340825,-0.34637418567362543,0.7290615226507923,
DEF8,1.8335011353355375,-0.36580404761410334,1.3877596032127935,-0.26359323817124575,0.7920933694664432,
FAM157C,5.555703608573747,0.11191953143968181,0.8058398069755862,0.13888558305369558,0.8895405636062468,
GLOD4,1.7566762155749445,0.8189147754345049,1.290868991765374,0.6343903065752386,0.5258261340745629,
NXN,3.4981839563191084,-0.03256227269062176,0.974434551996234,-0.03341658259542874,0.9733423860486637,
YWHAE,4.0974100802735505,-0.7902371617057348,0.9683102979488795,-0.8160990989971422,0.4144434592201176,
CRK,2.906680943762776,0.8945389419869499,1.0845680467034544,0.8247882138017083,0.4094918392348166,
PITPNA,3.489796619059355,-0.4712109147103843,1.0372288560428873,-0.45429792274396635,0.649614410975306,
SLC43A2,2.859163782393093,0.7909037887508565,1.0671174977063924,0.7411590480437108,0.458597010491522,
PRPF8,3.354153498185291,0.101288029433121,0.9725189065469815,0.10415019055285366,0.9170501610962485,
SMYD4,2.8370944740694175,-2.7760919488213456,1.3880774363474035,-1.9999546683262663,0.04550515912001913,
RPA1,2.691400343046903,0.48707809465764834,1.155935071867994,0.42137149958650266,0.6734838273126554,
SGSM2,3.104364747966665,-0.17352069671277393,1.0743201285257624,-0.16151675101804894,0.8716864191638514,
METTL16,5.395431046409391,0.5097573188058852,0.7997353460889765,0.6374075139967252,0.5238594352411299,
RAP1GAP2,3.919515193774823,-0.6972236173793901,0.9874148193363576,-0.7061101410732268,0.48011964566775045,
ASPA,1.2521545043642603,0.1002008441549259,1.652335316726939,0.06064195514104893,0.9516443596193616,
CTNS,1.9379891126853324,-0.4514253782746066,1.3680634350029601,-0.3299740105060478,0.7414195998996984,
ITGAE,2.5434388328384503,-0.5527133652975431,1.2137183270257847,-0.45538849747121024,0.6488297689899623,
NCBP3,2.8364466562764914,0.7224973181859619,1.088598605986654,0.6636948772602228,0.5068856187453952,
CAMKK1,1.457957837401203,0.2887734268180145,1.4212247020761637,0.2031863268321796,0.8389893995373234,
ZZEF1,4.8010574436328675,0.8087104174233913,0.846415130307683,0.9554536402597322,0.3393483389811518,
CYB5D2,1.18099856633255,0.03973920000539764,1.564819694881172,0.02539538589359033,0.9797395914460513,
ANKFY1,3.9684610483565126,0.8194915577779273,0.9565504962238621,0.8567154175477435,0.39160218057903284,
UBE2G1,2.8358949322583897,-1.1259364635749225,1.1181570301761483,-1.0069573710926352,0.3139552601164376,
SPNS2,5.4346700825760195,-0.6739023515702282,0.8818758675647076,-0.7641691720527556,0.44476643514703074,
MED11,2.7047274315407193,0.6694326608445366,1.1088039047447944,0.603743058605674,0.5460144819680792,
PSMB6,2.0464495336744384,-1.0038697355315176,1.2721660337226275,-0.789102765614628,0.4300519456707399,
MINK1,2.504273434518096,-0.6073668194667445,1.121712910873463,-0.5414636967972456,0.5881880135979684,
SLC25A11,2.7363793899013893,-0.563761458009788,1.121539629193858,-0.502667443338591,0.6151981030162929,
RNF167,3.287396227147449,-1.1719092445631751,1.140495465678093,-1.0275439752550044,0.3041643895512368,
SPAG7,1.933126133171651,1.3279088209212504,1.3217994996341762,1.0046219727642243,0.31507891277919176,
CAMTA2,1.7936391902790954,1.6446312588397192,1.3268950398778678,1.239458442011432,0.21517576993499699,
ZNF594,1.481006606825156,-1.1423726044930982,1.5104683666846996,-0.7563035609944428,0.4494672135834471,
RP11-333E1.1,1.6597074955390838,-0.40861920855569117,1.406212077952731,-0.2905814954673051,0.7713714141564403,
NUP88,2.6834713195105695,0.7307256248283154,1.07376887211145,0.6805241274981484,0.49617264995836907,
RPAIN,2.4363448458885895,-0.0034597635335790484,1.2085924698918853,-0.002862638664204603,0.9977159479261946,
NLRP1,6.461270799169178,-1.2346767582234734,0.9245568991076231,-1.3354253907089724,0.18173715918724298,
KIAA0753,1.9086842447461152,0.35973554676612757,1.2499644140550752,0.2877966306249396,0.7735024166766876,
MED31,2.0414742082299515,-1.6804035167044207,1.4147217905848704,-1.187797860955908,0.2349130573451642,
XAF1,6.486181303741158,0.2352823015134561,0.7422247855800645,0.31699601803189303,0.7512466237163298,
ALOX12-AS1,2.053962792191978,-1.081481302966266,1.260234136584506,-0.8581590290017879,0.39080465609471116,
DLG4,2.1443795625086564,1.5819836442744755,1.3217870310980846,1.1968521456593733,0.23136418918544532,
GABARAP,3.1738759851966676,1.1401790872348465,1.019871147258147,1.1179638626900457,0.26358242767236517,
EIF5A,3.844735695877514,2.3248047931033033,1.0419608367736855,2.2311825080698813,0.025669042153952396,
ZBTB4,2.308198938347635,-0.1927679615976008,1.2088776340949874,-0.15946027634295207,0.8733062526995413,
POLR2A,1.116230420330759,0.9295131007037035,1.7500719254710446,0.5311285137343817,0.5953297263325819,
EIF4A1,4.101509593664081,0.9270191102640174,0.972514078575269,0.9532192188128509,0.3404790107621277,
MPDU1,1.9767547911713228,1.2384817884709303,1.2645910308455388,0.9793536078164724,0.3274052911657366,
SAT2,4.973338050612863,-0.5977199182355031,0.8559772832866053,-0.6982894638751408,0.48499618699042835,
ATP1B2,1.18495496478743,-3.261875926719379,2.258114239121888,-1.4445132448160918,0.14859465678905548,
NAA38,1.2027930662059196,-1.2098405029321857,1.644535624612804,-0.7356730281942268,0.4619297077549357,
CHD3,1.0476539883789202,-0.3161524860474859,1.658768850166956,-0.1905946606217406,0.8488431737167039,
TRAPPC1,0.8667021285477702,-1.0598734037398005,1.9670928430170092,-0.5388019215779517,0.5900235375778446,
PER1,2.651019357731092,0.7380763686170114,1.209993447743357,0.6099837730473062,0.5418725568291052,
RANGRF,1.9402561289869853,0.5724090079085679,1.303856425229941,0.4390122998455301,0.66065262402971,
TMEM220,1.8152147665816658,-0.11368244878184451,1.3990336410171802,-0.08125783787385601,0.9352369035655035,
SHISA6,1.6295065048768285,-0.729158307119051,1.4344573547466395,-0.508316475708571,0.6112314174921208,
COX10,1.9708181569284786,-0.6088059425987843,1.2806004481001538,-0.47540662936826533,0.634497170197736,
PMP22,4.085412493793673,0.14141813593364866,0.9677552930146178,0.14613005679681934,0.8838187192031242,
TRIM16,1.9220985632960756,1.192317219862728,1.3138989221866804,0.9074649501031573,0.36416097629627653,
ZSWIM7,2.2628973553268934,0.7151521358647926,1.2499001203765947,0.5721674269855398,0.5672085525700712,
TTC19,5.981133383722185,0.2989939778567291,0.8183204922389817,0.36537515642393453,0.7148313835301507,
PIGL,2.5847159408772993,0.0023459430741031902,1.1215231672397035,0.0020917473152846527,0.9983310283291053,
RP11-219A15.1,2.739062171221837,0.035687718602062476,1.0862439414472254,0.032854239494781425,0.9737908246702344,
RAI1,1.5797294831418371,1.0821108736246332,1.4716440807724658,0.735307461744849,0.46215226486904337,
SREBF1,2.978916509790638,-1.3075060541843875,1.0974460477093975,-1.191408048635675,0.23349343477925288,
TOM1L2,4.9629037777622065,0.2586617676218096,0.8487620671139265,0.3047517998787878,0.7605551943454527,
FLII,3.2102518431144365,0.514110395547503,1.0085706565513433,0.5097415755733236,0.6102325216800751,
SHMT1,1.273907431230812,-1.0134294877839751,1.6952886627048112,-0.5977916977083191,0.5499789310436376,
PRPSAP2,2.12212963936356,0.7929027551054021,1.2362400637173898,0.641382510061301,0.521274193486962,
EPN2,4.759979886051562,-0.6392306877312328,0.864219662005315,-0.7396622824433049,0.4595049397089458,
SLC47A1,5.864799499333945,1.433201794585497,0.8721984325980666,1.6432061111556207,0.10034029591893032,
CCDC144NL-AS1,1.8842007833137615,-0.5210828505515032,1.3756852059363291,-0.37878058752317534,0.7048508040218173,
USP22,3.5776916574001483,-0.14646025119162448,0.9607288727144074,-0.15244701741691302,0.8788343758707258,
DHRS7B,2.0984065230970814,0.06957851106831288,1.2781119136221,0.054438512251349845,0.9565857959922991,
KSR1,2.5603065547683523,-1.5343262798569866,1.2767027731385436,-1.201788162553389,0.22944561291423338,
IFT20,3.4551113004347633,0.6400035013432183,1.1728006999539176,0.5457052518542714,0.5852685612704738,
SARM1,1.4278115744785034,1.908764566064199,1.546349439725299,1.2343681945545768,0.2170657350792048,
RP11-192H23.4,1.7566762155749445,0.8189147754345049,1.290868991765374,0.6343903065752386,0.5258261340745629,
KIAA0100,2.2337151102121013,0.6785664679916934,1.1723670320895112,0.5788003666243356,0.562723883737342,
SDF2,2.565997761920203,-0.48984219752540437,1.159544698850477,-0.42244356600570293,0.6727012842736726,
SUPT6H,3.2017712770021443,0.3923531376152415,0.9767854485270124,0.4016779101356475,0.6879210835925587,
RAB34,1.4107988228590649,-1.9856807465047484,1.805331586685589,-1.0998980803023906,0.27137653123805827,
FAM222B,3.3035764730314923,-0.11653332104731047,1.0227198835659894,-0.11394451493500404,0.9092817775221389,
FLOT2,3.046345237219313,1.3109403166728228,1.0438475844827222,1.255873305797281,0.2091619082634264,
PHF12,1.7917978039421305,0.18837605460809886,1.269354663011193,0.1484030114650769,0.8820247235837361,
MYO18A,1.0929555713996622,-1.9779979537962082,1.9511903982363936,-1.0137390772238553,0.3107072724264692,
GIT1,3.552511830673849,1.8848430913401928,1.08866765017717,1.7313301180883376,0.0833929026347528,
RP11-82O19.1,1.040966079660431,-3.095985419764074,2.3315387459693024,-1.3278721724510585,0.18422033914186264,
NSRP1,5.2727499291582625,0.3297016577513941,0.8774912526487662,0.375732130384397,0.7071160486156671,
BLMH,1.2591678761515632,-1.5417367289006765,1.6726815691251729,-0.9217156196125352,0.3566769310227319,
CPD,2.139700088268088,-0.9747839949989854,1.2831575948583027,-0.7596759734774663,0.44744829389488705,
GOSR1,3.3947046781287398,-1.1350445569810956,1.1225421118891448,-1.0111376178760103,0.3119505679392076,
ATAD5,1.296130850855714,-0.6247249889232371,1.5069544960767203,-0.41456128273924464,0.6784630961604592,
TEFM,5.042376086074966,0.6080844086006141,0.842045694327712,0.7221513187429902,0.47020144952403375,
OMG,2.8528500656865803,-0.22373257583602427,1.0757976781074705,-0.20796900791755912,0.8352531663614136,
RAB11FIP4,1.9758261661316965,1.365764275918255,1.3855993994947082,0.9856848064572731,0.3242878074650125,
UTP6,3.489694319516586,-0.5524699532424363,1.0010412479856858,-0.551895293379895,0.5810200932285221,
LRRC37B,2.7621403346176763,-0.819134843023996,1.1471247856405062,-0.7140764921809492,0.4751798812723558,
RHOT1,6.310491731310326,0.0957141787828084,0.7572443818223716,0.12639800450214533,0.8994168816616402,
PSMD11,4.146175512397423,-0.46808185995544516,0.9763750638770529,-0.479407839541452,0.6316485174647948,
MYO1D,5.374120025197541,-0.7489447060435397,0.8923609690523744,-0.8392844734556993,0.4013096939523224,
TMEM98,2.09095845065486,0.7800049592282057,1.3743095487594168,0.5675613328396887,0.5703328692151441,
ASIC2,1.5445204832763635,-1.3147902719122004,1.495103592359653,-0.8793974401714384,0.3791858195892448,
CCL2,2.3289802921347835,-4.342408481524167,2.1641150625166037,-2.0065515723893497,0.04479743219841502,
RFFL,1.9871121363888602,1.727166287013887,1.4193933377422676,1.2168341509628142,0.2236673235735941,
RP11-1094M14.11,1.7633153953502714,-0.2671262298745585,1.3107754596962755,-0.2037925167873186,0.8385156408684888,
AP2B1,4.9524236282781,-0.36692145803338355,0.8803460898086027,-0.4167922846265569,0.6768303462696065,
MYO19,3.054145457692685,0.6719791958401443,1.0454931913161432,0.6427389498292264,0.5203935029151865,
GGNBP2,5.383442167735459,-0.049678600742649626,0.8085768068724347,-0.061439556910871405,0.951009149988611,
AATF,3.1318918465565595,-1.3404156157659852,1.0833319932777805,-1.2373082527641044,0.21597266517868097,
SYNRG,6.194949680564762,-0.029816778031210408,0.8024510715610391,-0.03715712906109861,0.9703597210415352,
DDX52,1.72325387430688,-1.7606066881356113,1.4887512016614703,-1.1826063926401844,0.23696517780822068,
SOCS7,2.2681921450437996,-0.08302423245757977,1.2387234988565063,-0.06702402314497248,0.9465625784944215,
SRCIN1,3.3160561677454328,1.1758687482979369,1.0944368490820648,1.0744052973766107,0.28264106927789756,
MLLT6,5.237467229466245,-0.17940914160794713,0.8559663741437031,-0.2095983522570329,0.8339811657861093,
PSMB3,2.26787268077138,1.240202035317881,1.1894384765003632,1.0426785914702184,0.2970971763521766,
PIP4K2B,2.3949936625263337,0.2724079282737878,1.1545159667194993,0.23594990119350326,0.8134715456555598,
CWC25,1.0846169630830709,0.6098490857533726,1.6257062734107703,0.37512870296913764,0.7075647512552807,
LASP1,2.811466380007736,0.5582186165314371,1.0545004471924166,0.529367832908636,0.5965503080454229,
PLXDC1,1.560227345950364,-0.6856099996213163,1.4257185312318847,-0.4808873452945291,0.6305965672348032,
MED1,2.3469160693326065,0.9954885242702025,1.2638032530624566,0.7876926427099534,0.43087651010797157,
CDK12,4.487803364464053,0.9103795299133971,0.9109538371826951,0.9993695539270419,0.3176157030232245,
STARD3,2.5033032364716523,-0.6858155767898315,1.1549754507412024,-0.5937923410837098,0.5526510122761986,
MIEN1,3.205808906716775,0.28211105351967153,1.0643751625383666,0.2650485124501414,0.7909720902473925,
PSMD3,1.8113324434501916,0.8400109239582428,1.333694973785693,0.629837361967311,0.5288009982101047,
MSL1,3.0439979653557176,0.45498267794216923,1.082527394694613,0.4202966873374344,0.6742687295832032,
WIPF2,2.527867747721613,-0.38632345609081187,1.1420564668449928,-0.3382700131789947,0.7351597191612258,
KRT10,2.9149930485591735,-0.3948486028189019,1.0504294238167555,-0.37589255771626423,0.7069967735542222,
ACLY,1.4504445788836626,0.49823170633621006,1.397878780474473,0.3564198221587558,0.7215261868674272,
DNAJC7,5.613999878976156,-0.26668686659947644,0.8440858760687723,-0.3159475524475521,0.7520423175150052,
STAT5B,6.072401825915965,0.07982100120037525,0.7936809596631714,0.10057063890539884,0.9198913052618234,
ATP6V0A1,5.239543559029035,-1.3172388585676278,0.8805527946552053,-1.4959226369651282,0.134673816529854,
FAM134C,1.5771012481188034,-0.8830465820683799,1.4576781016248508,-0.6057898387058582,0.5446543181003991,
EZH1,4.365879895981824,-0.11526041894786938,0.9007074243269749,-0.12796654699942556,0.8981754469660501,
COA3,1.5420697802594543,0.004978567915857534,1.498182763823653,0.0033230711473086656,0.997348577716969,
RPL27,5.7146968108422636,1.3424530510182022,0.8103498660006702,1.6566338903017626,0.09759351620287933,
BRCA1,1.493582420843327,-0.012393999826433293,1.4160332925248074,-0.008752618947492836,0.9930165096409175,
NBR1,2.2041812723140475,-0.970471655892682,1.291999695816505,-0.7511392293938375,0.4525688687119689,
DHX8,1.4929893052605518,-0.5120258763585505,1.461363055717276,-0.3503755444996073,0.726056877280477,
DUSP3,2.887178988013446,1.638803112577464,1.165529310210055,1.4060591168506216,0.1597065710656317,
HDAC5,3.522187854302882,-0.5496928693161464,0.9803408460782274,-0.5607160728996933,0.574991108362982,
TMUB2,1.9514063216869857,0.17287719467212959,1.2364651771721629,0.13981565988579273,0.8888056400328357,
SLC25A39,2.5861255170110398,0.2734724049908462,1.1709223971926448,0.23355297126992558,0.8153320414767362,
GRN,6.32365466211488,0.8354149177211839,0.7761593801502774,1.0763445486665815,0.28177319201376216,
EFTUD2,2.3567023429481933,0.6091549129252186,1.1988560230969647,0.5081134858476243,0.6113737581871099,
DCAKD,1.7481956494626527,0.5618588341250675,1.3091354053252398,0.4291831325007058,0.6677899571347452,
NMT1,5.235638997862018,-0.10312012127075955,0.8208341800375484,-0.125628444548986,0.9000260458403654,
AC002117.1,1.9766735599115723,-0.23474015786487634,1.2438082641499655,-0.18872696430048308,0.8503068168918642,
CTD-2020K17.1,2.734183146523724,0.4935993915513924,1.1392688140148512,0.43325981145039744,0.6648260310224802,
MAP3K14,3.8783575876031224,1.203737710178787,0.9354648440355372,1.28678027598123,0.19817088360137702,
PLEKHM1,2.575510603809557,0.5942790482554563,1.2706761368881767,0.4676872658605335,0.6400082488580584,
CRHR1,1.3454435600708923,-3.416891533649811,2.228617638600642,-1.533188768888723,0.12522935069707664,
MAPT,3.3625306076148647,-2.317498625048508,1.1981164422231718,-1.9342849687867234,0.053078100304014705,
LRRC37A,1.538793883356232,-2.1703738814087608,1.7697151892134755,-1.2263972726443921,0.22004921187588666,
LRRC37A2,4.039532683234636,-0.7737511286760272,1.000657368921724,-0.773242822875323,0.4393786871401957,
ARL17A,3.6112232727051823,1.1686347213810224,1.0291806004615993,1.135500145316455,0.2561658210513573,
RP11-156P1.2,1.5094890154170149,-0.5120650713289666,1.3961954389429514,-0.3667574445857287,0.7137999531839483,
NPEPPS,6.578300211608649,0.12794074042758735,0.7799183932891609,0.16404375320348716,0.8696967002561755,
RP11-580I16.2,2.2254638878643926,-0.8179912335418136,1.2835143659014754,-0.6373058652657136,0.5239256312338569,
NFE2L1,2.2358434585048976,1.1762525984573093,1.2010498214343377,0.9793537099506707,0.32740524071842425,
ATP5G1,2.18072580856153,0.7313216963585127,1.2831916222791762,0.5699239954976916,0.5687292491585445,
UBE2Z,2.3039008501973672,0.7793229145791667,1.2352703983474942,0.6308925686406153,0.5281107711954365,
SNF8,1.8825429277793149,-0.0035887315511887873,1.2891789289657736,-0.0027837342595009667,0.997778904281577,
SPOP,5.127349747198356,0.04271167508200771,0.893772148163452,0.04778810256033695,0.9618851185054718,
SLC35B1,1.7305348986081446,0.39288651887766113,1.3520053898324031,0.2905953791547858,0.7713607945451251,
KAT7,2.820772295919079,-0.43523498742254807,1.1111807625556085,-0.3916869352755438,0.6952895444236495,
MRPL27,2.1921925750822577,-0.5044643822597473,1.221792164452778,-0.4128888668112299,0.6796880382591624,
MBTD1,3.9389564229882033,-1.0786672295125488,0.9768254181078897,-1.1042579457053099,0.26948125987094707,
UTP18,1.360524804845529,-1.0806519052654162,1.5485758275732695,-0.6978359638732552,0.48527978510329384,
COX11,1.2431740515217313,-1.548761459084569,1.671036394725677,-0.9268268865794625,0.3540164229048892,
STXBP4,3.1733244426207095,0.7490513219223224,1.0592707104820123,0.707138708273613,0.4794802831386312,
MMD,2.0091520252112436,0.011099886981815039,1.4057813689887046,0.007895884258161786,0.9937000613181948,
PCTP,1.4209948626970519,-0.4249149788956715,1.4718607094327705,-0.288692385205001,0.7728167904379171,
C17orf67,2.2727578857080295,1.845634647086321,1.3407390347739225,1.3765800795063259,0.16864211325415035,
COIL,1.299229397194955,0.08723413430225216,1.529172504336557,0.05704662754193278,0.9545080521841779,
SCPEP1,4.54098542352011,0.2667938477209743,0.8965434337714486,0.2975805049384665,0.7660233556429488,
CUEDC1,3.1363287841578273,-0.37805636781666574,1.0330005015598003,-0.3659788811775132,0.7143808343760338,
VEZF1,1.9820495808882292,0.3655025033271437,1.290195266045034,0.2832923922032015,0.7769527086656105,
DYNLL2,3.2894180359422314,1.4434520828505903,1.0918819317727637,1.3219855012226664,0.1861729789565374,
MKS1,1.729067885725299,1.4249005355455462,1.4689423120339038,0.9700180353390616,0.3320375023952622,
MTMR4,3.3168223302655577,-0.754887201412652,1.0597003154430926,-0.7123591362686449,0.4762424131346987,
SEPT4,6.219467213401381,0.25166007401238777,0.868829830353599,0.28965404411812884,0.7720809172052707,
TEX14,1.905591697203268,-1.2992312999197515,1.3982654082231027,-0.9291735977154705,0.35279912785846,
PPM1E,1.3076552355676905,-1.5277518727073365,1.6554190831104192,-0.9228792203100591,0.35607015065112324,
TRIM37,1.215710569919479,0.9632394703156436,1.5631490666390355,0.6162172827104251,0.5377511233640541,
PTRH2,2.2145326187351912,0.0871056931349815,1.206696667182221,0.07218524381805376,0.9424544882640535,
TUBD1,1.731873289870171,1.3447503352552599,1.3888458552141811,0.9682502418872676,0.33291940847130863,
RPS6KB1,1.2053857270185293,-0.3615338705672731,1.6570654188887668,-0.21817718627531243,0.8272910596348491,
TBC1D3P1-DHX40P1,2.8048657013453915,-0.0828677042686095,1.1882368846735645,-0.06974005380364466,0.94440056105043,
APPBP2,3.670510401790573,-0.7150285375456724,1.038449684382506,-0.6885538589872559,0.4911040659413246,
PPM1D,1.9854735902962843,-1.629164968026101,1.441422128668227,-1.130248339902576,0.25837159590366265,
NACA2,2.5978212534906038,1.3604367023391293,1.2345108304590249,1.1020046716263165,0.27045964064607175,
EFCAB3,2.2266988479731054,3.077955694774418,1.4813912513778646,2.0777466397965862,0.03773270086088791,
TLK2,5.602550545285392,0.13257728878483654,0.8157711315385242,0.16251774996597274,0.8708981516315284,
AC037445.1,1.6321892861972753,0.20291044164721958,1.3312825773114565,0.15241725919451302,0.8788578452449315,
MAP3K3,5.595920254758152,0.016982562510867088,0.8007144797380712,0.02120926115439102,0.9830787266122336,
LIMD2,3.1505330597385584,-0.19874447240464224,1.0853028603978179,-0.18312351294438903,0.8547011070576886,
DDX42,1.9917000769466526,-0.42281563627707197,1.3007677672560625,-0.3250508253052666,0.7451426054041929,
PSMC5,1.2286058482100701,0.33103176358102915,1.5452041947593158,0.21423172723951306,0.8303663556198659,
TEX2,3.0313736038365264,-0.26497085768928863,1.0785950836864018,-0.24566295702338664,0.8059431495499548,
CEP95,2.7482748582806416,-0.47289084581024193,1.0777687673046512,-0.43876837050388434,0.6608293808483896,
LRRC37A3,4.576583321999897,-0.8760005250575835,0.9639453607207145,-0.9087657462271751,0.3634737912216617,
CEP112,1.1871734335880637,-1.4567755262082585,1.6915885415718113,-0.8611878659656997,0.38913458193076267,
PRKCA-AS1,2.1087122489197636,-2.009467784879537,1.4682621035395718,-1.3686029081832656,0.1711234344649325,
PSMD12,1.9708181569284786,-0.6088059425987843,1.2806004481001538,-0.47540662936826533,0.634497170197736,
NOL11,2.1811711854452196,0.28986617847369855,1.3324366877815244,0.2175459300481428,0.8277829169416709,
AMZ2,1.232529744348362,-0.9035796722343491,1.599728668275526,-0.564833080855136,0.572187303911172,
ARSG,2.374114632959852,-0.07862832699140522,1.1513372094047958,-0.06829304772669818,0.9455523583202353,
WIPI1,1.8708471912997513,-1.0854597971351025,1.3799010874145454,-0.7866214520990608,0.4315034975738644,
PRKAR1A,3.465690421532813,-0.03785525768962102,0.970110410526115,-0.039021597210869195,0.968873169641172,
FAM20A,1.9324234061970251,2.5251320132452744,1.4282950787290198,1.767934407148055,0.07707186989834126,
ABCA8,2.275331211549364,-0.05185445374507933,1.2289751609486572,-0.04219324799457493,0.9663446450885956,
ABCA5,1.4979646307050383,0.14194557668531696,1.4154513178163315,0.10028290969717107,0.9201197251760368,
MAP2K6,3.1642952608350186,-1.6300533212798298,1.1418677256691496,-1.427532528187183,0.1534264561039575,
LINC00511,2.6687671571996012,-0.34461927257195524,1.0797122129464525,-0.31917696997380024,0.7495923196569345,
RPL38,6.19703649399272,0.6141749947648795,0.7786366729443279,0.7887825170659444,0.43023912943090437,
SLC9A3R1,1.2841421536239244,0.10002282628269185,1.5309243023869237,0.06533492617939526,0.9479073346690218,
NAT9,1.62408291209696,-0.13550001261552097,1.4829428537393379,-0.09137237640267039,0.9271967103497116,
TMEM104,1.3138788317663668,0.3309189825394239,1.5405206484866247,0.2148098325488281,0.8299155865808623,
ATP5H,2.137652971235042,-0.17837503606629754,1.2479504503059684,-0.14293438976087885,0.8863419983135066,
NT5C,3.9145338695339422,-0.4691304835277344,0.9515274979079814,-0.493028824242242,0.6219922207914761,
HN1,0.9916533704452526,-0.16737297172212678,1.687392327429737,-0.09919031217658314,0.9209871666887209,
GGA3,4.166851701719515,0.7419142331269902,0.9565294704224756,0.7756313381534443,0.4379666914218454,
MRPS7,2.3052512390521813,-0.2618874078826944,1.2156783421904722,-0.21542491857740273,0.8294360438376469,
RP11-16C1.3,4.102227208683187,-0.7186337564490511,1.067661955765278,-0.6730910964547288,0.500889337919493,
TMEM94,2.1771954520190646,-0.3246720691907678,1.2910459918387278,-0.2514798630282449,0.8014431290254032,
MYO15B,4.238813460524283,0.015204132253092171,0.8832044819281162,0.01721473629742023,0.986265306066237,
SAP30BP,2.784683399957142,-0.2309961996602563,1.1694184630141975,-0.19753083003740113,0.8434121578072709,
UNK,3.5679599300819738,-0.5096689269206952,0.9858829202020314,-0.516966991188215,0.6051792014825932,
UNC13D,2.9253575497130555,1.378318069445528,1.1733469075585294,1.1746893101832068,0.2401190376406206,
WBP2,2.443426294202905,-0.862107225130583,1.202805950479801,-0.7167467244293955,0.4735303897523291,
TRIM65,1.063647813008752,-0.29324669683243904,1.6527053424177707,-0.17743434918861187,0.8591672285910583,
ACOX1,1.0645278905473594,-0.555531212020988,1.6760288944297834,-0.33145682265220744,0.740299449898469,
EXOC7,3.0911084323968363,1.0594624502216938,1.0405826749895153,1.0181434648932326,0.3086097820277751,
UBALD2,1.8358969547001527,1.3089495760709042,1.3072894527863461,1.0012698972526857,0.31669634215764975,
PRPSAP1,2.708268064976805,-0.4020313041660325,1.0850791324919016,-0.3705087418304333,0.7110034642614498,
UBE2O,3.37837032094347,0.5458043125131199,1.0628987638137197,0.5135054542304236,0.6075977964895463,
MFSD11,3.419408194742438,-1.5646006397903862,1.0679913439019193,-1.46499374617972,0.14292262399635167,
SEPT9,1.5611014246925772,0.3683879440051267,1.4059754213097515,0.26201592035083443,0.793309168194199,
TNRC6C,2.4873094118418204,-0.6952271507945037,1.1451822593147873,-0.6070886491120536,0.5437920826505884,
TMC6,3.9373770897039573,1.1773572010639821,1.0018155583825126,1.1752235141615204,0.23990530516597097,
AFMID,2.571647434207215,1.6702255659885106,1.1893086120088023,1.4043668305465438,0.16020964278804606,
TMEM235,1.1862933560494564,-1.1976816221734814,1.6784583541054774,-0.7135605237055628,0.4754989753202046,
PGS1,3.2821590556217917,0.1510475336525597,0.9738298475366561,0.1551066996299619,0.876737200567979,
USP36,2.5829397406156542,-0.6369475639758333,1.1714640969648653,-0.5437192361473939,0.5866346931376858,
LGALS3BP,1.6775780992741616,-0.34522530741303664,1.340173355961764,-0.2575975010078369,0.7967175585478357,
ENGASE,4.0881217786343145,0.7688859417270096,1.1181997397924381,0.687610553253868,0.49169806070875954,
TBC1D16,3.3844507895939206,0.8383378663754397,1.0249435303419938,0.8179356633391409,0.4133939249422912,
GAA,2.211233108763467,-1.161528760880059,1.3171404648101166,-0.881856409329516,0.3778544623251624,
RPTOR,5.448599575235849,-0.47314127828628194,0.937773410250566,-0.5045368882445304,0.6138841469124001,
BAIAP2,1.9651816775161841,-0.5070590252215231,1.2873229470265104,-0.39388641862769574,0.6936648978760707,
C17orf89,3.0096204955278316,-1.061652901274046,1.093222593232017,-0.9711223568252118,0.33148735195019063,
SLC38A10,5.826381665252474,-0.5936510450509329,0.7913378210108907,-0.7501866197834147,0.4531423162150604,
RP11-1055B8.3,1.3711691120188982,-1.7091431952951006,1.6315863608029626,-1.0475346180596714,0.2948530745350998,
BAHCC1,1.7553318255165242,1.017166242818111,1.3569470491238955,0.7495990676090405,0.45349621255742223,
NPLOC4,2.482601738911295,1.1534336395788047,1.1559268952671324,0.9978430680188028,0.31835546238434675,
OXLD1,1.1703542591591807,0.6015455403573622,1.5607332851993918,0.3854249448396377,0.6999226041436002,
ARL16,2.2673180663015864,-0.9009320806431668,1.2792871598220381,-0.7042453867578062,0.48127997055975236,
HGS,2.105165616687284,0.8238676983193148,1.2185164693379988,0.6761235642279906,0.49896219674476405,
FAM195B,2.778221570745796,1.1361558029954302,1.147743420176366,0.9899040003390693,0.32222104403306673,
P4HB,3.7882705839818898,0.8782441617947414,0.978744067291345,0.8973174818063162,0.36954953066529495,
ARHGDIA,1.2587936841395873,-1.3084992882727777,1.6302840990874903,-0.8026204076977606,0.4221941691825718,
ANAPC11,2.073226514928639,0.8659313364247659,1.2443998953744515,0.6958625917950588,0.486514886291059,
SIRT7,0.9440460885677325,-0.47401683940822487,1.8129509819262577,-0.2614614758665911,0.793736654282376,
MAFG,2.266582837010372,0.59792078297823,1.1775104457303585,0.5077838461189751,0.6116049396711085,
ASPSCR1,1.809119973445952,-1.4738470016885437,1.5382884163734392,-0.958108366416216,0.3380081170973871,
STRA13,1.4788428657640784,-0.523705535205274,1.5754335324022724,-0.3324199494514445,0.7395721767397567,
DCXR,2.367830310225226,-1.4306557622984268,1.307664134336204,-1.094054447723043,0.27393109915157954,
RFNG,2.430051633905877,-0.17278345341225224,1.2813437570589428,-0.13484551078536539,0.8927340220176673,
DUS1L,1.9904489157407708,-0.9340113780613308,1.2861846926997997,-0.7261876022647802,0.467723771182762,
FASN,1.9918199907615284,1.4324239827563474,1.3776178581541172,1.039783256494414,0.29844060974561903,
CCDC57,2.31635385994897,0.27660633900287435,1.1613468483585783,0.23817719864984657,0.8117436611407219,
CSNK1D,3.354617810705104,0.10013306208101617,1.004036808823955,0.09973046924275981,0.9205583101685313,
HEXDC,2.902765936872571,0.5210810162707405,1.0874348214164116,0.4791836770428404,0.6318079654349149,
C17orf62,5.843781620316464,0.33454036638046253,0.9074744763087567,0.36864989056357705,0.7123887033973518,
NARF,3.8623326483022358,1.007885389216536,1.0174324336687006,0.9906165322273641,0.3218728619339989,
FOXK2,2.9915470515483658,0.06182883052350846,1.0351785051028228,0.059727699347241654,0.9523725102231755,
WDR45B,1.0880349736947317,-0.7037252272211838,1.7426264714352027,-0.4038302176378657,0.6863375740850082,
RAB40B,2.9101952551208115,1.185404197524594,1.1001404665674936,1.0775025858499037,0.28125579616886065,
TBCD,3.8015369459397554,0.8672561869303669,1.0228861799004632,0.8478520914367612,0.39652034833779404,
USP14,2.5262586211303293,2.032199948723689,1.1657498966134432,1.743255525586854,0.08128899027513328,
THOC1,6.131323639624892,0.006693381766530369,0.7874250396091852,0.008500341530734694,0.993217790406844,
COLEC12,2.6966340688729784,0.9903802363468354,1.30445259967677,0.7592305282631515,0.4477146670827262,
ENOSF1,2.377649267599544,-0.468921138524942,1.2082952588324576,-0.3880848948940241,0.6979532097940659,
MYOM1,0.987183930527397,-1.1633176801812184,1.8052182499146425,-0.6444194103600628,0.5193035010807068,
MYL12A,2.7923800078350567,-0.6306554572438529,1.1098162047575433,-0.5682521615204108,0.5698637572551275,
MYL12B,2.8456177703284777,0.18351010534989984,1.112895812794098,0.16489423649566007,0.8690272289137112,
DLGAP1,3.9009492130561814,-0.3085936496759048,1.0844955931706666,-0.2845503952429077,0.7759886195235219,
LINC00667,1.580139067922094,-0.523856192071353,1.4340001285623087,-0.3653111193208593,0.714879179125796,
RP11-793A3.2,1.118310039680393,-2.0795422406199924,1.8816131350598708,-1.105191179776614,0.2690767579338894,
NDUFV2,2.7734264863169833,0.8328352807294772,1.164140795952584,0.7154076926305047,0.47435716047793175,
TWSG1,2.144202030502532,-1.3692899400769345,1.3362644060552604,-1.024714819815614,0.30549776829617215,
RALBP1,1.8775676023348282,-0.6013196453187638,1.3004960682119084,-0.462377134400365,0.6438108937354894,
PPP4R1,2.250875974336372,0.048465700750972694,1.1935670560711047,0.0406057627884842,0.9676101899067524,
APCDD1,2.573079210234518,-1.5071930836291463,1.2479737260703083,-1.20771219148586,0.22715798692646894,
NAPG,3.990203747392884,-1.8306048750792205,1.067847263356539,-1.7142946729339585,0.08647462099995289,
MPPE1,2.928232906996845,-0.4085937194740196,1.1009978144507848,-0.3711121985086229,0.7105539656856217,
AFG3L2,3.4439284239760313,-0.020857932118315794,1.0190831488897472,-0.020467350619073357,0.9836705570495969,
PRELID3A,1.6034139168531907,1.8157512067435264,1.433484989659004,1.2666691453640233,0.20527361699389512,
SPIRE1,3.2794375917462193,-0.36076486396716084,1.0186266308920715,-0.35416790905144285,0.7232130517754438,
PSMG2,2.903842855859173,-0.10636615411842963,1.0558981611725315,-0.10073523946695237,0.9197606365975232,
CEP192,6.447289712643897,-0.3868709386493297,0.7750188446371803,-0.49917617013614757,0.6176552807357754,
GREB1L,2.455873305158114,-0.32511445241463444,1.1384636644978687,-0.2855729722019978,0.7752052067892281,
ESCO1,2.5598644676715074,0.20038128805534403,1.0972450155455526,0.18262219031882684,0.85509447179032,
SNRPD1,1.5592246455873315,0.31890329861035543,1.4473954449287005,0.22032907435746754,0.8256148784015763,
CABLES1,5.3038930495603385,-1.3899511446413606,0.8869621327611116,-1.5670918670613876,0.11709321993776459,
TMEM241,3.9662971258532926,0.07055956223426299,0.9382723714883533,0.07520157725878306,0.9400543294390553,
RIOK3,3.4297788761348564,0.4531274866631857,0.9627606415711852,0.47065435280330997,0.6378875866944107,
C18orf8,2.2455264568799094,-0.2643646799236931,1.1899025552911782,-0.2221733861719467,0.8241789111475746,
TTC39C,1.8611154639815772,-2.0586722486587394,1.5876672714039153,-1.2966647897442212,0.19474654931439972,
ZNF521,1.467673519534946,-0.3996323722077792,1.667140142961345,-0.23971132474676737,0.8105540550028745,
SS18,4.734357790786275,0.5150744755004317,0.8408924700370976,0.6125331048305239,0.5401851020983506,
KCTD1,2.140661397066446,0.13687948203902214,1.211337851287744,0.11299860059149386,0.9100316646749741,
AQP4-AS1,0.9303032350551224,-0.7370668582868996,1.7921707232341992,-0.4112704491438009,0.6808742355753681,
AQP4,3.6625873770506323,-1.1108042773251467,1.0112372206195621,-1.0984606328518864,0.2720033987741737,
CDH2,0.9493408782846391,-1.9893856338005689,2.021053894952936,-0.984330818078899,0.324952881470042,
TRAPPC8,5.755444832233707,0.3213238367742108,0.8014718307112529,0.4009171931707909,0.6884810910654215,
RNF125,3.6692265568259597,-1.7003921582917907,1.0758168747217547,-1.5805591065222637,0.11397888225906991,
RNF138,2.7096865303586326,-1.387152830543026,1.2519639042710757,-1.1079814887719632,0.26786981048407554,
ZNF397,4.809087046012802,0.5173804638644055,0.9183176035759573,0.5634003550075811,0.5731622955049602,
ZSCAN30,1.0720411490648998,-0.7123890745783482,1.7379029661615928,-0.4099130322285837,0.6818697450495221,
ZNF24,4.405796568777823,-0.2671192671880908,0.9392510681307512,-0.2843960217364434,0.7761069073871435,
RPRD1A,6.401265079366873,0.2860947434702047,0.806678393688243,0.3546577492451989,0.7228460070844007,
ELP2,5.526060159283843,-0.13849686826648988,0.8052138641061981,-0.17200010387330314,0.8634374473363637,
RP11-244M2.1,5.259943050676341,0.36408082576799844,0.8924850050541466,0.4079405521730976,0.6833173198634621,
PIK3C3,6.027715739813704,-0.028936290202177348,0.8124255532609064,-0.03561715911819013,0.9715876260047227,
LINC00907,1.1997167452896467,0.9255272906786746,1.6699877559769674,0.5542120218343921,0.5794337518268942,
EPG5,2.996670489497685,-1.563312714444303,1.164067041405365,-1.3429748105890302,0.179280130424201,
ATP5A1,2.390140959906272,-0.8451504661791689,1.2686976155152385,-0.6661559506722489,0.5053114250454978,
C18orf25,2.2464065344185165,-0.4209242297734194,1.2433855500209043,-0.3385307395331582,0.734963266273917,
PIAS2,4.732155367170072,0.5741238584734794,0.9073386227675931,0.6327558907635481,0.5268930653742612,
CTIF,3.4320298472520787,0.4131668338620404,0.982026152071157,0.4207289520657313,0.6739530172936594,
SNHG22,1.1085398112492373,0.10192768957640025,1.6712829376757223,0.06098769231627087,0.9513690109183178,
MAPK4,1.196937663222826,-2.0728754412499835,1.9021320662912031,-1.089764206168764,0.2758170249562424,
ME2,5.016434319565709,-0.7245186564316038,0.8773401105978077,-0.8258127579940767,0.4089103157895815,
SMAD4,3.640270572660454,1.2160270560113395,0.9934412393189386,1.2240553420602878,0.22093135111754958,
RP11-267C16.1,1.0484793381779711,-3.1777121524173397,2.319683675120144,-1.3698902943103894,0.17072114987877218,
DCC,2.7617692509504015,-1.584178130369629,1.3145379837542661,-1.205121609225229,0.22815635882075147,
MBD2,2.8874748392173646,-0.022492093303592524,1.043976848713373,-0.021544628438180814,0.982811203368089,
POLI,2.329216635922973,0.4881088760284121,1.1971246817692298,0.4077343684093425,0.6834687025194771,
TXNL1,1.7451518308629679,1.4853003354767071,1.327468366698174,1.1188969716627677,0.2631840950664056,
NARS,2.279861378003169,0.69646460923384,1.161715717855974,0.5995138040477004,0.5488303076601192,
RP11-35G9.5,4.162043268503247,1.0096599556771986,0.9367269499470416,1.0778594079462325,0.28109650276474474,
ATP8B1,4.7560325947377775,-0.8561478353031803,1.0657329612585382,-0.8033417998934217,0.4217772041918323,
MALT1,4.267159910116836,-0.9907732238109427,0.9429884538687088,-1.0506737593087083,0.29340845185813347,
ZNF532,2.4437973778701796,-0.2371841738444928,1.1620332517428758,-0.20411134835320083,0.8382664863140176,
SEC11C,2.399878867462983,0.6511430726183575,1.2378122559739098,0.5260434847658206,0.5988579940469924,
LMAN1,4.0446377874398936,0.34456669162848874,0.9214421009977722,0.37394285680606404,0.7084468305296345,
PIGN,5.817926215014843,-0.01844326392398096,0.8359945477563551,-0.02206146436418641,0.9823989259712321,
ZCCHC2,2.6828842027241877,-0.3529274388451403,1.1354730789206562,-0.310819732670916,0.7559376676926209,
KDSR,1.6736217008192817,1.5515913053129042,1.3775726256026857,1.1263226899809262,0.2600289570120412,
CDH19,1.0938903766778256,-0.13490200774044742,1.7493586572278692,-0.07711512283834386,0.9385319625400477,
TMX3,3.6403801840523045,0.48016473967855244,0.9816791219802419,0.489125956666945,0.6247525259069212,
CCDC102B,4.415018145084714,-1.1899789333987154,1.021612479738543,-1.164804617209905,0.24409808949555,
DOK6,1.929595776629185,-0.061425377933678554,1.3946653738385029,-0.04404309383878874,0.9648700532603619,
CD226,4.17408684938733,-0.37968405360357105,0.9960362224943697,-0.38119502587238213,0.703058539770504,
FAM69C,1.5317389385621112,0.029103079160227238,1.522240066924926,0.019118587003834623,0.9847465038548577,
CNDP2,3.6213425408227877,0.8623584298548796,0.9705359235183184,0.8885383930238446,0.37425121335962086,
CNDP1,5.555280869060752,0.12464230062277082,0.9003878619612657,0.13843178688711918,0.8898991765473625,
ZADH2,1.770077379392167,0.18883451221478775,1.3817459599403203,0.1366636977342375,0.8912966252483032,
TSHZ1,2.045159871355574,0.352725022378115,1.2118337028447992,0.29106718318700603,0.7709999378420248,
ZNF516,2.059225079592297,-0.9954823569606159,1.3180701082821509,-0.7552575168084453,0.4500944837922797,
ZNF236,3.052752338691102,-0.6698514216758246,1.0341095952375436,-0.6477567027331895,0.5171423233904344,
PQLC1,4.0102514283639215,-0.18746647800753383,0.9415450136251775,-0.19910516788330943,0.8421804787787489,
TXNL4A,2.35685764953135,1.4075627547871596,1.242541183290399,1.1328097400037587,0.2572941603142742,
RBCK1,3.8418693837545486,0.6254864705372523,0.9537942066928132,0.6557876595896557,0.5119607575592104,
TBC1D20,1.4681438308511527,-1.6930782514525762,1.6193721501852558,-1.0455152333321827,0.29578490380129674,
CSNK2A1,2.3810347758946167,-0.46936659583190465,1.2318555476375255,-0.38102405491623126,0.7031853992610639,
PSMF1,3.3299111857467047,1.0485541090685606,1.009548581561262,1.0386366027546459,0.29897377594857855,
RP11-314N13.10,1.3953240384886023,0.4411709296106567,1.4726783759374187,0.2995704539559317,0.7645048239786361,
SDCBP2-AS1,1.637074491133925,0.6688081681657411,1.3740877221224244,0.48672887283549543,0.626450481291442,
NSFL1C,3.0675201179897136,0.1932677278521925,1.0524680809393165,0.18363286388666827,0.8543014798587325,
NOP56,1.6332407155034698,1.936033100076154,1.5115329132333724,1.2808408491315737,0.20024957270954113,
PCED1A,3.099118505750777,0.49164641987857527,1.134630958333692,0.43330954110453895,0.664789907571723,
MRPS26,2.0944665817743586,-0.09037179018708269,1.2624922301094958,-0.07158205653213782,0.9429345202511369,
DDRGK1,2.302488383611935,0.6960163227206347,1.1783660220412444,0.5906622472998235,0.5547467481944477,
ITPA,1.4121432129174856,-1.6103577588776543,1.6428158589426711,-0.9802423991171433,0.3269664800620288,
CDC25B,1.623331637621315,0.5524615836757735,1.3340724120990852,0.41411663914592717,0.6787886875863831,
MAVS,3.262889334088737,-0.5463323122867694,1.0641215602885854,-0.5134115618694975,0.6076634596376828,
PANK2,3.295879683711434,-1.1063328360260314,1.042587804139028,-1.0611411639709754,0.2886257530126498,
RNF24,3.7498494856429794,0.19325808826154572,0.9844024492621047,0.19632020258219537,0.8443595496889277,
RASSF2,4.543755253454559,-0.1296054127700953,0.8981467816075882,-0.14430315336443697,0.8852610883465944,
SLC23A2,4.93005809494476,0.27166385167087903,0.8912315781389658,0.3048184762911528,0.7605044087424144,
TMEM230,1.9092032850054845,1.6530772046224693,1.3078689593630655,1.2639471200750272,0.20624900755989528,
CDS2,4.084554460235891,0.21933582344707594,0.8912792662360893,0.24609101967932068,0.8056117746142053,
C20orf196,4.580962641409916,-0.7032028213735635,0.9248429813301456,-0.7603483354138553,0.44704639675164604,
CRLS1,3.5584764821645067,-1.1775002639296461,1.0275822087753799,-1.1458939770210026,0.25183902366261024,
PLCB1,3.473564535887448,-2.4458719375272766,1.174427107268116,-2.0826085521959055,0.03728691903790865,
SNAP25,2.387802758732906,-0.9705145901149709,1.1843272330390544,-0.8194648936886916,0.412521223601519,
MKKS,2.360281658939405,-0.37232425679928555,1.1925103352363053,-0.31221889303416944,0.7548741747190617,
SLX4IP,5.461108482479534,-0.49777125010373696,0.8309243128803988,-0.599057269582368,0.549134695068799,
BTBD3,3.815518213907179,0.4860151743234967,0.9744978948144295,0.49873393971368923,0.6179668312943368,
TASP1,4.1653520050779385,0.41915276242192795,0.9067290613750504,0.46226902861841085,0.6438884068809969,
NDUFAF5,1.0106910136747693,-1.2780798161624973,1.842990933458903,-0.693481336755039,0.48800753415480447,
SNRPB2,2.6915036182874785,1.5645488640130607,1.1289022173321543,1.3859029063743322,0.1657765532390567,
DSTN,2.4141479297838817,-0.001240461455024143,1.2300584283455622,-0.0010084573435203178,0.9991953675917602,
RRBP1,2.736340888788407,0.7955853553507449,1.0912703879655583,0.7290451240356157,0.46597406052334533,
SNX5,3.9489915949237706,0.8645501285179877,0.9544400861919784,0.9058191719161406,0.36503157168046296,
ZNF133,2.7977782542346823,1.5742558813631247,1.1071874002078088,1.4218513334487473,0.15506941370878374,
SEC23B,1.570839150807145,-0.1343826325257517,1.355878386713236,-0.09911112518837811,0.9210500389588201,
DTD1,1.7201228256510508,-1.2440509656088279,1.3918259597020501,-0.8938265283363039,0.37141471304340157,
SLC24A3,2.6918646555667167,0.47236389279950614,1.0781198097726408,0.4381367344498758,0.6612871667805882,
NAA20,5.70821156092602,-0.5505404480039502,0.8243452078179306,-0.6678518207939236,0.5042281840769026,
KIZ,3.836397062031517,-0.3563636940391371,0.9385436287725074,-0.3796985916416206,0.7041691657246654,
KIZ-AS1,3.0062837161759215,0.4990510530953989,1.0597453313031937,0.47091601949470646,0.6377007077926322,
XRN2,5.2113966854234315,0.49821482919920906,0.817748218216898,0.6092521122033965,0.5423573433805511,
NAPB,1.9833454234456305,-0.045761776296222585,1.323034270467806,-0.03458850410582477,0.9724078684106825,
ACSS1,6.509079226121323,-0.24142148873205554,0.784363243414861,-0.30779296551555035,0.758239874623095,
ENTPD6,2.630547022493174,-0.4417555264510517,1.2002501440143025,-0.3680528835210768,0.7128338021493537,
PYGB,3.0648284474211795,0.6952596592834303,1.0793259317781292,0.6441609886441149,0.5194710451678679,
ZNF337,2.0549241009903363,0.09863274331843078,1.219700392019172,0.08086637010515974,0.935548225113044,
FAM182B,2.242898403299019,0.14797662628597905,1.2017336067814657,0.1231359641196158,0.90199943272461,
HM13,5.190433715587649,0.6926668431983781,0.8329198368043705,0.8316128546726714,0.4056275039059495,
BCL2L1,4.0216437457554965,1.5320475524692383,0.9722936935359693,1.575704504363898,0.11509391890085297,
TM9SF4,3.4750936138883373,0.6289490545305488,1.0192627015160793,0.6170627587912643,0.5371933314107709,
ASXL1,5.850968583367546,0.9449659795754082,0.806269221802966,1.1720228851875194,0.24118786819961902,
NOL4L,3.8539704269171433,1.3828274419841358,0.9480658100061589,1.4585774820580784,0.14468143504877612,
COMMD7,1.6153153840288361,0.3525212044096112,1.3690159367890036,0.2574997083207387,0.79679304044126,
CDK5RAP1,3.4595702820168555,1.2865085912361698,0.9867934651746393,1.3037262979933577,0.19232691960072312,
SNTA1,3.1358940835029094,-1.0219289352212804,1.1434585013596263,-0.8937175542498117,0.3714730306782247,
CBFA2T2,6.553525666035976,-0.48464959015512443,0.819795176824092,-0.5911837540111784,0.5543973068266675,
CHMP4B,2.0006289103943264,-1.7907618184457699,1.4451511265153552,-1.2391519375304187,0.21528923583462467,
RALY,6.255084228959434,0.25778479459928066,0.7575831860409354,0.3402725923029546,0.73365125517893,
EIF2S2,4.7891074289562034,1.3594817549462754,0.9278501296589206,1.465195414097774,0.14286761042209262,
DYNLRB1,4.290896362558196,0.9520069619939425,0.8942434581023148,1.064594829705781,0.28705932054327377,
MAP1LC3A,1.5232643712462133,-1.5413694999763934,1.520507730658451,-1.0137202652096404,0.3107162513539764,
PIGU,3.155070576183426,0.30470510302448944,1.0134428760675163,0.300663323232231,0.7636712392018141,
NCOA6,4.6699151078532966,-0.2394101673069165,0.8563104963879568,-0.27958336177914866,0.7797971736110044,
GGT7,4.084431837411466,0.4974794066667821,0.9386901642791727,0.5299718965829372,0.5961314160299742,
ACSS2,1.8935289246480724,0.22173995557344675,1.2731388953172171,0.17416792181044607,0.8617334948875716,
GSS,1.5233190989857694,0.16824550765297402,1.4118242051812406,0.11916887884166553,0.9051415620046364,
MMP24-AS1,4.7088969753711325,-0.8821805464783741,0.8808746115691152,-1.0014825434767982,0.31659357546025857,
MMP24,5.1146308056319585,-0.6096258700582055,0.9887777713825646,-0.6165448776278539,0.5375349623287164,
UQCC1,2.5780280321588105,-0.9510909321978765,1.211678132930608,-0.7849369451749814,0.432490539286837,
ERGIC3,1.9331586354882389,0.6225372942762375,1.2694946147247717,0.4903819890651561,0.623863619223594,
CPNE1,2.7573425411793147,0.7126004922885408,1.124499425843954,0.6337046297322235,0.5262736029495159,
ROMO1,2.4074246282971115,-0.27164936305997633,1.2374496380066697,-0.2195235706703663,0.8262422208792988,
SCAND1,2.47204466179407,2.5261084432839827,1.2916719568712827,1.9556888495146865,0.050501819067283786,
CNBD2,0.8479839495906735,-2.8840962451176493,2.4788459771912486,-1.1634834401391834,0.24463341305704134,
LINC00657,4.675916928171461,0.9913470400969073,1.0581644293946126,0.9368553814118168,0.34883295314302665,
DLGAP4,1.8179716232255185,-0.27917166908288393,1.2842490652323393,-0.2173812515350188,0.8279112409791283,
NDRG3,2.601561618826377,-0.9703944723155666,1.1761575037047387,-0.8250548665964839,0.4093404418162072,
SOGA1,4.6671936439777255,-0.604276886111044,0.8753742044275243,-0.6903069373699764,0.4900011861382332,
RBL1,1.8509294705316268,-0.17870580695897495,1.2671982783220714,-0.14102434482124118,0.8878507101501554,
MROH8,1.0538835833739901,0.0599721383693456,1.6736881110185278,0.035832326210914756,0.9714160570217935,
RPN2,4.25656744023133,-0.14139529534349005,0.8940192760167385,-0.15815687551332253,0.874333184341556,
BLCAP,3.3373211690236695,0.16311760193244107,1.023328374335246,0.1593990805135275,0.8733544632929205,
CTNNBL1,2.421689412520784,0.6361299852525466,1.159165953542988,0.5487824959905152,0.5831547240628717,
TTI1,1.1650047417027178,0.013042191672451584,1.570066084392638,0.008306778805107943,0.9933722256637358,
RPRD1B,1.9548243322986465,-0.6143290859752614,1.2656104148117084,-0.4854014148316394,0.627391628952298,
KIAA1755,1.024466369503968,-3.089558342179697,2.3218682080180875,-1.3306346723343518,0.1833092480673162,
RALGAPB,4.64777891828454,-0.1714727125089191,0.868150336512092,-0.19751499860938054,0.8434245454333321,
PPP1R16B,2.3305389820005686,0.4659152265663201,1.2926947703213838,0.36042168442476674,0.7185318129507289,
DHX35,3.2996200745766124,0.9768459579927833,0.9823855860891146,0.9943610450165656,0.32004712600776064,
PLCG1,2.946597616558775,0.690827114703399,1.1146845776595051,0.619751209040609,0.535421595556556,
ZHX3,5.046247963483251,-1.0785387146149161,0.8885519909542888,-1.2138161025969734,0.2248179558910257,
PTPRT,1.4005315981493645,-1.1757749397486497,1.5506237771600815,-0.7582593257418277,0.44829575189056825,
SRSF6,3.8270142184870557,2.0374852317288084,1.0887923680135547,1.8713257840391502,0.06129993879253329,
OSER1,1.6917692201221541,-2.245478909170657,1.796430147151275,-1.249967282463763,0.21131149923424442,
SERINC3,2.7718782421743877,0.2893125948405118,1.1160304944539905,0.2592335928796066,0.7954550134043288,
YWHAB,4.948374075563527,0.046617181343245495,0.8927510664232082,0.052217446829849704,0.9583554313381119,
DNTTIP1,3.024408779550243,0.6027723940805761,1.0441692963900424,0.5772745819710586,0.5637539815138592,
CTSA,2.1718105417943208,0.2675343278354075,1.2096892591629023,0.2211595463950301,0.8249682066324093,
PLTP,2.6895791240788576,2.1457512563845187,2.651976025510429,0.8091141231080787,0.41844950532268876,
NCOA5,5.318419705394587,0.3305320612184594,0.8511064777623453,0.388355710894676,0.6977528147239146,
SLC35C2,1.6476640705677381,-1.5225921366021262,1.510695154570266,-1.007875170576849,0.31351439286345606,
ELMO2,2.098942020488608,-0.4920538975811018,1.24943359314869,-0.39382156865262424,0.6937127791596895,
EYA2,2.1155715094058407,1.2648259434148732,1.362865506309028,0.9280636552614279,0.3533745510833374,
ARFGEF2,5.682502235604588,0.32299192902351453,0.8001438737631846,0.4036673148598138,0.6864573779182876,
CSE1L,2.377239682819287,0.520916303079376,1.121942557818749,0.4642985502681417,0.6424338625128432,
STAU1,2.5761806470254522,-0.914598471672797,1.1606795639772658,-0.7879853320918048,0.43070528563082955,
ZNFX1,2.026034998069913,0.5381837174067399,1.2204363709293968,0.440976465652935,0.6592300347906768,
ZFAS1,2.303458581658379,0.6423291084927549,1.151394671055468,0.557870489277096,0.5769328243561389,
B4GALT5,1.7220218301792647,0.9134134205327592,1.3677288781415242,0.667832225472865,0.5042406936347466,
SLC9A8,2.5012296159184118,-0.08159817790390157,1.109250285286371,-0.07356155683370924,0.9413592614274182,
RNF114,2.9639416121504127,0.14958248230778842,1.1513137676282128,0.12992329850787665,0.8966271109774461,
PTPN1,3.297401605775979,0.5507845110960146,0.9966168054997817,0.5526542479080595,0.5805001878737586,
DPM1,1.3192637419911102,-0.537087379795322,1.557057327983135,-0.3449374471593889,0.7301413975755474,
ATP9A,2.179501150875842,0.7666070973331744,1.2212053161851013,0.6277462824416479,0.5301701609461511,
BCAS1,5.106843933946043,-0.7569190148561612,0.8584279175378144,-0.8817502313149296,0.37791189062255626,
RAE1,1.6106595228567695,-2.0006094918328703,1.6996420888501989,-1.1770769298766157,0.23916480224519954,
PMEPA1,0.8000024757011773,-2.862549468059406,2.5555850898380745,-1.1201151076682723,0.26266471346199416,
RAB22A,2.8741121765131243,-0.9286711671879271,1.1302736150264903,-0.8216339431812374,0.41128526488328676,
VAPB,3.858375092707405,0.05225697678982351,0.9811730234657174,0.053259695833503914,0.9575249926636908,
NPEPL1,2.214500116418603,0.7478137292611569,1.1745221720395551,0.6366961365766131,0.5243227905843653,
NELFCD,2.1331510290005986,0.0056442036731100325,1.1992607896079437,0.004706402245465899,0.9962448481743278,
PHACTR3,1.884529318276411,-1.2269558573358603,1.4185082879933661,-0.8649620645301428,0.38705961055768656,
FAM217B,1.6669012897842042,0.8766617198543172,1.4217096721671487,0.6166249952551839,0.537482103959819,
CDH26,1.3953240384886023,0.4411709296106567,1.4726783759374187,0.2995704539559317,0.7645048239786361,
TAF4,1.3171000009300329,0.19076683530048671,1.466826418609813,0.1300541310684098,0.8965235999186311,
PSMA7,5.226820031841182,0.08759322087497075,0.8799961534207013,0.09953818608692816,0.920710970317438,
SS18L1,1.715879465240339,1.2793456521386732,1.365201572744902,0.937111176605514,0.3487013728953321,
MTG2,2.5198576743676715,0.30706185075629694,1.0999606713749959,0.2791571178380924,0.7801242509288295,
OSBPL2,1.6179821201648519,0.018434004296473072,1.3546965026925504,0.013607479062531163,0.9891431375946745,
ADRM1,1.1268747275041282,0.302636598790915,1.7512463964099572,0.1728121179357273,0.862799111620459,
OGFR,1.5010956793608674,-0.18027010460748275,1.385349179975174,-0.13012611348332645,0.8964666501982999,
DIDO1,3.365822731144661,0.5384405029495698,1.0006221733865746,0.5381057078989513,0.5905040720658048,
NKAIN4,1.273817310722975,-1.8812199015313769,1.9182838680268395,-0.9806785809372484,0.3267512696014363,
ARFGAP1,3.3240397375791804,0.3007731415933711,1.0067768041320235,0.29874858097538093,0.7651318865130222,
PPDPF,2.503896352054428,-0.3752039832665549,1.1382671319289364,-0.3296273543721892,0.7416815509663284,
CTD-3184A7.4,2.4042935796412825,0.010401552201003916,1.16753729122732,0.008908967858379718,0.9928917661229758,
ZBTB46,2.703853352798506,0.07958964457643172,1.0683385265858314,0.07449852513583148,0.9406137146787475,
TPD52L2,3.7553127366757817,0.8945990909819634,0.9603523615398352,0.9315321405026354,0.3515783669608157,
DNAJC5,5.118159441475258,-0.3161122436517884,0.9333532471442059,-0.33868446337868485,0.7348474460871426,
PRPF6,2.3126136505259347,-0.8021874966679843,1.3547346710616586,-0.5921362417331046,0.5537593599191677,
TCEA2,1.1734305800754534,-1.9949721099908058,1.8399609157723207,-1.084247003775849,0.2782552960108743,
PCMTD2,2.2424605942994,0.4109889264337767,1.3627461916045727,0.3015887543592073,0.7629655817800495,
PLPP2,2.393649272467913,0.3964876658941895,1.1540883669306439,0.34355052633332434,0.7311843365579922,
SHC2,1.6054935362028253,-0.579430806760162,1.4590223265509925,-0.3971363537183754,0.6912669131866446,
TPGS1,1.5651125508870134,-0.224553943727534,1.4269915612721102,-0.15736178812953347,0.8749597268631003,
BSG,5.1641740538936505,0.11772761159665347,0.8704848377536001,0.13524372452076816,0.8924191774751293,
RNF126,1.6490896918859088,0.2955972221321445,1.398127545947776,0.21142364513801368,0.832556707585551,
FSTL3,1.0454355195782865,-1.78762016988044,1.8892968433712254,-0.9461827960770021,0.3440553594136385,
PTBP1,2.3199494025667557,2.2159452319363795,1.2567482897879008,1.7632371175220463,0.07786050599844659,
ARID3A,5.414864925631708,0.10205894593045137,0.8802911447983024,0.1159377173489979,0.9077019031185881,
TMEM259,6.239313749297792,0.09668928486103955,0.7813686518888752,0.12374349115146037,0.9015183753138274,
ABCA7,2.8586965794215877,1.313257192586214,1.2652853875855175,1.037913822028909,0.2993101779349844,
GPX4,4.7480784188759175,-0.26899877267514666,0.8435345575278349,-0.3188947865556418,0.7498062978219276,
STK11,2.2980514460106676,-0.5545854816825789,1.221190902054535,-0.4541349601848022,0.6497316919835118,
ATP5D,3.052432874418683,0.2387497006220472,1.0129039109114828,0.23570814373419022,0.8136591501456143,
MIDN,3.4579387485604602,0.5092350346346755,1.0015634709186976,0.5084401033192363,0.6111447344465719,
NDUFS7,3.2995980305957873,1.2603208381459141,1.2123818210212085,1.0395411876799059,0.2985531129745389,
GAMT,1.4836673441647779,-0.39563367167301816,1.6578533958432065,-0.23864213365609058,0.811383090936614,
DAZAP1,4.160122401436351,1.3584547183095954,1.0375756621065395,1.30925846463244,0.19044681406044484,
APC2,1.1493303813453057,-2.2618309973049078,1.9414014814784295,-1.1650506187841487,0.2439985038128818,
C19orf25,2.3068765922700396,-0.026465815161337627,1.179943189726833,-0.022429736780348458,0.9821051597944157,
CTB-31O20.2,1.1280964947381233,0.8921331343156405,1.689519891472183,0.5280394381970075,0.5974719633852963,
ABHD17A,3.392438818967037,0.3899863993374844,1.0003728027949645,0.3898410654986746,0.6966540755401771,
CSNK1G2,1.4499802663638495,0.470805618860026,1.4124380414882736,0.3333283337256637,0.7388864539028308,
BTBD2,2.1159547721080467,1.872920998462999,1.2701174207447294,1.4746046057417412,0.14031887593849396,
MKNK2,2.4132740324838116,1.1637443629091335,1.2776553271865794,0.9108437449024065,0.3623777097360009,
MOB3A,2.4341203782915617,0.28998740407109264,1.107358330164356,0.26187314094440617,0.7934192476031403,
IZUMO4,2.6892691043024137,0.3425092884345857,1.2065223772853457,0.2838814222453343,0.776501253956961,
AP3D1,2.5159691709976606,0.16819644083023352,1.1535410363005971,0.14580880570112967,0.884072324257439,
DOT1L,2.150057614927769,1.1747741585112281,1.3559956621952498,0.8663553957166512,0.3862952964773325,
LSM7,3.890324240854087,1.0298267884077081,0.9280158486851005,1.109708190724181,0.2671247922312052,
SPPL2B,1.9050858116766374,-1.291071185456431,1.409864843848758,-0.9157411017725395,0.3598027018371476,
TIMM13,2.8982003776504843,0.7332751080739883,1.0984900734097247,0.6675300267374239,0.5044336365689513,
GADD45B,2.462963824162659,-0.5357522174350584,1.2926158760155027,-0.414471327001273,0.6785289616425884,
SGTA,2.0429354037585465,0.6777203943607578,1.2863004055999896,0.5268756749280802,0.598279927059655,
AES,1.9237979918373398,0.5486413384587914,1.2495307824989679,0.43907788919097285,0.6606050997080269,
DOHH,2.011915062093634,1.1261960884830438,1.3577579569176321,0.8294527627293177,0.4068482558311689,
MFSD12,5.068489022909666,2.3503856975678423,0.9271735242288055,2.53500087755722,0.011244704435279914,
HMG20B,1.0742921201821214,-0.971711853340394,1.730903120075712,-0.5613900870996696,0.574531640254757,
PIP5K1C,1.4446307489073869,-0.16515247390695129,1.4513210138530444,-0.11379458598790332,0.9094006304709913,
MATK,1.6402055397897541,0.39762129550720127,1.3954014890823794,0.2849511761440633,0.7756815475894565,
EEF2,4.68687042272363,1.4048206753195207,0.9129554664052281,1.5387614478623115,0.12386254481828357,
PIAS4,1.560227345950364,-0.6856099996213163,1.4257185312318847,-0.4808873452945291,0.6305965672348032,
ZBTB7A,1.7429333620623344,0.7039337474707026,1.304066876266231,0.5397988096179442,0.5893357880986245,
MAP2K2,2.1337352553352873,2.2018078865221704,1.3506718986493642,1.6301574710512003,0.10306821979785775,
SIRT6,2.6150397358061235,1.1652859516327643,1.0883515048978778,1.0706889698674193,0.2843093039902912,
SH3GL1,2.1808130386176745,1.2026873039458335,1.2054687320268052,0.9976926584596723,0.31842841428001156,
MYDGF,4.604689805268038,1.003678773560822,0.8757196061705433,1.1461188792493007,0.25174596695670826,
DPP9,1.5135001416114513,-1.1523477859634843,1.5410349756867905,-0.7477752316750108,0.45459574419112025,
KDM4B,4.490669832499756,0.31110213830700867,0.9229020214667127,0.3370911874400196,0.7360481604689166,
PTPRS,2.749706478395206,-0.2530237738557597,1.0956859566453123,-0.2309272764893771,0.8173712998053475,
SAFB2,4.92114282817755,0.031057619149606242,0.8350598062482797,0.03719208961707852,0.9703318458214414,
SAFB,2.8847533753417927,-0.5761744769362702,1.0897696360665623,-0.5287121772046491,0.5970051285204286,
C19orf70,2.732245640882528,0.2760426611608796,1.122585070300059,0.24589910240574936,0.8057603386782983,
RANBP3,1.9313172491512738,-0.5281282643928978,1.2581409606971132,-0.41976875476677233,0.6746543924026172,
ALKBH7,1.9313499329100055,0.8351909613909768,1.4043249866224758,0.5947276943349731,0.5520255065989355,
TUBB4A,2.733158220737723,-0.5102077339488794,1.1694961048682697,-0.43626287580183815,0.6626460136463258,
PNPLA6,4.248378139701502,1.7894514537194357,1.042565351441725,1.7163925995093445,0.08609021015117876,
EVI5L,1.3893814054493643,-0.6643861771864404,1.5870489140476849,-0.4186299308771514,0.6754866116223538,
MAP2K7,1.2841421536239244,0.10002282628269185,1.5309243023869237,0.06533492617939526,0.9479073346690218,
TIMM44,2.6706957735927106,1.057912625617503,1.260181674239328,0.8394921519994976,0.4011931913396898,
ELAVL1,5.722486984927599,0.3201982696273749,0.8198433923496636,0.3905602858000594,0.6961222858691607,
CERS4,3.853451386657774,0.7582913784204407,0.9443170805044437,0.8030050436187914,0.42197181940065764,
RAB11B,3.102023474899463,-1.6491086071437728,1.14815849702107,-1.4363074535636258,0.15091487405647033,
MARCH2,1.5140131830744268,1.714150769188958,1.4592166260659865,1.174706166698681,0.24011229137900925,
ADAMTS10,3.82311852103872,-0.3989758153564092,0.9855481304804281,-0.40482631240132255,0.6856051861518457,
ZNF121,1.9501491616847095,0.9052063707422392,1.3560371678439878,0.6675380234462595,0.5044285304589021,
ZNF562,3.778771090879991,-0.5166679174326149,0.9892564640337129,-0.5222790410950575,0.6014760598218734,
ZNF846,6.536667051247169,-0.7742243322457814,0.831011288618166,-0.9316652407131413,0.3515095553223727,
UBL5,2.5493013917578886,1.8477392827801447,1.1576287400614884,1.5961415079259353,0.11045720325006075,
PIN1,2.0006289103943264,-1.7907618184457699,1.4451511265153552,-1.2391519375304187,0.21528923583462467,
OLFM2,1.1392791897547119,-0.9625473621671727,1.7323448542952111,-0.5556326500353629,0.578462006619763,
COL5A3,4.268527913243758,-0.9720554125439765,1.02666520778285,-0.9468085654165618,0.343736336335681,
C19orf66,2.4473602367292338,0.15341332057387833,1.1794296165704579,0.13007416332309268,0.8965077511150317,
DNMT1,1.8113324434501916,0.8400109239582428,1.333694973785693,0.629837361967311,0.5288009982101047,
MRPL4,2.955493947689861,0.7599814087798358,1.3303688130657374,0.5712561819819831,0.5678259995674506,
TYK2,3.1934680614538338,0.6593453388338956,1.0328709866188734,0.6383617580277644,0.5232382187383473,
CDC37,3.9671224756523435,-0.591227846888606,0.9543130311503041,-0.6195324045569778,0.5355656813952493,
SLC44A2,2.2321993683860932,-0.5904403767623905,1.21059132730365,-0.48772890028667093,0.6257418783443842,
ILF3-AS1,1.9597095372352957,-0.29064938494888015,1.2723978734428318,-0.22842649379980973,0.8193146947661499,
ILF3,4.169950248058757,0.9931945904540436,0.928479529752426,1.0697000403647816,0.28475434817179235,
QTRT1,5.027166038237367,0.03999832046146976,0.8502701940670114,0.047041894142084234,0.9624798377732785,
CARM1,2.8303944118454027,1.0417454013590395,1.215275875429139,0.8572089863885249,0.39132939695880853,
SMARCA4,1.7161503820117396,-0.8140777334624891,1.539475820553933,-0.5288018964595158,0.5969428820365648,
EPOR,2.1848506683323055,1.2301643986789117,1.2160698514122028,1.0115902447958405,0.3117340121163793,
RGL3,1.5846145066363435,-0.9925523312794912,1.417220666802745,-0.7003512963995175,0.48370794405788975,
PRKCSH,2.217112124815063,-0.7008930696952751,1.316750168948093,-0.5322900928542844,0.5945250928407895,
ELOF1,3.062290332905983,-0.2936676252563052,1.097645485985006,-0.2675432359590797,0.7890509294888272,
ZNF439,2.711953728102428,1.0327754719991775,1.1091773928226345,0.9311183933987065,0.35179232505987845,
ZNF44,3.210628925578105,0.2029813607430328,1.00226775308568,0.2025220906470496,0.8395085903662887,
ZNF791,2.3499597064901483,-1.3607129543126593,1.2164942721832261,-1.118552701337924,0.2633310113897126,
MAN2B1,1.4823449980871821,-0.04452024598497699,1.4354419670086567,-0.031015009319919448,0.9752575697250299,
DHPS,1.8438745257375062,0.9933541935413842,1.3196015268587011,0.7527682965827225,0.45158916105132607,
TNPO2,2.274921626769107,1.111427645578183,1.3088085242966683,0.8491904086393735,0.3957753494277334,
C19orf43,2.9616877505814982,0.3513257422770836,1.0270773860957396,0.34206355532039195,0.7323030635292724,
HOOK2,4.212030480473689,-0.512537407518116,0.9092864833326763,-0.5636698850285191,0.5729788160849572,
GCDH,2.779656081312053,1.0197672707423862,1.1411965111559692,0.8935948022741659,0.37153872837224,
FARSA,2.589346686174706,0.18001988038834357,1.1713727733854307,0.15368282794217678,0.8778598252338632,
RAD23A,3.2665394230039357,0.04579267055445088,1.020358317394811,0.04487900943598832,0.9642037480273055,
GADD45GIP1,1.6051193441908491,-0.3728436302508336,1.4633366687159202,-0.2547900549625428,0.7988852568274001,
NFIX,3.0857163662357485,0.0166029821699567,1.1117262345027936,0.01493441609514791,0.9880845029070808,
STX10,2.72075375848714,0.11933907950588261,1.123941486417062,0.106179085787033,0.9154402642561501,
IER2,5.875090994603831,-1.9257635620614548,0.9139487527788557,-2.1070804639824523,0.035110605431741417,
CCDC130,3.0020687358973093,0.18608003993918562,1.0373144393413158,0.1793863392640563,0.8576343570940399,
C19orf53,3.4368885486685343,0.5095101871072242,0.9907707571729308,0.5142563841519329,0.6070727513891858,
CC2D1A,1.7184589713202107,0.4383971935667396,1.354682375729404,0.3236162228291282,0.7462286043425366,
RFX1,2.1167385489002797,0.41109611784943917,1.2442283492964734,0.33040246839085935,0.7410958766601412,
PRKACA,3.3132180798418296,0.14375138997209633,1.0488308510440947,0.13705869714739422,0.8909843992039822,
CTB-55O6.12,1.7770847523830762,0.06274397585955616,1.3738108637771216,0.04567148034267936,0.9635720954701641,
DDX39A,1.324613259447573,0.009514133593853169,1.495850899643823,0.006360348879770424,0.994925210043492,
PKN1,1.9775476386537854,0.5039239070995295,1.2543611910616737,0.4017374825452113,0.6878772361387723,
GIPC1,2.036998769515702,-1.2857571131274936,1.34184786995821,-0.9581988703142159,0.33796248677816787,
DNAJB1,6.530712858092275,0.7762782837004237,0.9881407700622132,0.7855948334684636,0.4321048922525649,
TECR,5.126391728186842,0.01706780484642735,0.8489874854750263,0.020103717826744593,0.9839606343488347,
NDUFB7,1.9326556404133004,0.2573422493683551,1.2719487989629177,0.2023212330387661,0.8396656016418552,
ZNF333,3.279940586821158,-0.26187518832557005,0.9834685264032478,-0.26627714186574225,0.7900257759512146,
BRD4,5.896015525306903,-0.16535616320562893,0.8089417650443433,-0.20441046605692892,0.8380327521219045,
AKAP8,2.0103606377125005,-0.8054813721808816,1.2837431360015858,-0.6274474617170507,0.5303659648246671,
AKAP8L,2.8514731733115717,0.44411707320505667,1.0453170677887569,0.424863504950257,0.6709361802979446,
TPM4,1.5654896333506823,-0.605154212068793,1.3835796192113916,-0.4373830054057294,0.6618336068952689,
AP1M1,1.9069848162048508,0.9769161340064094,1.285235884599378,0.7601064876203053,0.44719093502843177,
EPS15L1,5.365394213436399,-0.30217565599102447,0.8364351570956143,-0.36126608671051147,0.7179005430603813,
SIN3B,2.051793052334507,0.3473023819101871,1.222167859800115,0.28416913366302093,0.7762807685699171,
ABHD8,1.3961981172308155,1.6412295522386242,1.4859623058633933,1.1044893573427594,0.26938091768825956,
SLC27A1,5.393906415335297,0.5057033774787624,0.9423463027974052,0.5366428201368807,0.5915143600626132,
CTD-3131K8.2,2.2131617251565765,0.032161716398983936,1.1648696336240962,0.027609713113495526,0.9779734346754807,
PGLS,1.5957646993363437,-1.631534562509681,1.6075776992299282,-1.0149024605723436,0.31015232518076286,
COLGALT1,4.3741117707456825,1.6819224167082638,0.9107298886247168,1.8467851310426588,0.06477828769347978,
FCHO1,3.203061120763152,0.8159627906433721,1.0356096842646825,0.7879057168364866,0.4307518569692572,
RPL18A,5.481079235817451,1.6817760209010257,0.9357761469087816,1.7971990699448372,0.07230402214877427,
ARRDC2,4.350847380150349,0.5536270449215984,0.9361268050383049,0.5914017651689237,0.5542512579516485,
MAST3,4.983399726068625,1.2019301525037855,0.9323161177169256,1.2891873578750266,0.197332959009608,
JUND,2.716838933039078,1.436171113663759,1.1607766901457193,1.2372501324810958,0.21599423496287107,
LSM4,2.717767558078704,1.3334400475578103,1.093849031844618,1.2190348107811158,0.2228309803721925,
FKBP8,2.867466997941404,0.4661896681885398,1.0431984710589572,0.4468849227849307,0.6549581506290635,
KXD1,3.205073677425561,1.3443375151077734,1.0520414968816614,1.2778369665954261,0.20130691712558801,
CRLF1,1.6362004123917118,-0.32294921352249356,1.4573645043530767,-0.221598105729802,0.8246267572443828,
C19orf60,4.119714731158202,0.07899240489816717,0.9194369180094992,0.08591389289564187,0.9315348674133093,
TMEM59L,2.1553524046446753,0.2638767085727644,1.3424330823992594,0.19656600543630193,0.8441671752824453,
CRTC1,2.3718576630462365,0.7519976329260057,1.1607528103400295,0.6478533812084559,0.5170797854296005,
UPF1,1.81451203960704,0.7470726124033326,1.429906852885669,0.5224624323575195,0.6013483966954507,
COPE,1.6467899918255249,-2.6952764789165107,1.740616638195907,-1.5484607120095542,0.12151141377857984,
DDX49,1.8518035492738403,0.644165313708303,1.274124377204557,0.5055749071543618,0.613155100668184,
SUGP2,6.5755108526482084,0.36795631971681353,0.7929923767731744,0.46400990790616753,0.6426406470753367,
GATAD2A,3.035026583203418,0.19385512628873744,1.0363377357894838,0.18705786694243867,0.851615262313637,
ATP13A1,1.183755422976403,-0.154716106976524,1.642960962274585,-0.09416907067732665,0.924974853590803,
CTC-260E6.6,1.9313172491512738,-0.5281282643928978,1.2581409606971132,-0.41976875476677233,0.6746543924026172,
ZNF430,2.0309687505075815,1.0568579802103713,1.2509280546877384,0.8448591237920459,0.39818949923559344,
ZNF431,4.547140761749631,-0.16711309499487048,0.9091307283584429,-0.1838163531185614,0.8541575268001873,
ZNF708,4.273818424863438,-0.401306964080984,0.9308010862520245,-0.43114148662727897,0.6663654966996602,
ZNF493,1.8971598600341386,0.9139255985573086,1.2831823713361152,0.712233599036809,0.47632013432750986,
ZNF100,3.0972285719127934,-0.3333961070167257,1.026305548313411,-0.3248507304326819,0.745294047562522,
ZNF43,1.7940487750593526,0.093645368958726,1.2911390527891398,0.07252926689532914,0.9421807151817551,
ZNF91,3.533625008958714,-1.1274946622137816,1.001738039673115,-1.125538431765757,0.2603609411406803,
ZNF675,1.3171000009300329,0.19076683530048671,1.466826418609813,0.1300541310684098,0.8965235999186311,
ZNF254,4.288822716475551,-1.536035012715058,0.9650462760560492,-1.591669799496585,0.11145891756681116,
LINC00662,2.5589843901329,0.3207405282987187,1.0787581310552092,0.2973238570030335,0.7662192694866341,
UQCRFS1,2.5558918425900528,-0.860697047846138,1.1552196940895223,-0.7450505321626203,0.4562411722467695,
C19orf12,1.7215900199760397,0.13264193767405194,1.339455651386708,0.09902674831878963,0.9211170323936503,
URI1,6.120775451755755,-0.1441993783405975,0.7814907057890318,-0.18451835354203816,0.8536068303073079,
ZNF536,4.94103093708078,-0.08878509275152044,0.9098658773932621,-0.09758041812259957,0.9222654743611427,
ZNF507,3.1897398496235865,-1.4395754096275897,1.1575385443482367,-1.2436522452374634,0.21362757882762673,
DPY19L3,2.7155003603349077,-0.8327288504333158,1.1367987745732824,-0.7325208902920356,0.46385069684680247,
PDCD5,1.815759153221279,-2.760973334866404,1.7589117683994309,-1.5697054192654734,0.11648365987789147,
CEP89,2.6399016673476794,0.48494023604169034,1.2311992849828917,0.39387631389700567,0.6936723585151748,
CEBPG,3.393286212746913,-0.4365592895441695,1.0020999827559702,-0.43564444372461353,0.6630947197899613,
PEPD,1.4112306330622901,-0.15743079741314292,1.4807231598500064,-0.10632021007160466,0.9153282971530663,
KIAA0355,3.865268732121976,-0.3392034147582942,0.9989536644503321,-0.3395587071047371,0.734188879198096,
GPI,1.5593147660951685,0.4733260119040184,1.3839999763376416,0.34199856936164097,0.7323519689014408,
UBA2,3.7961934272796873,0.09795429915704988,0.9830149962395188,0.09964680043719557,0.9206247373245964,
SCGB2B2,1.2796727137060688,-0.9385113579363507,1.630885637780338,-0.5754611704188406,0.5649794442276048,
ZNF302,4.443185173446661,-0.03065625729079589,0.8915562675772272,-0.03438510658906946,0.9725700596697889,
GRAMD1A,3.7605425217595116,1.162187672643921,0.9491729631107324,1.2244213834695352,0.2207933067230453,
SCN1B,2.4439393356658803,1.1753140721163968,1.1279621506886879,1.0419800623618423,0.2974209226853227,
LGI4,3.442674154425448,0.1770991259136695,1.0038101001354298,0.1764269216755002,0.8599585559411123,
USF2,4.954059283918984,0.9384541162410404,0.8336710435014911,1.1256887516441152,0.2602972865647445,
MAG,3.8356457875558725,-0.08472572064156944,0.9538060450924687,-0.08882908750421636,0.9292177405760458,
CD22,3.9418037994750446,-0.46930272116894006,1.0468789753892558,-0.44828746416885634,0.6539457465824297,
TMEM147,3.690415787611028,0.9105802896252521,0.9735259150228656,0.9353426298917424,0.34961175248744336,
COX6B1,3.8252397133951725,-1.5217610543384872,1.0134437575994664,-1.501574254049447,0.13320709659868168,
TBCB,2.606037057540627,-1.2940084294868817,1.1920765989560047,-1.0855077858420732,0.277696817203,
CAPNS1,2.280303646542158,0.823456624273434,1.2554813635207964,0.6558891658607993,0.5118954395874666,
ZNF565,6.11349442745449,-0.7129722550822987,0.8098253173998012,-0.880402526030577,0.37864128857681545,
ZNF146,1.7624028154950764,0.6330095248028176,1.3446299808676827,0.47076856370132386,0.6378060159453487,
ZFP14,4.50007186771533,-0.5858306720084155,0.8956355841680085,-0.6540949046286687,0.5130506640385359,
ZFP82,1.5756696280042384,-1.4439732235786524,1.5368386784589574,-0.9395737131151433,0.347436265184517,
ZNF260,3.3471211907618645,0.5110994645385406,1.3232998279119985,0.38623103680515963,0.6993255696785062,
ZNF790-AS1,0.8689530996649921,-1.53613494008272,2.0438315700011835,-0.7515956611247718,0.45229425339674,
ZNF790,1.6209843657577185,-0.6830478291669364,1.4363266571724795,-0.47555187098704205,0.6343936706668685,
ZNF420,1.5952588138097126,-1.6148794498758616,1.5099779723760847,-1.0694721906007048,0.28485695329863625,
ZNF540,1.072095876804456,1.1193071451660825,1.7434206174815692,0.6420178435098238,0.5208615974251141,
SIPA1L3,6.024770930969943,-0.15327636950711918,0.7924954823298752,-0.1934097706860089,0.8466380640040805,
PPP1R14A,3.902625246421953,-1.3902200901932553,1.0610434194073057,-1.3102386431743067,0.19011511676927328,
YIF1B,1.9149463420577735,-0.20513141943572388,1.3100841311669214,-0.1565788139522068,0.8755768005848932,
PSMD8,1.8901109140364116,1.0907496641094003,1.2674553753335545,0.8605823016233209,0.3894681369744304,
EIF3K,2.7660553415078817,-0.6420166934915429,1.1960893588202246,-0.5367631513123758,0.5914312279270366,
ACTN4,4.6365416769705385,0.7285322028207244,0.8833328991562123,0.8247538425395924,0.40951135662425997,
ECH1,2.531585913163824,0.5904380371376281,1.2411683664263224,0.47571147727335944,0.6342799430829442,
HNRNPL,3.2030609393210088,-0.43170212425720583,1.0079737793753007,-0.4282870577494153,0.6684421403754242,
SIRT2,3.5155486745275546,0.01449254228607674,0.9717936362009256,0.014913189123910148,0.9881014376937418,
PAK4,2.429029442658831,2.133960133663391,1.3710007032513605,1.5564982049992055,0.11958966916571415,
GMFG,4.166602984841678,-0.29155614397087476,1.0003228850077057,-0.29146203524937736,0.7706979755121063,
SAMD4B,4.911514713454833,-0.2691788876427398,0.9170212405841519,-0.2935361535042199,0.7691123693842434,
SUPT5H,2.26298747583473,0.7961362241930221,1.1390404635869018,0.6989534170594298,0.48458114308086353,
PSMC4,1.947311073781106,-0.517324706315823,1.2640631858188975,-0.4092554170705357,0.6823522296035331,
ZNF780B,5.595597874504634,-1.4966016564877946,0.8713762887436324,-1.7175147818695236,0.08588515594474605,
AKT2,3.5671670825995108,-0.1436845482673442,1.014273132735905,-0.14166257946690242,0.8873465340346933,
PLD3,6.440456981207421,0.5285059275326552,0.7598058122358412,0.6955802640907001,0.4866917294021412,
BLVRB,1.0325402412876954,-0.6054433977873792,1.8135237279310563,-0.33384917355236066,0.7384933749579892,
SPTBN4,3.7338792740816498,0.5410540045121501,0.9773813973032508,0.5535750997563523,0.5798696710329274,
ARHGEF1,2.9886675720800873,0.46165979976738086,1.1731894390587316,0.39350831536446307,0.693944083582656,
RABAC1,4.168234592890918,-0.3762966443408439,1.032879360440594,-0.36431809827270395,0.7156204867026839,
LIPE-AS1,3.787125925823157,0.3204999813364563,0.9253678428899585,0.34634873450488923,0.729080647474879,
LIPE,1.3308428544426432,0.3381925822412422,1.4552600831487603,0.23239322383493927,0.8162326114749445,
ZNF428,2.599261918765993,-3.4168215014902428,1.6156194157097201,-2.114867813710495,0.0344412151041375,
CADM4,2.3469485716491945,0.28561659193090994,1.2944819110257222,0.22064162465166692,0.8253714879022858,
SMG9,4.018406531407399,1.2651627281016105,0.9366362263232716,1.350751436411932,0.17677506937012533,
ZNF224,1.74316559627861,-1.6567659952481888,1.5488655707668624,-1.0696641635774133,0.2847705025198446,
ZNF226,1.5392581958760452,-1.531810310726658,1.530179286504926,-1.0010659039996925,0.31679494765207716,
ZNF235,1.2503678457668517,0.24984671291407526,1.6579703794489282,0.15069431638285277,0.8802168569035491,
TOMM40,1.8420718219556662,0.07904522558648949,1.313578481106364,0.06017548758861633,0.9520158683979661,
CLPTM1,1.7238084887766734,0.8940973416453908,1.333446896387569,0.6705158968591725,0.5025289760586484,
CLASRP,5.382142228522973,1.4587587405206437,0.8564423531219744,1.7032772085629067,0.08851620371140621,
MARK4,1.8627673207196296,-1.4572197387850883,1.5247614125631577,-0.9557034476203523,0.3392220802108322,
ERCC1,1.7125770648169223,-0.20123590994808999,1.3760121596087411,-0.14624573521596637,0.8837274021739662,
EML2,1.475657089368693,-1.7759918498055964,1.5927129621235692,-1.1150733949183542,0.26481897138185007,
SNRPD2,3.8118739423462316,-1.7151636177082195,1.0242514725339051,-1.6745532359011996,0.09402192106052688,
SYMPK,5.142539290312155,0.04674558460063645,0.8657856487532755,0.05399209916213064,0.9569414590166451,
HIF3A,4.724275484524626,0.6901181750772879,0.9378749972579357,0.7358317228788334,0.4618331129460579,
PPP5C,1.347662028871526,-1.6246749062636265,1.6368882344212323,-0.9925386914629977,0.3209348149853295,
PPP5D1,1.481006606825156,-1.1423726044930982,1.5104683666846996,-0.7563035609944428,0.4494672135834471,
CALM3,3.897315568660565,0.528133025566495,1.0446926288711404,0.5055391518720466,0.6131802068149583,
DACT3,1.3166356884102195,0.12882149864732645,1.5546750698393839,0.08286072192605186,0.9339622859584737,
AP2S1,3.8067477953873627,1.0085156831749138,0.9941472263869533,1.014453047201248,0.31036662290609485,
ARHGAP35,5.920170607689344,-0.9366976388272374,0.8007890911890482,-1.1697182805479855,0.24211435906488,
TMEM160,1.3254933369861803,-0.2092644694518883,1.4732107892644308,-0.1420465224507169,0.8870432586216994,
SAE1,1.8762808304676568,0.4929653194770841,1.3346612133554439,0.3693561441241934,0.7118622823619796,
DHX34,3.3769506984216933,-0.8880816567039206,1.0786417887024202,-0.823333256698928,0.4103185064945445,
NAPA,1.6170755391060503,-0.04835119122527117,1.515903165720035,-0.031895962960341834,0.9745550180942656,
PLA2G4C,1.7314089773503578,1.4055736519790347,1.353594532577275,1.0384008047836826,0.2990834950505886,
CARD8,5.4912121966976075,-1.4191959705981443,0.8818413660552306,-1.6093551802255315,0.10753869968586235,
EMP3,2.094521309513915,1.2697374722310644,1.2364598164653602,1.0269136573001088,0.30446112277841175,
KDELR1,1.7730796249850338,-0.5369536431077012,1.3334995094466482,-0.4026650473463741,0.6871946502612143,
SPHK2,1.5122104792925868,0.6867734265679709,1.5042148495658367,0.45656604624412206,0.6479829887439919,
BCAT2,1.5854945841749508,-1.219017368887341,1.501002516298284,-0.8121354599015834,0.416713908019814,
NUCB1,1.7687815368347657,0.6223913219479397,1.4907570825938994,0.41750016096853704,0.6763126065911316,
BAX,4.160827837420526,-0.48191846861879767,0.9415363088557802,-0.5118426810373975,0.6087611165280973,
LIN7B,1.3734748108756765,-0.14869634878329774,1.5140779701434386,-0.09820917529710227,0.9217661968540953,
PIH1D1,2.862978210439698,1.418545834614646,1.2279697020993159,1.1551961194071194,0.2480101234992067,
NOSIP,1.9731654287920743,0.440886978936042,1.2372865884394937,0.35633375731656725,0.721590631563453,
IRF3,2.816761169724643,-0.06350673673632415,1.0826695636282468,-0.058657543233689984,0.953224876668003,
PRMT1,3.5684569263605184,0.28169719378465624,1.0451113389903772,0.26953797483126335,0.7875157234246606,
AP2A1,1.3348479818406853,1.1752620854928815,1.4875241372590662,0.790079337911408,0.4294814358393453,
PTOV1,1.824372569988176,2.0468945172912383,1.389316724114704,1.473310211964485,0.1406674083561865,
TBC1D17,1.407252009184442,-0.6221383407513644,1.5178989441049533,-0.4098680898142501,0.6819027146355203,
EMC10,2.800773343891205,-0.8385479083938651,1.108240884756078,-0.7566476926886053,0.4492609602114368,
JOSD2,1.910935215863337,0.2689376995055869,1.2408025569670114,0.21674495913594174,0.828407108422677,
CLEC11A,1.2143721786574524,-0.2296061290400411,1.6868544628604987,-0.13611496077182877,0.8917304006167459,
KLK6,2.069989300580542,0.0739190584410466,1.4269254816972365,0.05180302642933015,0.958685644049459,
ZNF432,1.0347912124049172,-0.8573762285371727,1.7006574315282588,-0.5041439931654608,0.6141601940402837,
CTC-471J1.9,3.722360888166067,0.2663485931071096,0.9973629524815418,0.26705282409418446,0.7894284897160488,
PPP2R1A,2.959466391329172,0.10896931252102188,1.1119564131146038,0.09799782728515183,0.9219340186398981,
ZNF766,2.2198009049319034,-0.7888011435129942,1.2109423942562545,-0.6513944406062899,0.5147918984394837,
ZNF83,5.436134386449315,-0.2014715953239491,0.8004264710731418,-0.25170531286132203,0.8012688501245078,
ZNF611,2.374907480442315,-0.5678943599363402,1.2782198570888288,-0.44428535262292895,0.6568362897799014,
ZNF160,2.1201981325187584,-0.4379139828110163,1.231634829910067,-0.35555504941589905,0.7221738118772599,
ZNF765,1.2423487017226804,0.46899681447768754,1.5357455110087297,0.3053870651848004,0.7600713720558003,
ZNF761,2.0593449934071724,0.5392655918601963,1.352216299884245,0.3988012804655287,0.6900396334951012,
PRPF31,3.391058854698193,-0.150710352742457,1.11139948394057,-0.135604123377941,0.8921342455828686,
CNOT3,1.6437949021690024,1.4167431071798113,1.4126824579512975,1.0028744246137258,0.3159214538862417,
MBOAT7,2.539514936700158,0.28715084056489315,1.2119397030199686,0.23693492328814475,0.8127072763860584,
TTYH1,4.1968144338396955,-0.6186585558038373,1.0503547112921756,-0.5889996485499135,0.5558615093691863,
PPP1R12C,1.6921950315289853,0.6974797863071087,1.324788338634288,0.5264839415978964,0.5985520065209295,
EPN1,2.1589477658203173,-0.03768418935154242,1.2531817000779075,-0.030070810441294893,0.9760105800925838,
ZSCAN5A,1.9130724534042205,-0.4493665682929143,1.3620505345134535,-0.3299191600504275,0.7414610457086703,
ZNF583,1.241884389202867,0.46488775007153244,1.5634962384018087,0.29733857917479634,0.766208030818305,
ZNF264,1.9940382781200192,-0.17238547661470577,1.2652346265636236,-0.13624783340217664,0.8916253621153418,
CTC-444N24.11,1.4606245735372188,-0.13459406951783495,1.436980703237997,-0.09366449334674404,0.9253756764433775,
ZNF586,1.8135021833076632,-0.9973997047305949,1.372272195687275,-0.7268235178597838,0.46733407425945916,
ZNF814,1.3454982878104484,-0.8679938857500422,1.6165225116375446,-0.5369513133910895,0.5913012448176036,
ZSCAN18,1.3837996537766257,1.262658632939827,1.4640495242630522,0.8624425690622742,0.3884440238087913,
TRIM28,2.4541193303194366,0.8267585059105996,1.1336721022133567,0.7292748090884961,0.46583357835667116,
CHMP2A,2.1292658154174315,1.3056805908133484,1.3026222444865068,1.0023478382468798,0.3161756254443632,
MZF1,2.0188412038247923,-0.6993221756111719,1.2846180329057513,-0.5443814096469867,0.5861790358963452,
RPS4Y1,2.7926963637627757,-0.9813071833877794,1.2559849722405017,-0.7813048763133404,0.43462320280093214,
ZFY,2.0535797109319156,0.28105529950514196,1.360583749795623,0.2065696430281194,0.8363459702475081,
PCDH11Y,1.1574914831851777,0.22425643918917856,1.5426213163637947,0.14537361620140637,0.8844158945775031,
USP9Y,3.3754229590028975,-0.4652110126061335,1.1934276476917762,-0.38981082221943164,0.6966764406131586,
DDX3Y,2.33855812604474,0.366271173450827,1.3464809730806917,0.27202105397212856,0.7856058308140249,
NLGN4Y,5.615129405667994,-0.8760525665333236,0.9586986355697568,-0.9137934842398974,0.3608253708293728,
KDM5D,0.980954335532327,-1.7749751476057676,1.9917345412867422,-0.891170540457194,0.3728376861767242,
TTTY10,1.1085398112492373,0.10192768957640025,1.6712829376757223,0.06098769231627087,0.9513690109183178,
CECR7,1.200629325144842,-0.39177549500341224,1.6313273888628428,-0.24015749240654205,0.8102081655652735,
CECR2,2.9669825402984045,-0.14961545266919188,1.0317695386776888,-0.14500859645550146,0.8847040845426015,
SLC25A18,2.235411648301673,0.5289311007847642,1.2525212554742102,0.42229311356836696,0.6728110840116384,
ATP6V1E1,2.1718105417943208,0.2675343278354075,1.2096892591629023,0.2211595463950301,0.8249682066324093,
BCL2L13,3.139992221860482,-0.47222437725078725,1.095585850045436,-0.43102453105907057,0.6664505337008939,
BID,3.1488144776681612,0.013709672182506863,0.988982622837336,0.013862399465801105,0.9889397597255979,
MICAL3,3.523948009380096,-0.7595342320142904,1.004755867186504,-0.7559390861196182,0.44968571806733826,
DGCR2,3.7058066317121905,0.8620160289268717,1.0707824953734648,0.8050337324819826,0.4208002142845537,
UFD1L,1.283268074881711,-1.1632988511382436,1.5991211559535605,-0.7274613601397608,0.4669433775347913,
COMT,6.0887505331159035,1.4324520690737277,0.8939290071100732,1.602422628285228,0.10906218428943126,
TANGO2,4.191405910546451,-0.5094269294567751,0.9555368723858189,-0.5331316291173773,0.5939424657742611,
DGCR8,1.4174867315775543,0.4501290700763924,1.4508438300108633,0.3102532889932213,0.7563683496186384,
TRMT2A,1.4384558816518729,1.2737037892581016,1.453024760838131,0.8765878074392938,0.38071056404002956,
RANBP1,1.2690284065326995,-0.17310226829174238,1.6195696383975593,-0.10688164570867968,0.914882874374067,
KLHL22,1.5316577073023605,-1.8496697951407697,1.5776217927601814,-1.1724418384869149,0.24101971024370683,
MED15,4.35078219407503,0.26374875106002277,0.8708296084097921,0.30287067471402374,0.7619884205199823,
SNAP29,2.0910129969522733,-0.12683974138745882,1.2815620222685828,-0.09897276853049287,0.9211598914878911,
LZTR1,2.3500471179884355,0.7757722796157382,1.231208557625248,0.6300900646045263,0.5286356596987551,
UBE2L3,3.5723421399436854,-0.3824994944348198,0.9707991108219561,-0.39400478448210063,0.6935775068704038,
SDF2L1,3.6140393166279607,2.934731455859562,1.1651013577409541,2.5188636476656336,0.01177342393594512,
PPIL2,2.308669249663842,-1.0281974909918428,1.285313413732153,-0.799958578200997,0.4237347966549678,
MAPK1,3.8469601379451355,-1.3036897699535424,1.0028489985923594,-1.299986111352213,0.19360572937022713,
PPM1F,2.5736885524438677,1.5171481156368303,1.1373392027742626,1.3339451519266337,0.1822218324724142,
BCR,1.905079812880243,-0.1390402256295848,1.3557633922713361,-0.10255493430652975,0.9183162113852815,
CHCHD10,4.609813243217357,-0.08774879109100407,0.8696724679543426,-0.10089866510021661,0.9196309027971333,
SMARCB1,1.9709469599914407,-0.31553229256940446,1.2912409517363437,-0.2443636039773253,0.8069492272558552,
DDT,1.7126095671335104,-1.1514676796171408,1.3897005254925343,-0.8285725294728807,0.40734633776539153,
CABIN1,2.99718353096066,-0.04894747802004263,1.0552045961800915,-0.04638671798553157,0.9630020226301299,
SNRPD3,1.767320522748314,0.34264811484711044,1.29231357567925,0.26514316749091793,0.7908991741172806,
KIAA1671,1.7668562102285008,0.30174249073672094,1.365951423773964,0.220902797482389,0.8251681191520313,
SEZ6L,1.114353641225513,0.7976984780888136,1.5990538057625987,0.49885655830598286,0.6178804398230742,
HPS4,3.792858524539682,-0.18545255801654292,0.9616064368469196,-0.1928570264407096,0.8470709410759132,
TPST2,2.4188231003978182,-1.089241018832231,1.1939395039151943,-0.9123083835155521,0.36160640234732677,
MIATNB,1.082365991965849,0.7087444899863573,1.7288906004848377,0.40994177988335534,0.6818486561966925,
PITPNB,5.219612670915597,0.17244247492747936,0.8600605825015686,0.20050038152651284,0.8410892596391687,
HSCB,2.178914034089461,-0.5589774637754102,1.2086081785557232,-0.4624968403270146,0.6437250676671532,
XBP1,2.769298736094516,0.7890567273405187,1.0513140750490002,0.7505432925015694,0.45292756000742784,
CTA-292E10.6,2.8109368814126032,0.16185525341518406,1.1124062699914452,0.14550012687040031,0.8843160155878866,
ZNRF3,3.3870506189554495,0.0034937154263660767,1.021920418311482,0.0034187744600883297,0.9972722179551574,
EMID1,1.8966052455643456,-1.364207991735756,1.3521820845182784,-1.0088937040027135,0.31302561500198334,
RHBDD3,2.652354858541426,2.118580060776326,1.295007685726107,1.6359594496062346,0.10184807442773279,
RFPL1S,0.9151894879638975,-1.057565277803411,1.949053436280051,-0.5426045577395109,0.5874021002198754,
NF2,1.2779185574252483,-2.084520836108461,1.808883346286876,-1.152379914596146,0.24916499089615296,
UQCR10,4.399157207560353,-0.8008699140961404,0.9245051628956618,-0.8662687308178131,0.38634280975947055,
ASCC2,3.98236502580653,-0.3442358904664648,0.9591901329004212,-0.3588818094130685,0.7196835083577673,
OSBP2,1.4468492177080206,0.7723747502507935,1.43297997179176,0.5389989849509458,0.5898875549468542,
TUG1,5.016267452866896,1.1384333526911143,0.9045185923569611,1.2586069123517152,0.20817234907402227,
SELM,2.6126764187580966,-0.46474393758030724,1.1619848741501713,-0.39995695978418144,0.6891882179048621,
RNF185,1.8539643998832254,0.46331986534773867,1.4336805396839076,0.3231681344087224,0.7465679122474351,
LIMK2,3.7983440009954514,1.4345371125333088,0.9692524487622174,1.4800448679446543,0.13886127312855537,
PIK3IP1,2.347093419896588,1.6670861375609782,1.2298059421857848,1.3555684522047418,0.17523651517735483,
PATZ1,1.9495622263404713,1.7734992707436557,1.4249638200717747,1.2445924912355497,0.21328158187240565,
DRG1,1.9815040371086656,-1.2294506434302517,1.3454221295490452,-0.9138028997949776,0.36082042245953383,
EIF4ENIF1,2.0073228179092095,-1.1445543861464431,1.3808878326234497,-0.8288539873452185,0.407187034678249,
SFI1,2.481727660169082,0.4603722611102138,1.1082125414618256,0.41541874314375116,0.6778353880481854,
PISD,3.2720055644884294,0.541845587290871,1.043614964635129,0.5192006684958875,0.6036208129239833,
PRR14L,3.936880093425413,0.3533829639759441,0.9318896936801072,0.3792111516765535,0.7045310710963046,
DEPDC5,1.7481956494626527,0.5618588341250675,1.3091354053252398,0.4291831325007058,0.6677899571347452,
YWHAH,5.87657445200626,-1.2254310684375618,0.8421457668086553,-1.4551294048314003,0.14563344001805478,
RTCB,5.3807401947439,-0.8921527477021632,0.9196826830549326,-0.9700658326398812,0.33201367854620456,
FBXO7,3.1798348193330743,-0.11483172464934183,1.0447833545934104,-0.10990960388532407,0.91248106589302,
TIMP3,1.741594970800308,-0.41868075672021987,1.4108216249188623,-0.29676377886842964,0.7666468606103809,
HMGXB4,1.7326085191613851,-0.5588135653812429,1.4069669247085068,-0.3971760498186673,0.6912376422506998,
TOM1,2.1878043664241527,0.30334791411439394,1.2286097980697148,0.24690338184750593,0.8049829990073499,
MYH9,5.174143858311756,0.6804708664250895,0.8296515507895731,0.8201887476465156,0.4121085156149452,
TXN2,2.181255307156663,1.441730417476216,1.261304948403214,1.1430466671056962,0.25301921579836995,
EIF3D,2.8754507492172947,1.1825621043641217,1.1268516134247717,1.0494390656903199,0.29397608626134397,
MPST,1.7820600778275626,0.6951413486554561,1.3412097478806657,0.5182942860010487,0.604252959029121,
GGA1,3.0399117881400675,0.44678905387054535,1.028729355813568,0.4343115624587221,0.664062208638822,
LGALS1,2.646221382850587,0.793020258282156,1.1253374639996325,0.7046955101482474,0.4809997460554748,
TRIOBP,1.4979646307050383,0.14194557668531696,1.4154513178163315,0.10028290969717107,0.9201197251760368,
H1F0,1.2121477110604248,0.24108071017947977,1.5798056725750664,0.1526014967312535,0.8787125446047679,
EIF3L,3.1551666954876567,-0.2188641429233197,1.0463177230170353,-0.209175605180642,0.8343111554257266,
POLR2F,5.557028845103036,0.008831971771745327,0.8595463913040592,0.010275154268690393,0.9918017573094958,
SOX10,2.588876374858499,1.1376992141623423,1.254346275532409,0.9070056940053848,0.36440378615986435,
PICK1,1.3036988371128106,0.8736353897282669,1.5311886979478255,0.57056023917833,0.5682977773238425,
BAIAP2L2,1.0880349736947317,-0.7037252272211838,1.7426264714352027,-0.4038302176378657,0.6863375740850082,
TMEM184B,1.860196885329988,0.3288422064153393,1.285145977625339,0.25587926363273206,0.7980440669351059,
CBX7,1.6310222467028364,1.1491342438343761,1.4393978776132461,0.7983437114273269,0.42467105839215324,
ATF4,3.759694946537493,0.8873118293099981,0.9348971215982553,0.9491010388320505,0.34256922611059415,
RPS19BP1,3.027081514482653,-0.23498653738071895,1.0405613504166484,-0.22582670141133784,0.8213362087463755,
SGSM3,1.8135894133638075,-0.5172973121087386,1.3966230377386857,-0.37039150732205467,0.7110908007439283,
SLC25A17,1.7499823080600614,0.4792624902183991,1.3806850122709173,0.34711935449354936,0.72850165368743,
ST13,4.931874546849207,1.045710501932457,0.8913151047755186,1.1732220135502178,0.240706786469446,
XPNPEP3,2.980845126183748,-0.3483724998104699,1.0627916672908395,-0.3277900180554724,0.7430704351656776,
RBX1,3.256346273617641,-0.4495258119691955,1.0131416548743926,-0.44369492637722696,0.6572631641437651,
CHADL,1.560637112172764,0.4031562403962687,1.5472750361828906,0.26055887348305595,0.7944327085222932,
RANGAP1,5.833809288330953,2.079805832945772,1.09458774362047,1.9000814188422976,0.05742243573106324,
ZC3H7B,2.6571201496631995,0.5299253041383352,1.1723781794153474,0.45200884274612085,0.6512626121052207,
ACO2,4.4473413293306345,1.3299628898682436,0.8967555166632,1.483083031166616,0.13805235181608563,
XRCC6,3.171160520117489,-0.20721376620840048,1.0330072080439556,-0.20059275927103049,0.8410170202630384,
SNU13,2.3709288565644666,-0.8377564808235562,1.1704715647452772,-0.715742702391811,0.47415023796633804,
WBP2NL,3.610278421038982,-0.5205625459897899,1.053351466429729,-0.4941964411500798,0.6211674528955049,
SMDT1,2.9834733612067814,0.732274125039146,1.086770554860313,0.6738074764394663,0.5004337209870247,
NDUFA6,0.6213563147268054,-1.345955813263419,2.4286574395005633,-0.5541974719745596,0.5794437082567256,
TCF20,3.345173045342762,-0.5668788246290629,1.0691919955282356,-0.5301936668063024,0.5959776616207542,
CYB5R3,1.4227875200908546,-2.413715906665959,1.8057259891973851,-1.3367010947983395,0.18132022443571605,
ARFGAP3,2.13767519665801,1.5416268969541316,1.2512913132932129,1.2320287694612044,0.2179383374779702,
TSPO,4.224628519914828,0.8989575882144865,0.879058349711571,1.022636993903129,0.30647951159383546,
PARVB,4.065074729909529,1.6366229681143944,0.9357141514915414,1.7490629649082412,0.08028013609751239,
NUP50-AS1,4.15739647802141,0.43237710105044747,0.9060341914045872,0.4772194086628797,0.6332058918629345,
NUP50,1.8713927350793147,0.4446621845592444,1.29837047991579,0.3424771214669671,0.7319918586042783,
FAM118A,4.624406575016253,-1.8607319496748838,1.0602418902016815,-1.7550070100710051,0.07925810869823734,
MIRLET7BHG,4.663092397275451,-0.4979900477399892,0.8737489650382734,-0.5699463663664258,0.5687140755869803,
PPARA,2.9048455562222046,-0.6635437601121337,1.0839697052150985,-0.6121423476318121,0.5404435815732018,
TRMU,1.985596394562852,-0.1935307281725861,1.3712067927649403,-0.14113898005299788,0.8877601502222329,
FAM19A5,1.576721057310433,0.6730558413621389,1.6036610446712045,0.41969956406849945,0.6747049436034466,
ZBED4,1.3681252934192136,-0.7223045517290717,1.500681157792507,-0.48131779890644955,0.6302906488460122,
MLC1,1.5854885853785567,0.011039301084872024,1.3797771897653226,0.008000785320091882,0.9936163650243487,
TRABD,4.0235489049928415,0.1999940192493172,0.962339825179481,0.20782057856954778,0.8353690640257813,
SELO,5.721561056284948,0.9639097090584775,0.8642655894989277,1.115293401438463,0.26472471214503857,
TUBGCP6,1.4748317395696422,0.12357168776120875,1.4011040092909355,0.08819594187282738,0.929720942666261,
PLXNB2,2.901763236509538,1.0336033624907508,1.0593534284308506,0.9756926581355935,0.3292167916056302,
DENND6B,1.1085398112492373,0.10192768957640025,1.6712829376757223,0.06098769231627087,0.9513690109183178,
ARSA,1.834880918162239,-1.694980645389754,1.489461051310288,-1.137982523207753,0.2551277801169648,
CH507-513H4.1,4.326621112896194,1.760065918853234,0.9775262093767604,1.8005306680988082,0.07177688557571288,
CH507-528H12.1,3.8428366913492997,0.8722691876985845,0.9939921010052328,0.8775413675988483,0.3801926599815988,
bP-21264C1.2,1.360524804845529,-1.0806519052654162,1.5485758275732695,-0.6978359638732552,0.48527978510329384,
HSPA13,1.168135790358547,-0.39141948336808446,1.5548499107352867,-0.2517410077111447,0.8012412579337727,
AJ006998.2,1.900154949690661,-2.2299065937945945,1.5573999931378786,-1.4318136661229446,0.15219715511112117,
CXADR,3.9591002232634707,-0.13984084179157677,0.9536378985027472,-0.1466393502304522,0.8834166924096024,
BTG3,1.3717622276016739,-1.2780877027921715,1.6655707268042244,-0.767357208087148,0.44286916345135263,
LINC00320,2.022936451730672,0.04815278517693297,1.2168093518896237,0.03957299070898404,0.9684335608576798,
JAM2,2.7963464526779744,-0.28103870661042984,1.0908242851843777,-0.25763884287094596,0.7966856491456024,
ATP5J,4.3232063665419735,0.09474500200018124,0.8760859799799068,0.10814578039743797,0.9138800535731714,
GABPA,1.6145225365463733,1.179274956471299,1.4374839364738035,0.8203743544878145,0.4120027306484729,
LTN1,3.1728183756519357,-0.524748589680558,1.051313700104891,-0.49913607102066987,0.6176835276580918,
USP16,5.7372545827840655,0.035027954034851455,0.8186094003779514,0.042789581965072813,0.9658692687720649,
CCT8,3.5677155168307677,0.5828465405927395,1.0121548161622398,0.5758472234541185,0.5647184509833001,
SOD1,6.168354690856056,0.32728659654935244,0.8375587193061452,0.3907625686477062,0.695972745344448,
SCAF4,2.408552985236425,-0.9146357276194412,1.261622699571975,-0.7249677165207518,0.4684718360005331,
EVA1C,3.4498223280721074,-1.0406178807991575,1.1139399188167207,-0.9341777444375551,0.3502122138966648,
SYNJ1,3.78537776833873,-0.5397791633468935,0.9626146031809468,-0.560742753707663,0.5749729170455846,
PAXBP1,3.4887656944769603,-0.6839069803672585,1.0712242630292828,-0.6384349234522178,0.5231906033786293,
C21orf62-AS1,1.6512594317433802,-1.6933171946273042,1.493273350689877,-1.1339633121055894,0.2568099377052019,
OLIG1,4.81493355974781,1.5092369510462187,1.0039627335915364,1.5032798534733796,0.13276689307665193,
IFNAR2,4.421016481561316,0.38306080403619974,0.9269868562879914,0.4132321849417814,0.6794365096704502,
IL10RB,2.34249517691577,0.5641448903531452,1.1492506788218433,0.4908806240005701,0.6235108820123375,
IFNAR1,4.622689212066078,1.3909241358495275,0.9510444998306963,1.4625226643938722,0.14359803824207693,
TMEM50B,3.083166254127763,0.4665022438475516,1.0476820914856513,0.44527080078846676,0.656124066559393,
GART,2.45822057702171,0.5791340281645673,1.1896498790483605,0.48681047959071405,0.6263926431565474,
ITSN1,3.472591073583564,0.4281938695821962,1.0339052212001894,0.41415195590668885,0.678762824603877,
MRPS6,2.052673129873114,0.19359662245508547,1.1938571411308019,0.16216062691698097,0.8711793645314897,
RCAN1,1.5343731723815388,0.7124643719087981,1.4822603394085507,0.48066075369262357,0.6307576287040959,
SETD4,1.6894219482585582,-3.73807598597622,2.1756546422160454,-1.7181384919477602,0.08577135735332651,
CBR1,4.413812822370301,-0.1957621087559278,1.0287672670688217,-0.19028804183641648,0.8490834236869064,
DOPEY2,4.267643557607925,0.030684115536367167,0.9148871162073999,0.033538690175861266,0.9732450128764271,
HLCS,4.8626591608231235,-0.6734308506335683,0.8846447987388725,-0.7612443452938339,0.4465111357201774,
DSCR3,2.0624433583042703,-0.9973314903067924,1.278919707587674,-0.7798233809282528,0.43549484209449607,
HMGN1,4.011270329824122,-1.9656444566515086,1.0674429650790431,-1.8414515069720416,0.0655554207114997,
WRB,1.6877255916111296,0.05610683921350344,1.3637753734853582,0.04114082150502025,0.967183631281613,
C2CD2,3.3804174379765164,-0.03624323477619173,0.9594314622133091,-0.037775741367270084,0.9698664861479316,
ABCG1,3.3593034396548043,-1.455211768875713,1.133307231937254,-1.284039956568707,0.19912797513608982,
SLC37A1,2.5395857096241454,2.1029274719670634,1.2311890863452573,1.7080459007393671,0.0876278258639628,
PDE9A,1.7015009474403282,-0.8140720474385604,1.398154180126519,-0.5822476941455019,0.5603998518879577,
NDUFV3,2.688495192456075,1.2166278028756363,1.1483789708951768,1.059430583204827,0.2894037275667223,
PKNOX1,2.431021831952321,-0.16394126688583735,1.1585027833402894,-0.14151132758882853,0.8874660119717958,
RRP1B,1.3952693107490461,-1.3720728426926085,1.558061013705329,-0.8806284417768664,0.3785189592248134,
PDXK,4.278224247793651,-0.12047536901931474,0.9358725000753568,-0.12873053648826527,0.8975708718157993,
CSTB,4.136904989254361,-0.316236264187309,0.9056371014794833,-0.3491865159573226,0.7269492885696143,
AGPAT3,3.081721285225742,0.8127843026494292,1.0905596747581785,0.7452909927461389,0.45609582508558866,
TRAPPC10,4.989796187762509,-0.573940837926082,0.8723194672614945,-0.657947987482013,0.5105715536162289,
PFKL,2.5473787741611726,-0.2956463601977376,1.1521458469952979,-0.2566049784137652,0.7974837314479248,
C21orf2,1.1085398112492373,0.10192768957640025,1.6712829376757223,0.06098769231627087,0.9513690109183178,
UBE2G2,4.735589834913891,-0.47887765201269133,0.8761800108453719,-0.5465516744106635,0.5846867773036281,
COL18A1,2.2811510403220336,-0.49297363564365154,1.187925274487719,-0.4149870755601539,0.678151364509907,
PCBP3,1.263317851796999,1.2801254757324143,1.5332203838776306,0.8349259435847571,0.40375940642690544,
LSS,2.3052452402557875,0.599433976236618,1.139298200137592,0.5261431784621664,0.5987887301364592,
MCM3AP-AS1,1.5215589439085548,0.5729197677653248,1.4584901329814286,0.39281703373211646,0.6944546228219382,
MCM3AP,3.8916077229344146,-0.19943095190755433,0.9806833851600235,-0.20335916252421476,0.8388543164395725,
YBEY,1.381548682659404,1.2462384449568022,1.5237539785672487,0.8178737922828014,0.4134292565179375,
PCNT,1.5654896333506823,-0.605154212068793,1.3835796192113916,-0.4373830054057294,0.6618336068952689,
S100B,5.698228601775177,-1.9010488164444417,1.0586616403556377,-1.7957095487145636,0.0725407224610572,
MT-ND4L,2.5276295147089436,2.2370557884403737,1.2721419071500182,1.7584954759112166,0.0786632406748505,
MT-ND5,2.8196539853678027,2.4707285659519007,1.2727791085854885,1.941207668546478,0.05223309334590501,
AL592183.1,5.473239474861905,-0.713746808736061,0.9010663122829051,-0.7921135203997817,0.4282944872357224,
